{
    "meta": {
        "text_raw": "\"백엔드 개발의 시작, 학부연구생\"\n저는 학부 3학년부터 1년 6개월간 연구실에서 학부 연구생을 했습니다. 당시 저는 딱히 관심 있는 기술 분야도 없었으며, 어떤 분야들이 있는지도 잘 알지 못했습니다. 하지만 연구실의 다른 구성원분들은 다양한 개발 경험을 해보고, 그 경험을 바탕으로 관심있는 분야에서의 경험을 확장해나가고 있었습니다. 저는 그 모습을 보고 스스로에 대한 반성을 하게 되었고, 석사 선배와 꾸준히 대화하면서 다양한 기술 분야를 알게 되었고, 연구실 홈페이지를 개발/관리 하는 역할을 맡게 되었습니다. 당시에 저는 백엔드를 처음 알게 되었고 검색하고 스스로 공부해 보며 스프링부트로 개발을 해나갔습니다.\n\n또한 데이터베이스와 연동하여 백오피스 기능도 개발했습니다. 이러한 과정에서 백엔드에 대한 흥미를 키울 수 있었습니다. 또한 연구실 서버 구축과 홈페이지 배포를 하는 것도 옆에서 보고 배울 수 있었습니다.\n이러한 백엔드에 대한 흥미를 바탕으로 졸업 프로젝트에서도 백엔드를 맡아 개발했고, 보고 배웠던 배포 과정도 직접 온 프레미스 환경에서 구축하여 배포를 할 수 있었습니다. 그리고 현재도 꾸준히 백엔드 관련하여 다양한 기술을 접해보고 공부하고 있습니다."
    },
    "anno_text_data": {
        "data": [
            {
                "index": 0,
                "raw": "\"백엔드 개발의 시작, 학부연구생\"\n저는 학부 3학년부터 1년 6개월간 연구실에서 학부 연구생을 했습니다. 당시 저는 딱히 관심 있는 기술 분야도 없었으며, 어떤 분야들이 있는지도 잘 알지 못했습니다. 하지만 연구실의 다른 구성원분들은 다양한 개발 경험을 해보고, 그 경험을 바탕으로 관심있는 분야에서의 경험을 확장해나가고 있었습니다. 저는 그 모습을 보고 스스로에 대한 반성을 하게 되었고, 석사 선배와 꾸준히 대화하면서 다양한 기술 분야를 알게 되었고, 연구실 홈페이지를 개발/관리 하는 역할을 맡게 되었습니다. 당시에 저는 백엔드를 처음 알게 되었고 검색하고 스스로 공부해 보며 스프링부트로 개발을 해나갔습니다.\n\n또한 데이터베이스와 연동하여 백오피스 기능도 개발했습니다. 이러한 과정에서 백엔드에 대한 흥미를 키울 수 있었습니다. 또한 연구실 서버 구축과 홈페이지 배포를 하는 것도 옆에서 보고 배울 수 있었습니다.\n이러한 백엔드에 대한 흥미를 바탕으로 졸업 프로젝트에서도 백엔드를 맡아 개발했고, 보고 배웠던 배포 과정도 직접 온 프레미스 환경에서 구축하여 배포를 할 수 있었습니다. 그리고 현재도 꾸준히 백엔드 관련하여 다양한 기술을 접해보고 공부하고 있습니다.",
                "class": "유연한 사고를 가진,지속적인 성장을 추구하는,적응력이 높은,고도의 자기주도성을 가진,고도의 책임감을 가진"
            }
        ]
    }
}