{
    "meta": {
        "text_raw": "**즐거움과 열정을 갖고 배울 수 있는 개발자**\n\n대학생 때 자바를 접한 후 처음에는 취업을 위해 여러 활동을 해 보았습니다.\n그러던 중 그동안 배운 내용들을 토대로 코드를 한 땀 한 땀 짜면서 프로젝트를 진행해 보았는데, 원하는 결과물을 하나씩 만들 수 있다는 것이 인상 깊었습니다.\n이후로 강의를 듣거나 지식을 쌓은 후 다시 코드를 수정하면서 같은 결과여도 다른 방식이 있을 수 있고, 그 코드를 잘 만들어 내는 것의 중요성을 알았습니다.\n그렇게 하나의 결과물을 만들기 위한 많은 길이 존재하며, 어떤 식으로 구현하는지에 따라 성능을 향상시킬 수 있다는 것을 알게 된 후 계속해서 이를 배워나가 최고의 실력을 갖고 싶다는 마음을 가지게 되었습니다.\n\n그리고 운이 좋게도 이런 마음가짐을 갖게 되자, 개발 자체가 재미있어졌고 단순히 공부나 일이 아닌, 취미로서 즐길 수 있게 되었습니다.\n좋아하는 것에 있어서 잘 하고 싶고, 완벽해지고 싶어 하는 성미이기에 개발에 취미를 갖게 된 이후 지금까지 끊임없이 노력할 수 있었습니다.\n앞으로도 개발자로서 제가 가진 열정이라는 원동력을 놓치지 않고, 더욱 발전해 나가겠습니다."
    },
    "anno_text_data": {
        "data": [
            {
                "index": 0,
                "raw": "**즐거움과 열정을 갖고 배울 수 있는 개발자**\n\n대학생 때 자바를 접한 후 처음에는 취업을 위해 여러 활동을 해 보았습니다.\n그러던 중 그동안 배운 내용들을 토대로 코드를 한 땀 한 땀 짜면서 프로젝트를 진행해 보았는데, 원하는 결과물을 하나씩 만들 수 있다는 것이 인상 깊었습니다.\n이후로 강의를 듣거나 지식을 쌓은 후 다시 코드를 수정하면서 같은 결과여도 다른 방식이 있을 수 있고, 그 코드를 잘 만들어 내는 것의 중요성을 알았습니다.\n그렇게 하나의 결과물을 만들기 위한 많은 길이 존재하며, 어떤 식으로 구현하는지에 따라 성능을 향상시킬 수 있다는 것을 알게 된 후 계속해서 이를 배워나가 최고의 실력을 갖고 싶다는 마음을 가지게 되었습니다.\n\n그리고 운이 좋게도 이런 마음가짐을 갖게 되자, 개발 자체가 재미있어졌고 단순히 공부나 일이 아닌, 취미로서 즐길 수 있게 되었습니다.\n좋아하는 것에 있어서 잘 하고 싶고, 완벽해지고 싶어 하는 성미이기에 개발에 취미를 갖게 된 이후 지금까지 끊임없이 노력할 수 있었습니다.\n앞으로도 개발자로서 제가 가진 열정이라는 원동력을 놓치지 않고, 더욱 발전해 나가겠습니다.",
                "class": "문제해결능력이 뛰어난,지속적인 성장을 추구하는,적응력이 높은,목표를 달성하는 능력을 갖춘,긍정적인 태도를 갖춘"
            }
        ]
    }
}