{
    "meta": {
        "text_raw": "\"성공과 실패는 한 끗 차이\"\n주어진 업무에 대해 끝까지 도전하여 문제점을 해결한 경험이 있습니다. 저는 한국전자통신연구원에서 인턴으로 근무하며 아두이노 센서의 기울기 데이터를 가져와 그래픽으로 기울기를 나타내는 연구를 진행했습니다. 하지만 받아온 데이터 값을 로그로 찍어보면 알맞은 값을 수신하지만 그래픽 상에 나타나는 기울기는 일치하지 않았습니다. 처음 맡은 업무이자 스스로 해결하고 싶어 이틀 동안 해당 문제를 해결하기 위해 다양한 접근 방법과 테스트를 진행하며 문제를 해결했습니다. 그 결과 아두이노 센서의 데이터 전송 주기가 길어 그래프 표현에 어려움이 있다는 것을 알게 되었습니다. 데이터 전송 주기에 대한 아주 작은 차이였지만 그 미세한 차이가 프로그램 결과의 성공과 실패를 가른다는 것을 알았습니다. 또한 다양한 방법으로 접근하며 끝까지 매달리면 오류를 해결할 수 있다는 점도 깨달았습니다. 이러한 경험을 통해 한미약품의 이커머스 개발 직무를 수행하면서 부딪히는 문제점을 다양한 시각에서 바라보면서 포기하지 않고 해결하겠습니다."
    },
    "anno_text_data": {
        "data": [
            {
                "index": 0,
                "raw": "성공과 실패는 한 끗 차이\"\n주어진 업무에 대해 끝까지 도전하여 문제점을 해결한 경험이 있습니다. 저는 한국전자통신연구원에서 인턴으로 근무하며 아두이노 센서의 기울기 데이터를 가져와 그래픽으로 기울기를 나타내는 연구를 진행했습니다. 하지만 받아온 데이터 값을 로그로 찍어보면 알맞은 값을 수신하지만 그래픽 상에 나타나는 기울기는 일치하지 않았습니다. 처음 맡은 업무이자 스스로 해결하고 싶어 이틀 동안 해당 문제를 해결하기 위해 다양한 접근 방법과 테스트를 진행하며 문제를 해결했습니다. 그 결과 아두이노 센서의 데이터 전송 주기가 길어 그래프 표현에 어려움이 있다는 것을 알게 되었습니다. 데이터 전송 주기에 대한 아주 작은 차이였지만 그 미세한 차이가 프로그램 결과의 성공과 실패를 가른다는 것을 알았습니다. 또한 다양한 방법으로 접근하며 끝까지 매달리면 오류를 해결할 수 있다는 점도 깨달았습니다. 이러한 경험을 통해 한미약품의 이커머스 개발 직무를 수행하면서 부딪히는 문제점을 다양한 시각에서 바라보면서 포기하지 않고 해결하겠습니다.",
                "class": "문제해결능력이 뛰어난,적극적인,고도의 책임감을 가진,목표를 달성하는 능력을 갖춘"
            }
        ]
    }
}