{
    "meta": {
        "text_raw": "\"사람을 향하는 기술\"\n삼성전자는 항상 혁신을 이뤄왔으며 우리나라를 대표할 뿐만 아니라 글로벌 기업으로 인정받고 있습니다. 이러한 입지는 결국 삼성전자가 많은 사람에게 선택받았다는 방증이기도 합니다. 즉, 사용자를 위한 제품을 꾸준히 개발하고 사용자를 위한 방향으로 기술을 발전시켜나가고 있다고 생각했습니다.\n\n저도 사람을 향하는 서비스를 만드는 개발자가 되고 싶습니다. 프로젝트를 하면서 가장 어려웠던 부분은 항상 주제를 정하는 것이었습니다. 그동안은 뭘 만들까가 아니라 어떤 기술을 이용해서 만들까에 초점을 맞췄기 때문에 이러한 어려움이 있었습니다. 하지만 졸업 프로젝트를 할 때는 처음으로 사용자 관점에서 생각하여 프로젝트를 진행하게 되었습니다.\n사용자는 다양하고 그들의 필요한 부분도 다양할 것입니다. 하지만 결국 필요한 부분이라면, 놓치지 않고 그 필요를 충족시키는 서비스를 개발하고 싶습니다. 더 나아가 약자도 소외되지 않는, 기술로 인해 소외되는 사람이 없는 그런 서비스를 만들어가고 싶습니다."
    },
    "anno_text_data": {
        "data": [
            {
                "index": 0,
                "raw": "\"사람을 향하는 기술\"\n삼성전자는 항상 혁신을 이뤄왔으며 우리나라를 대표할 뿐만 아니라 글로벌 기업으로 인정받고 있습니다. 이러한 입지는 결국 삼성전자가 많은 사람에게 선택받았다는 방증이기도 합니다. 즉, 사용자를 위한 제품을 꾸준히 개발하고 사용자를 위한 방향으로 기술을 발전시켜나가고 있다고 생각했습니다.\n\n저도 사람을 향하는 서비스를 만드는 개발자가 되고 싶습니다. 프로젝트를 하면서 가장 어려웠던 부분은 항상 주제를 정하는 것이었습니다. 그동안은 뭘 만들까가 아니라 어떤 기술을 이용해서 만들까에 초점을 맞췄기 때문에 이러한 어려움이 있었습니다. 하지만 졸업 프로젝트를 할 때는 처음으로 사용자 관점에서 생각하여 프로젝트를 진행하게 되었습니다.\n사용자는 다양하고 그들의 필요한 부분도 다양할 것입니다. 하지만 결국 필요한 부분이라면, 놓치지 않고 그 필요를 충족시키는 서비스를 개발하고 싶습니다. 더 나아가 약자도 소외되지 않는, 기술로 인해 소외되는 사람이 없는 그런 서비스를 만들어가고 싶습니다.",
                "class": "유연한 사고를 가진,창의력을 가진,다양성을 존중하는,비전을 제시하는,적응력이 높은,고도의 자기주도성을 가진"
            }
        ]
    }
}