{
    "meta": {
        "text_raw": "\"최적화를 고민하는 개발자\"\n저는 웹 백엔드 개발 역량을 갖추었고 쇼핑몰 개발 프로젝트 경험이 있어 해당 직무에 적합하다고 생각합니다. 개발자로서 역량을 더욱 갖추기 위해 백엔드 교육과정을 수료했습니다. 실제 현업에서 사용하는 기술을 학습하며 Spring Boot를 사용하여 MVC\n패턴을 적용한 커머스 웹 개발 프로젝트를 진행했습니다. 많은 거래가 이루어지는 커머스 사이트에서 실시간으로 매출을 집계할 경우 조회 시간이 오래 걸리며 서버에 과부하가 발생하는 문제점이 나타났습니다. 이 문제를 해결하기 위해 Spring Batch를 사용했습니다.\n\n스케줄러를 사용해 전날 매출을 당일 새벽에 집계하도록 구성했습니다. 또한 로그인 기능을 개발할 때 세션을 사용하여 사용자 구분 및 로그인 유지를 합니다. 하지만 사용자 인증이 필요한 로직마다 세션 체크 코드가 들어가 중복이 발생하고 유지 보수가 어려워졌습니다. 그래서 인터셉터를 구현하여 요청이 컨트롤러에 들어가기 전 세션 체크하도록 구현했습니다. 또한 원하는 로직에만 세션 체크를 하기 위해 커스텀 어노테이션을 제작해 해결했습니다. 기존 문제점을 개선하여 더 나은 코드를 작성한 것처럼 한미약품에 입사하여 새로운 기술이나 프로세스에 대한 탐구와 학습을 통해 한미약품의 인재가 되겠습니다."
    },
    "anno_text_data": {
        "data": [
            {
                "index": 0,
                "raw": "\"최적화를 고민하는 개발자\"\n저는 웹 백엔드 개발 역량을 갖추었고 쇼핑몰 개발 프로젝트 경험이 있어 해당 직무에 적합하다고 생각합니다. 개발자로서 역량을 더욱 갖추기 위해 백엔드 교육과정을 수료했습니다. 실제 현업에서 사용하는 기술을 학습하며 Spring Boot를 사용하여 MVC\n패턴을 적용한 커머스 웹 개발 프로젝트를 진행했습니다. 많은 거래가 이루어지는 커머스 사이트에서 실시간으로 매출을 집계할 경우 조회 시간이 오래 걸리며 서버에 과부하가 발생하는 문제점이 나타났습니다. 이 문제를 해결하기 위해 Spring Batch를 사용했습니다.\n\n스케줄러를 사용해 전날 매출을 당일 새벽에 집계하도록 구성했습니다. 또한 로그인 기능을 개발할 때 세션을 사용하여 사용자 구분 및 로그인 유지를 합니다. 하지만 사용자 인증이 필요한 로직마다 세션 체크 코드가 들어가 중복이 발생하고 유지 보수가 어려워졌습니다. 그래서 인터셉터를 구현하여 요청이 컨트롤러에 들어가기 전 세션 체크하도록 구현했습니다. 또한 원하는 로직에만 세션 체크를 하기 위해 커스텀 어노테이션을 제작해 해결했습니다. 기존 문제점을 개선하여 더 나은 코드를 작성한 것처럼 한미약품에 입사하여 새로운 기술이나 프로세스에 대한 탐구와 학습을 통해 한미약품의 인재가 되겠습니다.",
                "class": "문제해결능력이 뛰어난"
            }
        ]
    }
}