{
    "meta": {
        "text_raw": "저는 지치지 않는 열정으로 끝내 결과를 만들어 내는 사람과 가장 비슷합니다. 저는 이전에 제가 일했었던 VR카페에서 이와 같은 성취를 경험했던 적이 있습니다. 제가 VR카페에서 아르바이트로 일을 시작했을 때 그 가게는 아직 인테리어 시공도 시작하지 않았던 상황이었습니다. 설상가상으로 사장님과 인테리어 시공업자들간 마찰이 생겨 시공사가 현장에 나오지 않는 상황이었습니다. 페인트칠과 실내 인테리어 장식, 전기 배선작업등 매일 고된 일들의 연속이었고 철야작업도 심심치 않게 했었습니다.\n\n그 상황에서 도망친 사람도 많았지만 저는 오히려 스스로 가게 내부부터 들어오는 컨텐츠들을 전부 만들어갈 수 있다는 생각에 열정적으로 시키는 일 뿐 만이 아니라 제가 더 할 수 있는 일들을 찾아서 해 나갔고, 약 4개월 이후 2019년 2월에 매장을 오픈하며 첫 날 매출 212만원을 달성할 수 있었습니다. 또한 오픈 이후에도 매너리즘에 빠져 같은 컨텐츠만 계속 사용한 게 아니라 지속적으로 고객들의 피드백을 받아 매장 내 컨텐츠 다양화를 꾀했던 경험이 있습니다."
    },
    "anno_text_data": {
        "data": [
            {
                "index": 0,
                "raw": "저는 지치지 않는 열정으로 끝내 결과를 만들어 내는 사람과 가장 비슷합니다. 저는 이전에 제가 일했었던 VR카페에서 이와 같은 성취를 경험했던 적이 있습니다. 제가 VR카페에서 아르바이트로 일을 시작했을 때 그 가게는 아직 인테리어 시공도 시작하지 않았던 상황이었습니다. 설상가상으로 사장님과 인테리어 시공업자들간 마찰이 생겨 시공사가 현장에 나오지 않는 상황이었습니다. 페인트칠과 실내 인테리어 장식, 전기 배선작업등 매일 고된 일들의 연속이었고 철야작업도 심심치 않게 했었습니다.\n\n그 상황에서 도망친 사람도 많았지만 저는 오히려 스스로 가게 내부부터 들어오는 컨텐츠들을 전부 만들어갈 수 있다는 생각에 열정적으로 시키는 일 뿐 만이 아니라 제가 더 할 수 있는 일들을 찾아서 해 나갔고, 약 4개월 이후 2019년 2월에 매장을 오픈하며 첫 날 매출 212만원을 달성할 수 있었습니다. 또한 오픈 이후에도 매너리즘에 빠져 같은 컨텐츠만 계속 사용한 게 아니라 지속적으로 고객들의 피드백을 받아 매장 내 컨텐츠 다양화를 꾀했던 경험이 있습니다.",
                "class": "문제해결능력이 뛰어난,지속적인 성장을 추구하는,적극적인,고도의 자기주도성을 가진,비즈니스 마인드를 갖춘"
            }
        ]
    }
}