{
    "meta": {
        "text_raw": "\"함께 하기에 이룰 수 있는 목표\"\n\n조직 문화에 있어 가장 중요한 요소 중 하나는 모두가 함께 하는 것이라 생각합니다. 조직의 목표 달성은 구성원 모두가 같은 목표를 향해서, 책임감을 가지고 각자가 맡은 역할을 성실히 수행하는 것이 바탕이 된다 생각합니다.\n이러한 모두가 함께하는, 공사의 Together 조직문화와 관련하여 입학 후 가장 오랜 시간 몸담았던 야구 동아리에서의 경험이 떠오릅니다. 평소 야구 경기는 즐겨 관람했지만 실제 경기를 해본 적은 없었기에 매 주말과 방학동안 연습에 매진하였습니다.\n\n비록 대회에서 예선까지는 몇 차례 선수로 뛰었지만, 본선에서는 실력이 뛰어난 팀원들에게 자리를 양보할 수밖에 없었습니다. 대신 선수들을 위해 연습 장소를 예약하고 장비를 점검하거나 팀의 훈련을 돕는 등 팀의 경기와 연습을 지원하는 역할을 맡았습니다. 마지막 경기까지 저희 팀은 불참하는 사람 없이 성실히 자신의 역할을 수행했고, 팀의 교내대회 우승의 순간까지 함께할 수 있었습니다.\n\n대회를 성공적으로 마친 이후 팀의 감독을 맡았던 선배는 경기는 선수들만으로 진행할 수 없다는 말을 하였습니다. 같은 목표를 위해 각자의 자리에서 최선을 다해준 팀원들이 있었기에 좋은 결과를 이룰 수 있다며, 저희에게 박수를 보내주었습니다. 저 역시 팀에 대한 강한 자부심과 소속감을 느낄 수 있었습니다.\n\n조직의 모든 구성원이 조직의 목표를 위해서 다같이 함께하는 것이 목표 달성의 지름길이라는 점을 다시 한 번 느낄 수 있었습니다. 한국주택금융공사에서도 제가 배치받은 부서의 목표, 나아가 주거복지를 실현하는 공사의 목표를 늘 가슴에 간직한 채 함께 움직이는 조직원의 모습을 보여드리고 싶습니다."
    },
    "anno_text_data": {
        "data": [
            {
                "index": 0,
                "raw": "\"함께 하기에 이룰 수 있는 목표\"\n\n조직 문화에 있어 가장 중요한 요소 중 하나는 모두가 함께 하는 것이라 생각합니다. 조직의 목표 달성은 구성원 모두가 같은 목표를 향해서, 책임감을 가지고 각자가 맡은 역할을 성실히 수행하는 것이 바탕이 된다 생각합니다.\n이러한 모두가 함께하는, 공사의 Together 조직문화와 관련하여 입학 후 가장 오랜 시간 몸담았던 야구 동아리에서의 경험이 떠오릅니다. 평소 야구 경기는 즐겨 관람했지만 실제 경기를 해본 적은 없었기에 매 주말과 방학동안 연습에 매진하였습니다.\n\n비록 대회에서 예선까지는 몇 차례 선수로 뛰었지만, 본선에서는 실력이 뛰어난 팀원들에게 자리를 양보할 수밖에 없었습니다. 대신 선수들을 위해 연습 장소를 예약하고 장비를 점검하거나 팀의 훈련을 돕는 등 팀의 경기와 연습을 지원하는 역할을 맡았습니다. 마지막 경기까지 저희 팀은 불참하는 사람 없이 성실히 자신의 역할을 수행했고, 팀의 교내대회 우승의 순간까지 함께할 수 있었습니다.\n\n대회를 성공적으로 마친 이후 팀의 감독을 맡았던 선배는 경기는 선수들만으로 진행할 수 없다는 말을 하였습니다. 같은 목표를 위해 각자의 자리에서 최선을 다해준 팀원들이 있었기에 좋은 결과를 이룰 수 있다며, 저희에게 박수를 보내주었습니다. 저 역시 팀에 대한 강한 자부심과 소속감을 느낄 수 있었습니다.\n\n조직의 모든 구성원이 조직의 목표를 위해서 다같이 함께하는 것이 목표 달성의 지름길이라는 점을 다시 한 번 느낄 수 있었습니다. 한국주택금융공사에서도 제가 배치받은 부서의 목표, 나아가 주거복지를 실현하는 공사의 목표를 늘 가슴에 간직한 채 함께 움직이는 조직원의 모습을 보여드리고 싶습니다.",
                "class": "고도의 책임감을 가진,목표를 달성하는 능력을 갖춘"
            }
        ]
    }
}