{
    "meta": {
        "text_raw": "\"전통을 고집하지 않고 최고의 점수를 얻다\"\n\n국제OOOOO연맹에서 주최한 대회에 출전한 때였습니다. 제가 출전한 OOOO 종목은 골프경기장을 구현한 필드에서 로봇이 골프를 하여 점수를 얻는 경기였습니다. 그 당시 한국을 포함한 다른 국가의 출전자들은 중국 학생들의 전략과 방식을 분석한 뒤 모방하여 경기를 운영하는 것이 암묵적으로 따르던 전통이었습니다. 물론 중국 학생들의 방식이 정석이라 불리고 그 전략을 100점의 기준으로 잡아 모방하는 기존의 방식도 높은 점수를 받을 수 있습니다. 하지만 모방하는 데에서 끝난다면 중국 학생들의 점수가 한계점이 되어 더 높은 점수를 받을 수 없다고 생각하였습니다.\n\n그래서 저는 중국 학생들을 모방하지 않고 피타고라스의 법칙을 응용하여 각도가 달라지는 지점에서의 최단 거리를 구해 로봇의 스윙 시도 횟수를 줄여 기록단축에 성공하여 올림피아드 우승을 할 수 있었습니다. 예전 방식을 고집하지 않고 좀 더 효율적인 방법을 찾아 개선한 경험이었습니다."
    },
    "anno_text_data": {
        "data": [
            {
                "index": 0,
                "raw": "\"전통을 고집하지 않고 최고의 점수를 얻다\"\n\n국제OOOOO연맹에서 주최한 대회에 출전한 때였습니다. 제가 출전한 OOOO 종목은 골프경기장을 구현한 필드에서 로봇이 골프를 하여 점수를 얻는 경기였습니다. 그 당시 한국을 포함한 다른 국가의 출전자들은 중국 학생들의 전략과 방식을 분석한 뒤 모방하여 경기를 운영하는 것이 암묵적으로 따르던 전통이었습니다. 물론 중국 학생들의 방식이 정석이라 불리고 그 전략을 100점의 기준으로 잡아 모방하는 기존의 방식도 높은 점수를 받을 수 있습니다. 하지만 모방하는 데에서 끝난다면 중국 학생들의 점수가 한계점이 되어 더 높은 점수를 받을 수 없다고 생각하였습니다.\n\n그래서 저는 중국 학생들을 모방하지 않고 피타고라스의 법칙을 응용하여 각도가 달라지는 지점에서의 최단 거리를 구해 로봇의 스윙 시도 횟수를 줄여 기록단축에 성공하여 올림피아드 우승을 할 수 있었습니다. 예전 방식을 고집하지 않고 좀 더 효율적인 방법을 찾아 개선한 경험이었습니다.",
                "class": "창의력을 가진,유연한 사고를 가진,문제해결능력이 뛰어난,적극적인"
            }
        ]
    }
}