{
    "meta": {
        "text_raw": "지난 1년간 OOO에서 품질주간회의를 담당했습니다. 품질회의는 저뿐만 아니라 팀원들도 처음으로 수행하는 업무였고 저는 팀원들과 함께 새 업무에 적응할 수 있도록 노력했습니다.\n가장 먼저 팀원들에게 불량제품에 대한 인터뷰를 진행했습니다. 팀원들이 바쁘다는 핑계로 적극적이지 않을 때면 인터뷰 시간을 팀원 스케줄에 맞춰 참여할 수 있도록 유도했습니다. 두번째로 인터뷰자료를 활용하여 회의 자료를 만들고 미리 배포한 후 주간 회의를 진행했습니다. 회의 전 진행한 인터뷰를 통해 팀원들은 불량제품을 미리 숙지할 수 있었고 덕분에 회의시간을 절반으로 줄일 수 있었습니다.\n품질은 다른 부서와의 협업 또는 고객과의 협업이 필수적이기 때문에 의사소통능력과 유연한 자세가 중요하다고 생각합니다. 동료와 상사와의 의사소통을 어려워하지 않고 협업하여 고객품질 만족도를 상승시킬 수 있는 최고의 인재가 되도록 노력하겠습니다."
    },
    "anno_text_data": {
        "data": [
            {
                "index": 0,
                "raw": "지난 1년간 OOO에서 품질주간회의를 담당했습니다. 품질회의는 저뿐만 아니라 팀원들도 처음으로 수행하는 업무였고 저는 팀원들과 함께 새 업무에 적응할 수 있도록 노력했습니다.\n가장 먼저 팀원들에게 불량제품에 대한 인터뷰를 진행했습니다. 팀원들이 바쁘다는 핑계로 적극적이지 않을 때면 인터뷰 시간을 팀원 스케줄에 맞춰 참여할 수 있도록 유도했습니다. 두번째로 인터뷰자료를 활용하여 회의 자료를 만들고 미리 배포한 후 주간 회의를 진행했습니다. 회의 전 진행한 인터뷰를 통해 팀원들은 불량제품을 미리 숙지할 수 있었고 덕분에 회의시간을 절반으로 줄일 수 있었습니다.\n품질은 다른 부서와의 협업 또는 고객과의 협업이 필수적이기 때문에 의사소통능력과 유연한 자세가 중요하다고 생각합니다. 동료와 상사와의 의사소통을 어려워하지 않고 협업하여 고객품질 만족도를 상승시킬 수 있는 최고의 인재가 되도록 노력하겠습니다.",
                "class": "다양한 의견을 수렴하는,탄탄한 의사소통 능력을 가진,적극적인"
            }
        ]
    }
}