{
    "meta": {
        "text_raw": "제가 생각하는 좋은 회사의 가장 중요한 요건은 명확한 목표와 비전을 가지고, 그를 위한 구체적이고 실행 가능한 행동 계획을 제시하는 회사라 생각합니다. 조직이 가지고 있는 목표를 모든 구성원들이 확실하게 이해하고, 각 부서별로 주어진 업무가 해당 목표를 위한 것이라는 점이 명확히 인지될 때 구성원들의 동기부여와 업무에 느끼는 책임감이 높아진다고 생각하기 때문입니다.\n\n제가 속한 재무 직무는 기업의 현재 상태 진단과 기업 운영의 재무적 목표를 수립하는 데 기반이 되는 자료를 생산한다는 점에서 이러한 목표 관리 업무에 매우 중요한 역할을 수행합니다. 따라서, 회사 전체를 위해 일한다는 사명감을 갖추고 업무에 더욱 충실하고 책임감 있게 임하겠습니다. 또한, 기업의 구성원으로써, 주어진 업무를 단순히 수행하는 것을 넘어 전사적인 목표와 비전에 대해 이해하고, 그를 바탕으로 업무를 수행하는 자세를 갖추도록 노력하겠습니다."
    },
    "anno_text_data": {
        "data": [
            {
                "index": 0,
                "raw": "제가 생각하는 좋은 회사의 가장 중요한 요건은 명확한 목표와 비전을 가지고, 그를 위한 구체적이고 실행 가능한 행동 계획을 제시하는 회사라 생각합니다. 조직이 가지고 있는 목표를 모든 구성원들이 확실하게 이해하고, 각 부서별로 주어진 업무가 해당 목표를 위한 것이라는 점이 명확히 인지될 때 구성원들의 동기부여와 업무에 느끼는 책임감이 높아진다고 생각하기 때문입니다.\n\n제가 속한 재무 직무는 기업의 현재 상태 진단과 기업 운영의 재무적 목표를 수립하는 데 기반이 되는 자료를 생산한다는 점에서 이러한 목표 관리 업무에 매우 중요한 역할을 수행합니다. 따라서, 회사 전체를 위해 일한다는 사명감을 갖추고 업무에 더욱 충실하고 책임감 있게 임하겠습니다. 또한, 기업의 구성원으로써, 주어진 업무를 단순히 수행하는 것을 넘어 전사적인 목표와 비전에 대해 이해하고, 그를 바탕으로 업무를 수행하는 자세를 갖추도록 노력하겠습니다.",
                "class": "비전을 제시하는"
            }
        ]
    }
}