{
    "meta": {
        "text_raw": "\"최고의 기술력 , 최고의 따뜻함\"\n\n삼성전기는 패키지 기판, 카메라 모듈, MLCC 등 여러 선구적인 기술력으로 세계적으로 자리 잡고 있습니다. 또한, 가족사랑 축제, 10년 이상 김장축제 등을 개최하며 지역사회에 따뜻함을 전해주는 기업으로 자리하고 있습니다. 각종 아르바이트를 하며 학업에 집중함과 동시에 대학 시절 OOO 일원으로써, 지역사회에 보탬이 되기 위해 힘썼습니다. 맡은바 최선을 다하며 전진해 가는 모습과 사람의 따뜻함을 아끼는 삼성전기와 저와 닮았다고 생각합니다.\n\n지속가능한 미래 가치를 창출하고 전문적인 서비스를 제공하기 위해 다방면으로 노력하는 기업이라는 확신이 삼성전기에 일원으로써 일하고 싶다는 바람이 지원으로 이어졌으며, 단순히 마음만이 아닌 앞으로의 발전을 더하여 기업의 비전이 이루어질 수 있도록 사명감을 갖고, 이제까지보다 더 많은 능력이 발휘될 수 있도록 발전을 거듭하며 성실히 나아가겠습니다."
    },
    "anno_text_data": {
        "data": [
            {
                "index": 0,
                "raw": "\"최고의 기술력 , 최고의 따뜻함\"\n\n삼성전기는 패키지 기판, 카메라 모듈, MLCC 등 여러 선구적인 기술력으로 세계적으로 자리 잡고 있습니다. 또한, 가족사랑 축제, 10년 이상 김장축제 등을 개최하며 지역사회에 따뜻함을 전해주는 기업으로 자리하고 있습니다. 각종 아르바이트를 하며 학업에 집중함과 동시에 대학 시절 OOO 일원으로써, 지역사회에 보탬이 되기 위해 힘썼습니다. 맡은바 최선을 다하며 전진해 가는 모습과 사람의 따뜻함을 아끼는 삼성전기와 저와 닮았다고 생각합니다.\n\n지속가능한 미래 가치를 창출하고 전문적인 서비스를 제공하기 위해 다방면으로 노력하는 기업이라는 확신이 삼성전기에 일원으로써 일하고 싶다는 바람이 지원으로 이어졌으며, 단순히 마음만이 아닌 앞으로의 발전을 더하여 기업의 비전이 이루어질 수 있도록 사명감을 갖고, 이제까지보다 더 많은 능력이 발휘될 수 있도록 발전을 거듭하며 성실히 나아가겠습니다.",
                "class": "선한 영향력을 행사하는"
            }
        ]
    }
}