{
    "meta": {
        "text_raw": "\"BGF와 함께 만들어가는 사회\"\n\nBGF 리테일에 지원하게 된 동기는, BGF 리테일의 일원으로서 선한 영향력에 동참하고 싶다는 이유에서입니다. 기업을 지원할 때 가장 중요하게 생각하는 것은, ‘해당 기업이 사회에 어떠한 영향을 끼치고 있는지’입니다. 저는 BGF 리테일이 우리 사회에 기여하는 일들에 매력을 느끼게 되었습니다.\n\nBGF 리테일은 최근 발생한 산불 피해 현장에 ’BGF 브릿지‘라는 이름으로 구축되어 있는 인프라를 통해 구호 물품을 지원하는 등 우리 사회에 끼치는 영향력을 증명해왔습니다. 이런 재난 상황에 대한 구호뿐 아니라, CU 편의점이 전국에 설치되어 있다는 것을 활용하여 아동 실종 예방 프로그램인, ‘아이 CU’ 캠페인을 실시함으로 인해 지역사회의 안전망 역시 구축하고 있는 것으로 알고 있습니다.\n\nBGF 리테일이 우리 사회의 ‘좋은 친구’가 되었듯, 저는 BGF 리테일의 ‘좋은 직원’이 되고 싶습니다."
    },
    "anno_text_data": {
        "data": [
            {
                "index": 0,
                "raw": "\"BGF와 함께 만들어가는 사회\"\n\nBGF 리테일에 지원하게 된 동기는, BGF 리테일의 일원으로서 선한 영향력에 동참하고 싶다는 이유에서입니다. 기업을 지원할 때 가장 중요하게 생각하는 것은, ‘해당 기업이 사회에 어떠한 영향을 끼치고 있는지’입니다. 저는 BGF 리테일이 우리 사회에 기여하는 일들에 매력을 느끼게 되었습니다.\n\nBGF 리테일은 최근 발생한 산불 피해 현장에 ’BGF 브릿지‘라는 이름으로 구축되어 있는 인프라를 통해 구호 물품을 지원하는 등 우리 사회에 끼치는 영향력을 증명해왔습니다. 이런 재난 상황에 대한 구호뿐 아니라, CU 편의점이 전국에 설치되어 있다는 것을 활용하여 아동 실종 예방 프로그램인, ‘아이 CU’ 캠페인을 실시함으로 인해 지역사회의 안전망 역시 구축하고 있는 것으로 알고 있습니다.\n\nBGF 리테일이 우리 사회의 ‘좋은 친구’가 되었듯, 저는 BGF 리테일의 ‘좋은 직원’이 되고 싶습니다.",
                "class": "선한 영향력을 행사하는"
            }
        ]
    }
}