{
    "meta": {
        "text_raw": "\"사회적 가치의 중요성을 깨닫게 해준 교육봉사활동\"\n\n2019년 저소득층 자녀를 대상으로 하는 수학 교육 봉사활동에 참여했습니다. 매주 수학 문제 풀이를 수업하고 학교 시험 준비를 함께하였고 학업 외에도 고등학교 진학이나 학교생활 상담 등으로 학생들과 가까워질 수 있었습니다.\n힘들지만 많은 것을 배울 수 있었습니다. 특히, 학기가 끝나고 학생들에게 도움이 많이 되었다는 감사 인사를 들었을 때가 기억에 가장 남습니다. 교육 봉사 활동 경험을 통해 누군가에게 도움을 주고 사회에 기여하는 일이 얼마나 가치 있는가를 느낄 수 있었고, 장차 사회적가치를 가진 업무 수행을 희망하게 되었습니다\n\n\"새로운 공익 활동: 보다 쉽고 현실적인 금융 교육\"\n\n주택금융공사는 공사만의 전문성을 활용한 금융 교육 등의 공익적 활동을 수행할 수 있다고 생각합니다. 우리나라는 정식적인 금융 교육 과정이 부재하기 때문에 상대적으로 젊은 층의 금융 서비스 및 자산 관리에 대한 이해도가 낮은 편입니다. 특히 지난 해부터 이어진 부동산 등 자산 가격의 폭등으로 인해 보금자리론 등의 제도권 금융 상품이 아닌 가상자산 등의 고위험 투기 상품을 통해 한방을 노리는 젊은 층의 숫자도 크게 증가하였습니다.\n\n이러한 현실에 맞게 주택금융공사는 국민들을 대상으로 하는 쉽고 현실적인 금융 교육을 확대할 수 있다고 생각합니다. 공사의 재밌지예 강좌처럼 금융 강좌를 제공하되, 다른 금융기관들과 함께 하여 자산 관리와 미래 투자에 대한 준비 등을 주제로 금융에 낯선 사람들을 대상으로 쉽고 실질적인 내용으로 접근 가능성을 높이는 방식을 고려해볼 수 있습니다. 또한, 실질적으로 주택 구입을 희망하는 젊은 층들에게 온라인 컨설팅 등을 제공하는 방식도 긍정적인 결과를 가져올 수 있다 생각합니다."
    },
    "anno_text_data": {
        "data": [
            {
                "index": 0,
                "raw": "\"사회적 가치의 중요성을 깨닫게 해준 교육봉사활동\"\n\n2019년 저소득층 자녀를 대상으로 하는 수학 교육 봉사활동에 참여했습니다. 매주 수학 문제 풀이를 수업하고 학교 시험 준비를 함께하였고 학업 외에도 고등학교 진학이나 학교생활 상담 등으로 학생들과 가까워질 수 있었습니다.\n힘들지만 많은 것을 배울 수 있었습니다. 특히, 학기가 끝나고 학생들에게 도움이 많이 되었다는 감사 인사를 들었을 때가 기억에 가장 남습니다. 교육 봉사 활동 경험을 통해 누군가에게 도움을 주고 사회에 기여하는 일이 얼마나 가치 있는가를 느낄 수 있었고, 장차 사회적가치를 가진 업무 수행을 희망하게 되었습니다",
                "class": "선한 영향력을 행사하는,다양성을 존중하는,탄탄한 의사소통 능력을 가진"
            },
            {
                "index": 1,
                "raw": "\"새로운 공익 활동: 보다 쉽고 현실적인 금융 교육\"\n\n주택금융공사는 공사만의 전문성을 활용한 금융 교육 등의 공익적 활동을 수행할 수 있다고 생각합니다. 우리나라는 정식적인 금융 교육 과정이 부재하기 때문에 상대적으로 젊은 층의 금융 서비스 및 자산 관리에 대한 이해도가 낮은 편입니다. 특히 지난 해부터 이어진 부동산 등 자산 가격의 폭등으로 인해 보금자리론 등의 제도권 금융 상품이 아닌 가상자산 등의 고위험 투기 상품을 통해 한방을 노리는 젊은 층의 숫자도 크게 증가하였습니다.\n\n이러한 현실에 맞게 주택금융공사는 국민들을 대상으로 하는 쉽고 현실적인 금융 교육을 확대할 수 있다고 생각합니다. 공사의 재밌지예 강좌처럼 금융 강좌를 제공하되, 다른 금융기관들과 함께 하여 자산 관리와 미래 투자에 대한 준비 등을 주제로 금융에 낯선 사람들을 대상으로 쉽고 실질적인 내용으로 접근 가능성을 높이는 방식을 고려해볼 수 있습니다. 또한, 실질적으로 주택 구입을 희망하는 젊은 층들에게 온라인 컨설팅 등을 제공하는 방식도 긍정적인 결과를 가져올 수 있다 생각합니다.",
                "class": "유연한 사고를 가진,창의력을 가진"
            }
        ]
    }
}