{
    "meta": {
        "text_raw": "\"끊임없이 고민하는 능동적 상사맨\"\n\n교환학생을 OOO OOOO라는 지역으로 갔습니다. 첫 1학기 때 여러 멕시코 친구들 스페인 친구들과 뒤섞여 많이 놀았습니다. 그때는 먼저 다른 외국인 친구들이 다가와 줘서 수월하게 친구가 될 수 있었습니다. 정들었던 친구들이 한 학기가 지나고 떠나가자 저는 홀로 남겨지게 됐습니다. 2학기가 되었고 저는 더는 신입 교환학생이 아니므로 새로운 사람들과 친해질 기회가 적어졌고 가까운 사람이 많이 없었습니다. 그러던 중 'OOOOO'라는 긴 휴일이 있었고 저는 다른 나라에 여행을 갈 계획이었는데 한 친구가 종교적 이유로 남아서 성당에 가야 한다고 했습니다. 저는 다른 나라에 가고 싶었을 친구를 위해서 네덜란드의 유명한 치즈를 사다 주며 다음에 같이 가보자고 했고 처음으로 용기를 내서 누군가에게 다가가는 노력을 했고 많이 친해졌습니다. 그전에는 한국에서조차 인간관계에 있어서 소극적인 사람이었지만 이 일을 계기로 많이 바뀌게 되었습니다. 사람과의 관계뿐만 아니라 새로운 시장, 상품의 개척에서 어떤 곳을 어떻게 공략할 수 있을지 항상 치열하게 생각하겠습니다."
    },
    "anno_text_data": {
        "data": [
            {
                "index": 0,
                "raw": "\"끊임없이 고민하는 능동적 상사맨\"\n\n교환학생을 OOO OOOO라는 지역으로 갔습니다. 첫 1학기 때 여러 멕시코 친구들 스페인 친구들과 뒤섞여 많이 놀았습니다. 그때는 먼저 다른 외국인 친구들이 다가와 줘서 수월하게 친구가 될 수 있었습니다. 정들었던 친구들이 한 학기가 지나고 떠나가자 저는 홀로 남겨지게 됐습니다. 2학기가 되었고 저는 더는 신입 교환학생이 아니므로 새로운 사람들과 친해질 기회가 적어졌고 가까운 사람이 많이 없었습니다. 그러던 중 'OOOOO'라는 긴 휴일이 있었고 저는 다른 나라에 여행을 갈 계획이었는데 한 친구가 종교적 이유로 남아서 성당에 가야 한다고 했습니다. 저는 다른 나라에 가고 싶었을 친구를 위해서 네덜란드의 유명한 치즈를 사다 주며 다음에 같이 가보자고 했고 처음으로 용기를 내서 누군가에게 다가가는 노력을 했고 많이 친해졌습니다. 그전에는 한국에서조차 인간관계에 있어서 소극적인 사람이었지만 이 일을 계기로 많이 바뀌게 되었습니다. 사람과의 관계뿐만 아니라 새로운 시장, 상품의 개척에서 어떤 곳을 어떻게 공략할 수 있을지 항상 치열하게 생각하겠습니다.",
                "class": "다양성을 존중하는,적극적인"
            }
        ]
    }
}