{
    "meta": {
        "text_raw": "\"향수를 불러일으키는 게임\"\n\n어렸을 때부터 넥슨의 다양한 게임들을 접하였습니다. 초등학생 때엔 ‘크레이지 아케이드’와 ‘큐플레이’, ‘카트 라이더’ ‘어둠의 전설’, ‘아스가르드’, ‘메이플 스토리’, ‘일렌시아’, ‘바람의 나라’ 등과 같은 게임들을 즐겨 하였습니다. 위 게임들은 저의 어린 시절 추억이 많이 깃들어 있으며, 당시에 다양한 이벤트들과 많은 유저들로 인하여 다양한 즐거움을 느낄 수 있었습니다. 이에 게임을 지워도 몇 달 후 다시 하고 싶어져서 다시 깔고 지우고 하는 경우가 많았습니다. 말 그대로 향수를 불러일으키는 게임이었습니다.\n\n이후엔 친구들과 같이 즐길 수 있는 ‘서든어택’과 ‘피파 온라인’을 지금까지 하고 있습니다. 친구들과 만나면 ‘서든어택’의 클랜전을 통해 게임을 즐겨하며, ‘피파온라인’의 3대3 매치 혹은 볼타모드 등을 통해 주로 플레이 하고 있습니다. 밖에서 노는 유흥보다는 실내에서 게임을 통해 추억을 얘기하며 노는 것이 더욱 즐거운 것 같습니다. 최근에는, 모바일을 통해 넥슨의 추억을 불러일으키는 게임을 하고 있습니다. 바로 ‘바람의 나라 연’입니다. 어린 시절에 플레이했던 게임 속 모습이 지금과 비슷하고, 다양한 유저들과 같이 플레이할 수 있음이 좋았습니다. 2넥슨에는 이러한 추억이 깃들고 향수를 불러일으키는 다양한 게임들뿐만 아니라 앞으로의 세대를 이끌어갈 다양한 게임들이 존재합니다. X세대와 MZ세대를 이어주는 연결고리인 넥슨에서 함께 하고 싶습니다."
    },
    "anno_text_data": {
        "data": [
            {
                "index": 0,
                "raw": "\"향수를 불러일으키는 게임\"\n\n어렸을 때부터 넥슨의 다양한 게임들을 접하였습니다. 초등학생 때엔 ‘크레이지 아케이드’와 ‘큐플레이’, ‘카트 라이더’ ‘어둠의 전설’, ‘아스가르드’, ‘메이플 스토리’, ‘일렌시아’, ‘바람의 나라’ 등과 같은 게임들을 즐겨 하였습니다. 위 게임들은 저의 어린 시절 추억이 많이 깃들어 있으며, 당시에 다양한 이벤트들과 많은 유저들로 인하여 다양한 즐거움을 느낄 수 있었습니다. 이에 게임을 지워도 몇 달 후 다시 하고 싶어져서 다시 깔고 지우고 하는 경우가 많았습니다. 말 그대로 향수를 불러일으키는 게임이었습니다.\n\n이후엔 친구들과 같이 즐길 수 있는 ‘서든어택’과 ‘피파 온라인’을 지금까지 하고 있습니다. 친구들과 만나면 ‘서든어택’의 클랜전을 통해 게임을 즐겨하며, ‘피파온라인’의 3대3 매치 혹은 볼타모드 등을 통해 주로 플레이 하고 있습니다. 밖에서 노는 유흥보다는 실내에서 게임을 통해 추억을 얘기하며 노는 것이 더욱 즐거운 것 같습니다. 최근에는, 모바일을 통해 넥슨의 추억을 불러일으키는 게임을 하고 있습니다. 바로 ‘바람의 나라 연’입니다. 어린 시절에 플레이했던 게임 속 모습이 지금과 비슷하고, 다양한 유저들과 같이 플레이할 수 있음이 좋았습니다. 2넥슨에는 이러한 추억이 깃들고 향수를 불러일으키는 다양한 게임들뿐만 아니라 앞으로의 세대를 이끌어갈 다양한 게임들이 존재합니다. X세대와 MZ세대를 이어주는 연결고리인 넥슨에서 함께 하고 싶습니다.",
                "class": "적응력이 높은"
            }
        ]
    }
}