{
    "meta": {
        "text_raw": "\"구체적인 제시\"\n\n팀 안에서 기대하는 역할을 분명하게 제시하는 리더십으로 초등학교부터 대학교까지 축구 팀 주장을 맡았습니다. 주장으로서 개성이 강한 선수를 팀 안에 녹여내는 것이 주요 과제였습니다. 너무 구체적인 가이드는 선수의 창의성에 방해가 되고, 느슨한 가이드는 팀으로 기능할 수 없게 만들었습니다. 저는 경기장에서 팀의 영역과 개인의 영역을 구분하는 방식으로 타협안을 만들었습니다. 경기장 3/2지점까지는 팀 중심으로 플레이하고, 골문 앞 3/1지점부턴 마음껏 창의적인 기량을 펼치라고 주문했습니다. 구체적인 가이드는 개성 강한 선수들에게도 팀플레이와 창의성 모두를 이끌어 낼 수 있었습니다."
    },
    "anno_text_data": {
        "data": [
            {
                "index": 0,
                "raw": "\"구체적인 제시\"\n\n팀 안에서 기대하는 역할을 분명하게 제시하는 리더십으로 초등학교부터 대학교까지 축구 팀 주장을 맡았습니다. 주장으로서 개성이 강한 선수를 팀 안에 녹여내는 것이 주요 과제였습니다. 너무 구체적인 가이드는 선수의 창의성에 방해가 되고, 느슨한 가이드는 팀으로 기능할 수 없게 만들었습니다. 저는 경기장에서 팀의 영역과 개인의 영역을 구분하는 방식으로 타협안을 만들었습니다. 경기장 3/2지점까지는 팀 중심으로 플레이하고, 골문 앞 3/1지점부턴 마음껏 창의적인 기량을 펼치라고 주문했습니다. 구체적인 가이드는 개성 강한 선수들에게도 팀플레이와 창의성 모두를 이끌어 낼 수 있었습니다.",
                "class": "유연한 사고를 가진,신뢰를 주는 리더,적극적인"
            }
        ]
    }
}