{
    "meta": {
        "text_raw": "기존의 비효율적인 업무 관행을 탈피하고 업무 방식을 개선하여 효율을 높이는 것이 중요하다고 생각합니다. 이를 통해 불필요한 시간 낭비를 줄일 수 있기 때문입니다.\n\n\"ERP 개선을 통해 결산일을 앞당기다\"\n\n자동차 부품회사 구매팀에서 근무하며 업무 프로세스 개선을 건의하여 결산 업무에 쏟던 시간을 획기적으로 줄인 경험이 있습니다. 당시 20여 개 팀의 매입품을 우리 팀에서 ERP에 매입 입력을 했기에 하루에도 처리해야 할 매입전표는 엄청나게 많았습니다. 저는 이를 비효율적이라 여겨 개선 방법을 고민하였고, 각 팀에서 작성한 구매요청서를 바탕으로 입고품 검수 후 승인만 하면 자동으로 전표가 입력되도록 시스템을 개선하자고 제안하였습니다.\n\n프로젝트 추진을 위해 전산운영팀과 TFT를 구성하여 ERP 내 새로운 화면을 만들어 나갔습니다. 새로운 ERP 화면이 완성될 즈음에는 교육용 PPT를 만들어 팀별 담당자들을 모아 개선된 업무 방법을 교육하였습니다. 이러한 개선을 통해 수기 전표 입력량은 50% 이상 줄었고, 결산 마감일은 5일이나 앞당길 수 있었습니다. 이처럼 문제의식을 바탕으로 개선점을 모색했기에 업무 능률이 향상될 수 있었습니다."
    },
    "anno_text_data": {
        "data": [
            {
                "index": 0,
                "raw": "\"ERP 개선을 통해 결산일을 앞당기다\"\n\n자동차 부품회사 구매팀에서 근무하며 업무 프로세스 개선을 건의하여 결산 업무에 쏟던 시간을 획기적으로 줄인 경험이 있습니다. 당시 20여 개 팀의 매입품을 우리 팀에서 ERP에 매입 입력을 했기에 하루에도 처리해야 할 매입전표는 엄청나게 많았습니다. 저는 이를 비효율적이라 여겨 개선 방법을 고민하였고, 각 팀에서 작성한 구매요청서를 바탕으로 입고품 검수 후 승인만 하면 자동으로 전표가 입력되도록 시스템을 개선하자고 제안하였습니다.",
                "class": "문제해결능력이 뛰어난"
            },
            {
                "index": 1,
                "raw": "프로젝트 추진을 위해 전산운영팀과 TFT를 구성하여 ERP 내 새로운 화면을 만들어 나갔습니다. 새로운 ERP 화면이 완성될 즈음에는 교육용 PPT를 만들어 팀별 담당자들을 모아 개선된 업무 방법을 교육하였습니다. 이러한 개선을 통해 수기 전표 입력량은 50% 이상 줄었고, 결산 마감일은 5일이나 앞당길 수 있었습니다. 이처럼 문제의식을 바탕으로 개선점을 모색했기에 업무 능률이 향상될 수 있었습니다.",
                "class": "문제해결능력이 뛰어난,목표를 달성하는 능력을 갖춘"
            }
        ]
    }
}