{
    "meta": {
        "text_raw": "\"품질과 안전 = 현장 기사의 발걸음 수\"\n\n코오롱글로벌 건축직무는 현장에서 시공 직무를 담당하고 있습니다. 시공 직무는 고객의 니즈를 맞춰 주거시설 및 각종 건축물을 최선으로 제공하기 위해서는 품질관리와 안전관리가 필요합니다. 두 번의 인턴십을 통해 현장을 자주 확인할수록 건설 현장의 품질과 안전은 점점 좋아진다는 교훈을 얻었습니다.\n\n\"품 질 관 리\"\n\noo건설 인턴십 중에 품질사고를 예방한 경험이 있습니다. 기둥, 벽, 슬래브 철근 시공 당시 철근 배근이 도면대로 잘 배치되어있는지 철근 간격을 확인하고 검토하여 검측 당시 조치사항이 나오지 않도록 지속적으로 확인하였습니다.\n\n또한, 콘크리트 균열 관리 대장을 관리하였습니다. 콘크리트의 균열은 크리프로 인하여 시간이 지날수록 점차 균열의 폭이 증가합니다. 3주마다 주기적으로 아파트 열두동을 돌아다니면서 콘크리트 균열이 0.3mm를 넘는지 조사하였고 균열 위치를 도면에 표시하여 관리하였습니다.\n\n\"안 전 관 리\"\n\n철골에 데크 플레이트를 설치하는 과정에서 근로자들이 안전대의 안전고리를 고정시키지 않고 일을 하는 경우가 있었습니다. 근로자들이 나는 안 떨어지겠지라는 안일한 생각으로 안전고리를 고정하지 않고 작업을 하는 경우가 있었습니다. 지속적으로 현장을 점검하면서 안전고리의 필요성과 추락의 위험성을 언급 드렸습니다.\n\n지속적으로 현장을 돌아다니면서 리스크 관리를 통해 품질을 개선하고 불안전한 요인을 사전에 제거하여 안전사고를 예방하겠습니다."
    },
    "anno_text_data": {
        "data": [
            {
                "index": 0,
                "raw": "\"품질과 안전 = 현장 기사의 발걸음 수\"\n\n코오롱글로벌 건축직무는 현장에서 시공 직무를 담당하고 있습니다. 시공 직무는 고객의 니즈를 맞춰 주거시설 및 각종 건축물을 최선으로 제공하기 위해서는 품질관리와 안전관리가 필요합니다. 두 번의 인턴십을 통해 현장을 자주 확인할수록 건설 현장의 품질과 안전은 점점 좋아진다는 교훈을 얻었습니다.",
                "class": "비즈니스 마인드를 갖춘"
            },
            {
                "index": 1,
                "raw": "\"품 질 관 리\"\n\noo건설 인턴십 중에 품질사고를 예방한 경험이 있습니다. 기둥, 벽, 슬래브 철근 시공 당시 철근 배근이 도면대로 잘 배치되어있는지 철근 간격을 확인하고 검토하여 검측 당시 조치사항이 나오지 않도록 지속적으로 확인하였습니다.\n\n또한, 콘크리트 균열 관리 대장을 관리하였습니다. 콘크리트의 균열은 크리프로 인하여 시간이 지날수록 점차 균열의 폭이 증가합니다. 3주마다 주기적으로 아파트 열두동을 돌아다니면서 콘크리트 균열이 0.3mm를 넘는지 조사하였고 균열 위치를 도면에 표시하여 관리하였습니다.",
                "class": "데이터 기반의 의사결정을 하는,고도의 책임감을 가진"
            },
            {
                "index": 2,
                "raw": "\"안 전 관 리\"\n\n철골에 데크 플레이트를 설치하는 과정에서 근로자들이 안전대의 안전고리를 고정시키지 않고 일을 하는 경우가 있었습니다. 근로자들이 나는 안 떨어지겠지라는 안일한 생각으로 안전고리를 고정하지 않고 작업을 하는 경우가 있었습니다. 지속적으로 현장을 점검하면서 안전고리의 필요성과 추락의 위험성을 언급 드렸습니다.\n\n지속적으로 현장을 돌아다니면서 리스크 관리를 통해 품질을 개선하고 불안전한 요인을 사전에 제거하여 안전사고를 예방하겠습니다.",
                "class": "탄탄한 의사소통 능력을 가진,고도의 책임감을 가진,적극적인"
            }
        ]
    }
}