{
    "meta": {
        "text_raw": "\"준비된 전기기사\"\n\n전기에 대한 지식과 기반으로 생산 공정을 원활하게 하여 생산 활동에 차질이 생기지 않도록 할 자신이 있어 지원하였습니다. 저는 대학 시절에 전기공학을 전공하였습니다. 전기 자기학, 회로 이론 등 전기 기초 이론을 수강하였고, 더 나아가 실험을 통하여서 기초 이론을 실습해 보기도 하면서, 전기에 대한 지식을 쌓았습니다. 학교 졸업 후에도 꾸준히 공부하여 전기기사를 취득하여 전기 지식의 기반을 더욱 견고히 하였습니다. 이러한 저의 역량으로 제품 생산 공정에 문제가 생길 시 이를 분석 한 후, 해결하여 공급에 차질이 없도록 하겠습니다. \n\n저는 잠깐이지만 자동차 부품 제조업체에서 일한 경험이 있습니다. 이를 통해, 자동차 부품 생산 공정을 눈으로 확인하였고, 전체적으로 생산 활동이 어떻게 진행되는지 알 수 있었습니다. 오래된 작업 표준서를 리뉴얼을 하면서 점검항목 및 작업요령을 숙지하였고, 매주 금요일마다 기계의 내외부를 청소하면서 각각의 공정을 눈여겨 살펴보았습니다. 이를 통해, 생산 활동 시 오류가 빈번하게 일어나는 부분이 무엇인지 직접 눈으로 확인 할 수 있었고, 이러한 일들을 개선하고 방지하는 것에 흥미를 느꼈기에 해당 직무의 지원하였습니다."
    },
    "anno_text_data": {
        "data": [
            {
                "index": 0,
                "raw": "\"준비된 전기기사\"\n\n전기에 대한 지식과 기반으로 생산 공정을 원활하게 하여 생산 활동에 차질이 생기지 않도록 할 자신이 있어 지원하였습니다. 저는 대학 시절에 전기공학을 전공하였습니다. 전기 자기학, 회로 이론 등 전기 기초 이론을 수강하였고, 더 나아가 실험을 통하여서 기초 이론을 실습해 보기도 하면서, 전기에 대한 지식을 쌓았습니다. 학교 졸업 후에도 꾸준히 공부하여 전기기사를 취득하여 전기 지식의 기반을 더욱 견고히 하였습니다. 이러한 저의 역량으로 제품 생산 공정에 문제가 생길 시 이를 분석 한 후, 해결하여 공급에 차질이 없도록 하겠습니다. \n\n저는 잠깐이지만 자동차 부품 제조업체에서 일한 경험이 있습니다. 이를 통해, 자동차 부품 생산 공정을 눈으로 확인하였고, 전체적으로 생산 활동이 어떻게 진행되는지 알 수 있었습니다. 오래된 작업 표준서를 리뉴얼을 하면서 점검항목 및 작업요령을 숙지하였고, 매주 금요일마다 기계의 내외부를 청소하면서 각각의 공정을 눈여겨 살펴보았습니다. 이를 통해, 생산 활동 시 오류가 빈번하게 일어나는 부분이 무엇인지 직접 눈으로 확인 할 수 있었고, 이러한 일들을 개선하고 방지하는 것에 흥미를 느꼈기에 해당 직무의 지원하였습니다.",
                "class": "지속적인 성장을 추구하는,적응력이 높은,비즈니스 마인드를 갖춘"
            }
        ]
    }
}