{
    "meta": {
        "text_raw": "전역 이후 아버지의 급박한 부탁을 받아 천안의 한 아파트 실내건축 도배 현장을 관리, 감독 및 부족한 일손을 돕는 일을 하게 됐습니다. 실내건축이나 현장 관리 등에 대해서는 잘 몰랐지만 이미 맡아버린 일을 책임지고 마무리를 하고 싶었었기에 저는 먼저 목표를 설정하고 내가 해야 하는 일이 무엇인지, 우선해야 하는 일이 무엇인지 구별해야겠다고 생각했습니다. 그 당시 정해진 기간 내에 공사를 마치는 것 즉, 시간이 가장 중요했다고 판단한 저는 벽지를 나르는 동시에 공사 진행 정도와 작업에 부족한 자재 등을 파악하면서 불필요한 이동을 줄이고 시간을 최대한 효율적으로 쓰기 위해 노력했습니다.\n\n다음에는 전체적인 일이 어떻게, 어떤 순서로 진행되는가를 파악하려 했습니다. 내가 일을 지시할 때, 건설사에 보고할 때나 지시를 받을 때 일을 오래 하신 분들에게 모르는 것을 질문해 얻은 내용으로 일을 지시하거나 현장을 파악하려 노력했습니다.\n\n마지막으로는 상황에 유연하게 대처하려고 노력해야겠다고 생각했습니다. 현장이 마무리 단계에 접어들면서 점점 많은 공사가 한꺼번에 진행되어 생기는 문제들이 발생하였고 건설사의 요구사항도 조금씩 추가되기 시작했습니다. 이러한 돌발상황들에 내가 알고 있는 공사의 진행 상황이나 공사 방식을 고려하며 유동적으로 도배사분들의 작업 장소나 시간 등을 조절하여 공사 진행이 어려운 상황을 최대한 줄이는 데 집중했습니다."
    },
    "anno_text_data": {
        "data": [
            {
                "index": 0,
                "raw": "전역 이후 아버지의 급박한 부탁을 받아 천안의 한 아파트 실내건축 도배 현장을 관리, 감독 및 부족한 일손을 돕는 일을 하게 됐습니다. 실내건축이나 현장 관리 등에 대해서는 잘 몰랐지만 이미 맡아버린 일을 책임지고 마무리를 하고 싶었었기에 저는 먼저 목표를 설정하고 내가 해야 하는 일이 무엇인지, 우선해야 하는 일이 무엇인지 구별해야겠다고 생각했습니다. 그 당시 정해진 기간 내에 공사를 마치는 것 즉, 시간이 가장 중요했다고 판단한 저는 벽지를 나르는 동시에 공사 진행 정도와 작업에 부족한 자재 등을 파악하면서 불필요한 이동을 줄이고 시간을 최대한 효율적으로 쓰기 위해 노력했습니다.",
                "class": "비즈니스 마인드를 갖춘,자원을 효율적으로 활용하는"
            },
            {
                "index": 1,
                "raw": "다음에는 전체적인 일이 어떻게, 어떤 순서로 진행되는가를 파악하려 했습니다. 내가 일을 지시할 때, 건설사에 보고할 때나 지시를 받을 때 일을 오래 하신 분들에게 모르는 것을 질문해 얻은 내용으로 일을 지시하거나 현장을 파악하려 노력했습니다.",
                "class": "다양한 의견을 수렴하는,유연한 사고를 가진"
            },
            {
                "index": 2,
                "raw": "마지막으로는 상황에 유연하게 대처하려고 노력해야겠다고 생각했습니다. 현장이 마무리 단계에 접어들면서 점점 많은 공사가 한꺼번에 진행되어 생기는 문제들이 발생하였고 건설사의 요구사항도 조금씩 추가되기 시작했습니다. 이러한 돌발상황들에 내가 알고 있는 공사의 진행 상황이나 공사 방식을 고려하며 유동적으로 도배사분들의 작업 장소나 시간 등을 조절하여 공사 진행이 어려운 상황을 최대한 줄이는 데 집중했습니다.",
                "class": "유연한 사고를 가진,문제해결능력이 뛰어난"
            }
        ]
    }
}