{
    "meta": {
        "text_raw": "대학교 3학년 시절은 대학원 진학과 학사 졸업 후 취업이라는 진로의 문제에 대해 고민이 많았던 시기였습니다. 저는 회사에서 직접 인턴생활을 해보는 것이 현실적인 고민해결의 방법이라 생각하여 OOOOOOO의 산학장학생 프로그램인 OOOOOO 9기에 지원했습니다. 1박 2일동안 진행되었던 2차면접에서 그룹별로 팀원들과 협동하여 시간내에 주어진 문제를 해결해야만 했던 그룹면접이 가장 기억에남습니다. 그룹면접의 과제는 주어진 조건 하에서 쇠구슬을 높은곳에서 낮은곳으로 보내기 위한 구조물을 만드는 것이였습니다. 저는 긴 빨대와 짧은 빨대를 이용해서 구조물의 뼈대를 만드는 역할을 맡게되었고 순차적으로 만들어 나가기 시작했습니다.\n\n하지만 진행 도중 짧은 빨대가 구조물을 완성시키는데 부족하다는 사실을 알게되었습니다. 마감 시간은 다가오고 새로운 구조물을 다시 만들기에는 시간이 턱없이 부족했습니다. 그 순간 저는 가위를 이용하여 긴 빨대를 잘라 짧은 빨대로 사용해야겠다는 생각을 하게되었고 고민할 틈도 없이 실행에 옮겼습니다.\n\n그 모습을 지켜보시던 면접관 한분이 제게 다가와 구조물 세트는 다음에 사용하는 사람들이 있을텐데 잘라도 되는 것인지에 대해 물어보셨습니다. 긴 빨대가 짧은 빨대에 비해 2배 이상 많기 때문에 다음 사람들이 구조물을 만드는데 있어서 지장이 가지 않을 것이라고 판단하였고 이 점에 대해 면접관님께 설명드리고 구조물을 완성시켜 나갔습니다. 짧은 빨대가 부족하다는 이유로 구조물을 완성시키지 못했더라면 결과적으로 핑계와 변명에 불과하다고 생각했습니다. 자칫 저의 행동으로 팀원들에게 피해가 갈 수도 있었다고 생각합니다.\n\n하지만 주어진 목표를 달성하기 위한 최선의 선택이었고 저의 생각이 옳다고 확신하여 행동으로 옮길 수 있었습니다. 결과적으로 저희 팀은 주어진 구조물을 완성할 수 있었고 그룹면접에서 좋은 점수를 받아 OOOOOO 9기에 선발될 수 있었습니다. 그 후 인턴, 공모전 등 다양한 활동에 참여하여 저의 진로를 결정하는데 큰 도움을 받을 수 있었습니다."
    },
    "anno_text_data": {
        "data": [
            {
                "index": 0,
                "raw": "대학교 3학년 시절은 대학원 진학과 학사 졸업 후 취업이라는 진로의 문제에 대해 고민이 많았던 시기였습니다. 저는 회사에서 직접 인턴생활을 해보는 것이 현실적인 고민해결의 방법이라 생각하여 OOOOOOO의 산학장학생 프로그램인 OOOOOO 9기에 지원했습니다. 1박 2일동안 진행되었던 2차면접에서 그룹별로 팀원들과 협동하여 시간내에 주어진 문제를 해결해야만 했던 그룹면접이 가장 기억에남습니다. 그룹면접의 과제는 주어진 조건 하에서 쇠구슬을 높은곳에서 낮은곳으로 보내기 위한 구조물을 만드는 것이였습니다. 저는 긴 빨대와 짧은 빨대를 이용해서 구조물의 뼈대를 만드는 역할을 맡게되었고 순차적으로 만들어 나가기 시작했습니다.\n\n하지만 진행 도중 짧은 빨대가 구조물을 완성시키는데 부족하다는 사실을 알게되었습니다. 마감 시간은 다가오고 새로운 구조물을 다시 만들기에는 시간이 턱없이 부족했습니다. 그 순간 저는 가위를 이용하여 긴 빨대를 잘라 짧은 빨대로 사용해야겠다는 생각을 하게되었고 고민할 틈도 없이 실행에 옮겼습니다.\n\n그 모습을 지켜보시던 면접관 한분이 제게 다가와 구조물 세트는 다음에 사용하는 사람들이 있을텐데 잘라도 되는 것인지에 대해 물어보셨습니다. 긴 빨대가 짧은 빨대에 비해 2배 이상 많기 때문에 다음 사람들이 구조물을 만드는데 있어서 지장이 가지 않을 것이라고 판단하였고 이 점에 대해 면접관님께 설명드리고 구조물을 완성시켜 나갔습니다. 짧은 빨대가 부족하다는 이유로 구조물을 완성시키지 못했더라면 결과적으로 핑계와 변명에 불과하다고 생각했습니다. 자칫 저의 행동으로 팀원들에게 피해가 갈 수도 있었다고 생각합니다.\n\n하지만 주어진 목표를 달성하기 위한 최선의 선택이었고 저의 생각이 옳다고 확신하여 행동으로 옮길 수 있었습니다. 결과적으로 저희 팀은 주어진 구조물을 완성할 수 있었고 그룹면접에서 좋은 점수를 받아 OOOOOO 9기에 선발될 수 있었습니다. 그 후 인턴, 공모전 등 다양한 활동에 참여하여 저의 진로를 결정하는데 큰 도움을 받을 수 있었습니다.",
                "class": "문제해결능력이 뛰어난,유연한 사고를 가진,고도의 책임감을 가진,적극적인,신속한 의사결정을 내리는"
            }
        ]
    }
}