{
    "meta": {
        "text_raw": "1년 전부터 OOOOO재단을 통해 도움이 필요한 아이들에게 정기적인 후원을 하고 있습니다. 인터넷 서핑을 하다가 우연히 재단을 알게 되었고 어린 나이에 집안 사정으로 돈이 부족하여, 한 달에 1만 원 정도 하는 생리대를 사지 못해 세 자매가 하나의 생리대를 나눠 써야 한다는 글을 읽고 후원에 참여하게 되었습니다. 저에게도 여동생이 있어, 생리하는 시기가 되면 신경이 예민해지고 힘들어 한다는 것을 알고 있었습니다. 돈이 부족하여 먹고 싶은 음식도 마음대로 먹지도 못할 텐데 심지어 생리대를 사용할 때마다 어린아이들이 마음을 졸일 거라는 생각을 하니 마음이 매우 아팠습니다. 크지 않은 금액의 후원이지만 후원을 통해서 진행되고 있는 사업의 도움을 받는 아이들의 감사 편지, 사진 등을 보면서 직장생활을 시작하게 되면 더 다양한 후원뿐만 아니라 주변 어려운 분들을 도울 수 있는 봉사활동을 해야겠다는 목표를 갖게 되었습니다."
    },
    "anno_text_data": {
        "data": [
            {
                "index": 0,
                "raw": "1년 전부터 OOOOO재단을 통해 도움이 필요한 아이들에게 정기적인 후원을 하고 있습니다. 인터넷 서핑을 하다가 우연히 재단을 알게 되었고 어린 나이에 집안 사정으로 돈이 부족하여, 한 달에 1만 원 정도 하는 생리대를 사지 못해 세 자매가 하나의 생리대를 나눠 써야 한다는 글을 읽고 후원에 참여하게 되었습니다. 저에게도 여동생이 있어, 생리하는 시기가 되면 신경이 예민해지고 힘들어 한다는 것을 알고 있었습니다. 돈이 부족하여 먹고 싶은 음식도 마음대로 먹지도 못할 텐데 심지어 생리대를 사용할 때마다 어린아이들이 마음을 졸일 거라는 생각을 하니 마음이 매우 아팠습니다. 크지 않은 금액의 후원이지만 후원을 통해서 진행되고 있는 사업의 도움을 받는 아이들의 감사 편지, 사진 등을 보면서 직장생활을 시작하게 되면 더 다양한 후원뿐만 아니라 주변 어려운 분들을 도울 수 있는 봉사활동을 해야겠다는 목표를 갖게 되었습니다.",
                "class": "선한 영향력을 행사하는"
            }
        ]
    }
}