{
    "meta": {
        "text_raw": "요즘 어려운 취업난에 취업만 되면 끝이라는 사람이나 글귀를 자주 보곤 합니다. 하지만 이러한 생각에 오래 머물러서는 안 된다고 생각합니다. 저에게 있어 일동제약의 입사는 취업준비생으로서의 생활이 끝났다고 안주하는 것이 아닌 일동제약의 사원으로서 새롭게 시작한다는 의미를 지니고 있습니다. 이러한 마음을 가지다 보니 늘 할 수 있다는 열정을 가지고 있고 쉽게 긴장을 풀지 않습니다. 또한, 일동제약은 제가 추구하고자 하는 사람의 삶의 질을 향상시키고 행복을 주는 목적은 물론 생명을 살린다는 더 큰 포부를 가지게 합니다. 이것은 의약품 분야를 다루는 회사에서만 가질 수 있고, 인간의 건강과 행복한 삶에 기여한다는 경영이념의 일동제약에서는 특히 더 가질 수 있는 목적과 포부라고 생각합니다. 이러한 의미를 가지고 저는 일동제약에서 인생의 가장 큰 가치인 생명을 살리는 사원이 되겠습니다."
    },
    "anno_text_data": {
        "data": [
            {
                "index": 0,
                "raw": "요즘 어려운 취업난에 취업만 되면 끝이라는 사람이나 글귀를 자주 보곤 합니다. 하지만 이러한 생각에 오래 머물러서는 안 된다고 생각합니다. 저에게 있어 일동제약의 입사는 취업준비생으로서의 생활이 끝났다고 안주하는 것이 아닌 일동제약의 사원으로서 새롭게 시작한다는 의미를 지니고 있습니다. 이러한 마음을 가지다 보니 늘 할 수 있다는 열정을 가지고 있고 쉽게 긴장을 풀지 않습니다. 또한, 일동제약은 제가 추구하고자 하는 사람의 삶의 질을 향상시키고 행복을 주는 목적은 물론 생명을 살린다는 더 큰 포부를 가지게 합니다. 이것은 의약품 분야를 다루는 회사에서만 가질 수 있고, 인간의 건강과 행복한 삶에 기여한다는 경영이념의 일동제약에서는 특히 더 가질 수 있는 목적과 포부라고 생각합니다. 이러한 의미를 가지고 저는 일동제약에서 인생의 가장 큰 가치인 생명을 살리는 사원이 되겠습니다.",
                "class": "지속적인 성장을 추구하는,비전을 제시하는,적극적인,고도의 책임감을 가진,긍정적인 태도를 갖춘"
            }
        ]
    }
}