{
    "meta": {
        "text_raw": "OOO 근무 시 3D비접촉 측정장비로 제품을 검사했습니다. 이 때 가장 어려웠던 부분은 ‘검사장비 조도활용’ 이었습니다. 비접촉 측정장비는 검사결과를 이미지에 의존하는데 측정자가 설정하는 조도에 따라 검사결과가 달라졌습니다. 신제품을 검사할 때 조도값을 설정하기 위하여 기존 담당자인 대리님과 제가 측정한 후 두 명의 측정값을 비교했습니다. 하지만 상반되는 결과값을 얻었고 대리님과의 오차를 줄이려면 기계를 숙지해야겠다고 생각했습니다.\n\n일단 퇴근 후 측정기계 메뉴얼을 보며 측정 소프트웨어를 이해했습니다. 메뉴얼에 나와있지 않은 부분은 다음 날 대리님에게 질문하며 배웠습니다. 그 다음으로 재고로 남아있는 제품을 활용하여 조도를 익혔습니다. 코팅면에 따라 조도를 다르게 설정해야 한다는 것을 알았고, 제품 도면에 적힌 코팅종류에 따라 조도를 설정할 수 있었습니다. 이 경험을 통해 새로운 것을 터득하는 기쁨을 느끼고, 어려움을 극복하는 자세를 가졌습니다"
    },
    "anno_text_data": {
        "data": [
            {
                "index": 0,
                "raw": "OOO 근무 시 3D비접촉 측정장비로 제품을 검사했습니다. 이 때 가장 어려웠던 부분은 ‘검사장비 조도활용’ 이었습니다. 비접촉 측정장비는 검사결과를 이미지에 의존하는데 측정자가 설정하는 조도에 따라 검사결과가 달라졌습니다. 신제품을 검사할 때 조도값을 설정하기 위하여 기존 담당자인 대리님과 제가 측정한 후 두 명의 측정값을 비교했습니다. 하지만 상반되는 결과값을 얻었고 대리님과의 오차를 줄이려면 기계를 숙지해야겠다고 생각했습니다.\n\n일단 퇴근 후 측정기계 메뉴얼을 보며 측정 소프트웨어를 이해했습니다. 메뉴얼에 나와있지 않은 부분은 다음 날 대리님에게 질문하며 배웠습니다. 그 다음으로 재고로 남아있는 제품을 활용하여 조도를 익혔습니다. 코팅면에 따라 조도를 다르게 설정해야 한다는 것을 알았고, 제품 도면에 적힌 코팅종류에 따라 조도를 설정할 수 있었습니다. 이 경험을 통해 새로운 것을 터득하는 기쁨을 느끼고, 어려움을 극복하는 자세를 가졌습니다",
                "class": "적극적인,고도의 자기주도성을 가진"
            }
        ]
    }
}