{
    "meta": {
        "text_raw": "\"긍정은 나의 활력\"\n\n긍정적인 사고방식으로 모든 일을 생각하는 게 장점입니다. 맡은 일이 있으면 긍정적인 방향으로 최선을 다하여 \"안 해서 오는 불안함\" 보다 \"끝나서 오는 후련함\"을 좋아하기에 항상 몸으로 부딪히며 배움을 얻으려고 합니다. 그렇기에 직무수행에 있어 확실한 수행능력을 갖출 수 있습니다."
    },
    "anno_text_data": {
        "data": [
            {
                "index": 0,
                "raw": "\"긍정은 나의 활력\"\n\n긍정적인 사고방식으로 모든 일을 생각하는 게 장점입니다. 맡은 일이 있으면 긍정적인 방향으로 최선을 다하여 \"안 해서 오는 불안함\" 보다 \"끝나서 오는 후련함\"을 좋아하기에 항상 몸으로 부딪히며 배움을 얻으려고 합니다. 그렇기에 직무수행에 있어 확실한 수행능력을 갖출 수 있습니다.",
                "class": "긍정적인 태도를 갖춘"
            }
        ]
    }
}