{
    "meta": {
        "text_raw": "\"새로운 시선으로 도전하는 지원자\"\n\noo 과목에서 oo 프로젝트라는 주제로 20개 팀 중에 1등을 달성하였습니다. 팀 내에서 팀장과 ppt를 담당하였고 프로젝트를 진행하면서 전반적인 역할을 분배하였습니다. 시공사가 일반 도급만 하는 게 아니라 디벨로퍼형 사업으로 직접 부지 매입부터 시작하여 시공하면 더 많은 수익을 볼 수 있지 않을까라는 생각으로 시작하게 되었습니다. 프로젝트는 Equity 30%, PF 대출 70%로 사업비를 조달하며 아파트 o개동 oo세대를 평당 분양가 1750만 원에 분양하는 가정이었습니다. 실제로 개발 사업의 수익률은 oo%를 보여주었고 사업의 기간이 길어지고 리스크도 높아지지만 일반 도급보다 높은 수익률을 보여줌을 알 수 있었습니다. 팀 프로젝트를 진행하면서 발주처, 시행사와 시공사 간의 관계와 건설산업의 프로세스를 이해할 수 있었습니다. 새로운 시선과 도전정신으로 현장관리 업무 보조를 성공적으로 해내겠습니다."
    },
    "anno_text_data": {
        "data": [
            {
                "index": 0,
                "raw": "\"새로운 시선으로 도전하는 지원자\"\n\noo 과목에서 oo 프로젝트라는 주제로 20개 팀 중에 1등을 달성하였습니다. 팀 내에서 팀장과 ppt를 담당하였고 프로젝트를 진행하면서 전반적인 역할을 분배하였습니다. 시공사가 일반 도급만 하는 게 아니라 디벨로퍼형 사업으로 직접 부지 매입부터 시작하여 시공하면 더 많은 수익을 볼 수 있지 않을까라는 생각으로 시작하게 되었습니다. 프로젝트는 Equity 30%, PF 대출 70%로 사업비를 조달하며 아파트 o개동 oo세대를 평당 분양가 1750만 원에 분양하는 가정이었습니다. 실제로 개발 사업의 수익률은 oo%를 보여주었고 사업의 기간이 길어지고 리스크도 높아지지만 일반 도급보다 높은 수익률을 보여줌을 알 수 있었습니다. 팀 프로젝트를 진행하면서 발주처, 시행사와 시공사 간의 관계와 건설산업의 프로세스를 이해할 수 있었습니다. 새로운 시선과 도전정신으로 현장관리 업무 보조를 성공적으로 해내겠습니다.",
                "class": "창의력을 가진,문제해결능력이 뛰어난,비즈니스 마인드를 갖춘,적극적인"
            }
        ]
    }
}