{
    "meta": {
        "text_raw": "\"마침표보단 물음표\"\n\n유년시절 가정형편이 좋지 않았던 저는 정해진 것보단 새로운 것들의 연속이었습니다.\n주변 인물들은 외곽의 도움으로 마침표가 찍혔지만 저는 혼자 언제나 물음표였고, 물음표는 남들과 나를 비교하며 부족함으로 느끼는 비참함이었습니다. 그것이 열등감이 되었습니다. 아쉬운점 1하지만 그 열등감은 저에게 많은 선택지를 주었고 항상 물음표가 가득했던 저의 삶은 부정적인 물음표보단 새로운 것을 갈망하는 긍정적인 물음표가 되기 시작했습니다. 열등감으로 가득했던 소년은 자립심이 강해지고 자신감이 생겨 공동체 생활에서 리더가 되어 앞에서 길을 터주며 사람들을 포용할 줄 알고 남들의 부정적이고 비관적인 생각들을 긍정적이고 낙천적인 생각으로 바꿀 수 있게 되었습니다."
    },
    "anno_text_data": {
        "data": [
            {
                "index": 0,
                "raw": "\"마침표보단 물음표\"\n\n유년시절 가정형편이 좋지 않았던 저는 정해진 것보단 새로운 것들의 연속이었습니다.\n주변 인물들은 외곽의 도움으로 마침표가 찍혔지만 저는 혼자 언제나 물음표였고, 물음표는 남들과 나를 비교하며 부족함으로 느끼는 비참함이었습니다. 그것이 열등감이 되었습니다. 아쉬운점 1하지만 그 열등감은 저에게 많은 선택지를 주었고 항상 물음표가 가득했던 저의 삶은 부정적인 물음표보단 새로운 것을 갈망하는 긍정적인 물음표가 되기 시작했습니다. 열등감으로 가득했던 소년은 자립심이 강해지고 자신감이 생겨 공동체 생활에서 리더가 되어 앞에서 길을 터주며 사람들을 포용할 줄 알고 남들의 부정적이고 비관적인 생각들을 긍정적이고 낙천적인 생각으로 바꿀 수 있게 되었습니다.",
                "class": "적극적인,긍정적인 태도를 갖춘"
            }
        ]
    }
}