{
    "meta": {
        "text_raw": "\"충분한 의사소통의 중요성을 깨닫다\"\n\n특허출원 과정에서 의사소통 불충분으로 인해 오해가 발생한 적이 있습니다. 학교에서 학생들이 특허를 취득하게 하는 행사를 진행한 때였습니다. 발명품 중 특출난 것을 특허 등록 평가를 신청하는 과정에서 오해가 생겼습니다. 저는 평가에 드는 비용이 부담스러워 선생님께 등록을 보류하겠다고 말씀드렸습니다. 그런데 선생님께서는 제가 특허를 결정하고 싶지 않아 한다고 판단하셔서 특허를 신청할 기회를 특허 가능 목록에서 제외된 다른 학생에게 양도할 것을 요구하셨습니다. 의사소통의 부재로 인해 오해가 생긴 것입니다. \n\n대화로 오해를 풀다\"\n\n선생님께서 저를 오해하신다는 것을 알게 된 이후 저는 저의 입장을 상세히 설명해 드리며 오해를 풀 수 있었습니다. 제 이야기를 들으신 선생님께서는 변리사에게 특허 취득 과정에서 지원을 받을 수 있는지를 여쭤 알아봐 주시고 지원을 받을 수 있었습니다\n덕분에 저는 지원을 통해 수월히 특허 취득을 할 수 있었습니다."
    },
    "anno_text_data": {
        "data": [
            {
                "index": 0,
                "raw": "\"충분한 의사소통의 중요성을 깨닫다\"\n\n특허출원 과정에서 의사소통 불충분으로 인해 오해가 발생한 적이 있습니다. 학교에서 학생들이 특허를 취득하게 하는 행사를 진행한 때였습니다. 발명품 중 특출난 것을 특허 등록 평가를 신청하는 과정에서 오해가 생겼습니다. 저는 평가에 드는 비용이 부담스러워 선생님께 등록을 보류하겠다고 말씀드렸습니다. 그런데 선생님께서는 제가 특허를 결정하고 싶지 않아 한다고 판단하셔서 특허를 신청할 기회를 특허 가능 목록에서 제외된 다른 학생에게 양도할 것을 요구하셨습니다. 의사소통의 부재로 인해 오해가 생긴 것입니다. \n\n대화로 오해를 풀다\"\n\n선생님께서 저를 오해하신다는 것을 알게 된 이후 저는 저의 입장을 상세히 설명해 드리며 오해를 풀 수 있었습니다. 제 이야기를 들으신 선생님께서는 변리사에게 특허 취득 과정에서 지원을 받을 수 있는지를 여쭤 알아봐 주시고 지원을 받을 수 있었습니다\n덕분에 저는 지원을 통해 수월히 특허 취득을 할 수 있었습니다.",
                "class": "문제해결능력이 뛰어난,탄탄한 의사소통 능력을 가진,적극적인"
            }
        ]
    }
}