{
    "meta": {
        "text_raw": "\"클라우드 환경 변화를 넘어 AI 시대로의 패러다임 전략\"\n\nCOVID 19으로 인한 비대면 생활양식 보급은 클라우드 서비스 시대를 앞당겼습니다. 이는 구글, 마이크로소프트, 아마존과 같은 대형 클라우드 기업의 데이터센터 투자 확대를 이끌었습니다. 또한, ARM을 인수한 엔비디아와 자일링스를 인수한 AMD의 모습은 클라우드 시대로 변화가 시작되었음을 보여준다고 생각합니다.\n\n클라우드 서비스는 앞으로 생활 속에 녹아들 것입니다. 쇼핑, 은행, 게임 등 지금 사용하고 있는 애플리케이션을 다운로드 없이 원할 때마다 이용하고, 개인 소유 저장공간은 최소화될 것입니다. 이는 클라우드 서비스 기업의 서버용 DRAM 수요 증가로 이어질 것입니다. 2021년, 인텔의 새로운 서버용 프로세서 출시와 맞물려 삼성전자의 안정적인 DDR5 메모리 공급이 이루어진다면 경쟁사와 격차를 확대하는 시기가 될 것입니다. 지금까지 보여준 삼성전자의 미래 대응 능력과 안정적인 메모리 공급 능력을 통해 메모리 반도체 시장 1위 자리를 지켜낼 수 있을 것입니다.\n\n더 나아가, 인간의 역할을 대신하는 AI 반도체 시대가 오면 클라우드 시대의 수요증가와 비교도 안 될 정도로 수요가 늘어날 것입니다. 삼성전자도 반도체 비전 2030이라는 계획으로 NPU 개발을 비롯하여 시스템 반도체 글로벌 1위 달성을 목표하고 있습니다. 삼성전자는 다른 반도체 회사들과 달리 생활가전과 스마트폰과 같은 전자업계에서도 세계 최고의 기술력을 가지고 있습니다. 따라서 이 강점을 활용하여 앞으로 다양한 분야에 다양한 방법으로 인공지능 기술을 접목한다면 미래 시장을 선도하는 인공지능 칩을 개발할 수 있을 것으로 생각합니다. 이렇게 삼성전자만의 강점을 살려 패러다임 전환기에 대응한다면 종합 반도체 글로벌 1위를 넘어 일류 선도 기업으로 성장할 것으로 생각합니다."
    },
    "anno_text_data": {
        "data": [
            {
                "index": 0,
                "raw": "\"클라우드 환경 변화를 넘어 AI 시대로의 패러다임 전략\"\n\nCOVID 19으로 인한 비대면 생활양식 보급은 클라우드 서비스 시대를 앞당겼습니다. 이는 구글, 마이크로소프트, 아마존과 같은 대형 클라우드 기업의 데이터센터 투자 확대를 이끌었습니다. 또한, ARM을 인수한 엔비디아와 자일링스를 인수한 AMD의 모습은 클라우드 시대로 변화가 시작되었음을 보여준다고 생각합니다.\n\n클라우드 서비스는 앞으로 생활 속에 녹아들 것입니다. 쇼핑, 은행, 게임 등 지금 사용하고 있는 애플리케이션을 다운로드 없이 원할 때마다 이용하고, 개인 소유 저장공간은 최소화될 것입니다. 이는 클라우드 서비스 기업의 서버용 DRAM 수요 증가로 이어질 것입니다. 2021년, 인텔의 새로운 서버용 프로세서 출시와 맞물려 삼성전자의 안정적인 DDR5 메모리 공급이 이루어진다면 경쟁사와 격차를 확대하는 시기가 될 것입니다. 지금까지 보여준 삼성전자의 미래 대응 능력과 안정적인 메모리 공급 능력을 통해 메모리 반도체 시장 1위 자리를 지켜낼 수 있을 것입니다.\n\n더 나아가, 인간의 역할을 대신하는 AI 반도체 시대가 오면 클라우드 시대의 수요증가와 비교도 안 될 정도로 수요가 늘어날 것입니다. 삼성전자도 반도체 비전 2030이라는 계획으로 NPU 개발을 비롯하여 시스템 반도체 글로벌 1위 달성을 목표하고 있습니다. 삼성전자는 다른 반도체 회사들과 달리 생활가전과 스마트폰과 같은 전자업계에서도 세계 최고의 기술력을 가지고 있습니다. 따라서 이 강점을 활용하여 앞으로 다양한 분야에 다양한 방법으로 인공지능 기술을 접목한다면 미래 시장을 선도하는 인공지능 칩을 개발할 수 있을 것으로 생각합니다. 이렇게 삼성전자만의 강점을 살려 패러다임 전환기에 대응한다면 종합 반도체 글로벌 1위를 넘어 일류 선도 기업으로 성장할 것으로 생각합니다.",
                "class": "비즈니스 마인드를 갖춘"
            }
        ]
    }
}