{
    "meta": {
        "text_raw": "\"193번 유기 합성을 통한 정제 과정 숙달\"\n\n회사를 선택하는 기준인 꾸준한 변화를 통해 혁신을 창조하는 기업, CJ제일제당에 입사하고자 합니다.\nOOOOO 유기 화합물 합성 연구를 진행했습니다. 여러 특성을 가진 중간 화합물을 합성하며 재결정, 컬럼 크로마토그래피, 용매 추출의 정제 과정을 거쳤습니다. 분리할 물질에 따라 사용할 용매의 종류 및 조성, 극성 조건, 온도, 이동상 및 고정상의 종류 등 정제 조건을 다차원적으로 고려해야 했으며, 이러한 정제 과정에 의해 수득률이 많게는 50%까지 차이가 발생하는 것을 경험하며 정제 공정의 중요성을 깨닫았습니다. CJ제일제당은 기존 화학 공법에 안주하지 않고 세계 최초 ‘비전기분해 천연 시스테인’ 개발하는 행보를 통해 꾸준히 변화하며 혁신을 창조하는 기업이며 세계 최고 정제 공법을 가지고 있다고 생각합니다.\n\n193번의 유기 합성 연구를 진행하며 유기 화합물 디자인 및 synthetic scheme을 설계하고, 합성 컨디션 조절 및 정제 과정, scale-up 과정을 수행하며 용매 사용을 최소화하고 최고의 수득률을 얻기 위해 노력했습니다. 유기 합성 연구 동안 배우고 익힌 경험을 통해 물질을 가장 효율적으로 정제할 수 있는 공법을 개발하여 또 다른 세계 최초 필수 아미노산 친환경 생산에 일조하겠습니다."
    },
    "anno_text_data": {
        "data": [
            {
                "index": 0,
                "raw": "\"193번 유기 합성을 통한 정제 과정 숙달\"\n\n회사를 선택하는 기준인 꾸준한 변화를 통해 혁신을 창조하는 기업, CJ제일제당에 입사하고자 합니다.\nOOOOO 유기 화합물 합성 연구를 진행했습니다. 여러 특성을 가진 중간 화합물을 합성하며 재결정, 컬럼 크로마토그래피, 용매 추출의 정제 과정을 거쳤습니다. 분리할 물질에 따라 사용할 용매의 종류 및 조성, 극성 조건, 온도, 이동상 및 고정상의 종류 등 정제 조건을 다차원적으로 고려해야 했으며, 이러한 정제 과정에 의해 수득률이 많게는 50%까지 차이가 발생하는 것을 경험하며 정제 공정의 중요성을 깨닫았습니다. CJ제일제당은 기존 화학 공법에 안주하지 않고 세계 최초 ‘비전기분해 천연 시스테인’ 개발하는 행보를 통해 꾸준히 변화하며 혁신을 창조하는 기업이며 세계 최고 정제 공법을 가지고 있다고 생각합니다.\n\n193번의 유기 합성 연구를 진행하며 유기 화합물 디자인 및 synthetic scheme을 설계하고, 합성 컨디션 조절 및 정제 과정, scale-up 과정을 수행하며 용매 사용을 최소화하고 최고의 수득률을 얻기 위해 노력했습니다. 유기 합성 연구 동안 배우고 익힌 경험을 통해 물질을 가장 효율적으로 정제할 수 있는 공법을 개발하여 또 다른 세계 최초 필수 아미노산 친환경 생산에 일조하겠습니다.",
                "class": "데이터 기반의 의사결정을 하는,고도의 자기주도성을 가진"
            }
        ]
    }
}