{
    "meta": {
        "text_raw": "저는 경영지원 분야에서도 특히 인사팀의 사원으로서 HR 전문가로 성장하고 싶은 욕심이 있습니다. 청소년 지도를 하며 그들의 눈높이에서 같이 고민하고 대화를 통해 그들의 성장을 지켜보는 것이 즐거웠습니다. 소모임에 불과했던 학교 동아리에서 열심히 활동하고 동아리원 오디션을 보고, 공연을 기획하며 결국 정식 중앙동아리로 만든 경험 또한 즐거웠습니다. 때문에 저는 채용/보상/평가/교육을 통해 괄목상대하게 육성하는 것을 제 인생의 보람인 동시에 커리어의 지향점으로 정했습니다.\n\nHR은 크게 HRM(인적자원관리)와 HRD(인적자원개발)로 구분합니다. 이 두가지 분야도 세부적으로 들어가면 많이 나누어지기 때문에 모든 인사분야의 직무를 원하는 대로 경험할 수는 없을 것입니다. 때문에 입사 후 인사전반의 여러 직무를 거치면서 제가 생각하는 핵심적인 두세 가지 직무를 목표로 하여 각 직무에서 전문성을 확보하겠습니다. 물론 각종 커뮤니티 채널을 통해 여러 직무의 인사담당자들과의 교류를 하며 알게된 뛰어난 인사제도를 도입하기 위한 연구도 게을리 하지 않을 것입니다.\n\nHR은 모든 것이 빠르게 변하는 현대 산업에서 기업의 방향성을 빠르게 파악하고 변화를 선도해서 성장시켜야합니다. 성장에는 정해진 답안이 없습니다. 그저 최고가 되겠다는 생각으로 꾸준히 학습하고 도전하여 부산롯데호텔의 성장을 선도해나가겠습니다."
    },
    "anno_text_data": {
        "data": [
            {
                "index": 0,
                "raw": "저는 경영지원 분야에서도 특히 인사팀의 사원으로서 HR 전문가로 성장하고 싶은 욕심이 있습니다. 청소년 지도를 하며 그들의 눈높이에서 같이 고민하고 대화를 통해 그들의 성장을 지켜보는 것이 즐거웠습니다. 소모임에 불과했던 학교 동아리에서 열심히 활동하고 동아리원 오디션을 보고, 공연을 기획하며 결국 정식 중앙동아리로 만든 경험 또한 즐거웠습니다. 때문에 저는 채용/보상/평가/교육을 통해 괄목상대하게 육성하는 것을 제 인생의 보람인 동시에 커리어의 지향점으로 정했습니다.",
                "class": "지속적인 성장을 추구하는,고도의 자기주도성을 가진"
            },
            {
                "index": 1,
                "raw": "HR은 크게 HRM(인적자원관리)와 HRD(인적자원개발)로 구분합니다. 이 두가지 분야도 세부적으로 들어가면 많이 나누어지기 때문에 모든 인사분야의 직무를 원하는 대로 경험할 수는 없을 것입니다. 때문에 입사 후 인사전반의 여러 직무를 거치면서 제가 생각하는 핵심적인 두세 가지 직무를 목표로 하여 각 직무에서 전문성을 확보하겠습니다. 물론 각종 커뮤니티 채널을 통해 여러 직무의 인사담당자들과의 교류를 하며 알게된 뛰어난 인사제도를 도입하기 위한 연구도 게을리 하지 않을 것입니다.\n\nHR은 모든 것이 빠르게 변하는 현대 산업에서 기업의 방향성을 빠르게 파악하고 변화를 선도해서 성장시켜야합니다. 성장에는 정해진 답안이 없습니다. 그저 최고가 되겠다는 생각으로 꾸준히 학습하고 도전하여 부산롯데호텔의 성장을 선도해나가겠습니다.",
                "class": "지속적인 성장을 추구하는,비즈니스 마인드를 갖춘"
            }
        ]
    }
}