{
    "meta": {
        "text_raw": "\"샛별 배송의 매력과 소비자 행동 패턴 클러스터링을 통한 푸시 타깃 세분화\"\n마켓컬리 서비스의 장점 트렌드에 발 빠르게 대응한다는 것입니다. 크게 3가지에서 이 모습을 볼 수 있습니다. 첫째는 '샛별 배송과 프리미엄 식재료'입니다. 국내 식품 새벽 배송 유행을 불러일으킨 서비스로, 필요한 식재료를 다음날 새벽에 바로 받아볼 수 있다는 장점은 그 무엇보다 매력적이며 편리한 요소입니다. 다음은 '친환경 포장 사용'입니다. 환경 문제가 대두되며 친환경 요소 제품을 선호하는 에코 슈머가 빠르게 늘어가는 현 상황에서, 마켓컬리는 올 페이퍼 첼린지 진행을 통해 환경보호라는 트렌드를 선도하고 있습니다.\n마지막으로, 첫 구매 할인입니다. 무수히 생겨나는 쇼핑몰 시장에서 새로운 고객의 유입은 가장 중요한 요소 중 하나입니다. 마켓컬리는 이러한 새로운 고객 유입을 위해 획기적이고 소비자의 관심을 유도할 수 있는 가격으로 첫 구매 할인 제품을 제공하였습니다. 이처럼 마켓컬리는 항상 현 시장에서 경쟁력을 갖기 위해서 변화에 발 빠르게 적응 및 선도하고 있는 만큼 현대사회 소비자들의 행동 패턴을 혁신적으로 클러스터링 하여 소비자별 차별적 푸시 시스템 및 상품 구성을 구현한다면 구매율 및 마케팅 효율성을 높일 수 있습니다. 이를 구현하고 쌓여가는 데이터들을 실시간으로 반영할 수 있도록 고도화한다면, 모든 소비자의 마음에 꼭 맞는, 판매자 소비자 모두가 행복한 푸드마켓으로 거듭날 수 있을 것입니다."
    },
    "anno_text_data": {
        "data": [
            {
                "index": 0,
                "raw": "\"샛별 배송의 매력과 소비자 행동 패턴 클러스터링을 통한 푸시 타깃 세분화\"\n마켓컬리 서비스의 장점 트렌드에 발 빠르게 대응한다는 것입니다. 크게 3가지에서 이 모습을 볼 수 있습니다. 첫째는 '샛별 배송과 프리미엄 식재료'입니다. 국내 식품 새벽 배송 유행을 불러일으킨 서비스로, 필요한 식재료를 다음날 새벽에 바로 받아볼 수 있다는 장점은 그 무엇보다 매력적이며 편리한 요소입니다. 다음은 '친환경 포장 사용'입니다. 환경 문제가 대두되며 친환경 요소 제품을 선호하는 에코 슈머가 빠르게 늘어가는 현 상황에서, 마켓컬리는 올 페이퍼 첼린지 진행을 통해 환경보호라는 트렌드를 선도하고 있습니다.\n마지막으로, 첫 구매 할인입니다. 무수히 생겨나는 쇼핑몰 시장에서 새로운 고객의 유입은 가장 중요한 요소 중 하나입니다. 마켓컬리는 이러한 새로운 고객 유입을 위해 획기적이고 소비자의 관심을 유도할 수 있는 가격으로 첫 구매 할인 제품을 제공하였습니다. 이처럼 마켓컬리는 항상 현 시장에서 경쟁력을 갖기 위해서 변화에 발 빠르게 적응 및 선도하고 있는 만큼 현대사회 소비자들의 행동 패턴을 혁신적으로 클러스터링 하여 소비자별 차별적 푸시 시스템 및 상품 구성을 구현한다면 구매율 및 마케팅 효율성을 높일 수 있습니다. 이를 구현하고 쌓여가는 데이터들을 실시간으로 반영할 수 있도록 고도화한다면, 모든 소비자의 마음에 꼭 맞는, 판매자 소비자 모두가 행복한 푸드마켓으로 거듭날 수 있을 것입니다.",
                "class": "유연한 사고를 가진,데이터 기반의 의사결정을 하는,비즈니스 마인드를 갖춘"
            }
        ]
    }
}