{
    "meta": {
        "text_raw": "저는 SNS 마케팅 회사에서 스타가 화장품을 협찬 받아 판매하는 프로젝트를 진행하였습니다. 2주일 간 5명의 SNS 스타를 섭외하는 것을 목표로 하였습니다. 저는 블로그에서 화장품을 판매하는 사람들을 떠올려 쪽지로 활동 내용을 적어 섭외를 시도하였습니다. 하지만 누구도 답장하지 않았고 이점에 초점을 맞춰 문제를 해결하기 위해 고민했습니다. 먼저 친분이 없는 상태에서 받는 제안을 불쾌하게 느끼며 광고성 글은 무시할 것이라는 가설을 세워 섭외 방법을 바꾸었습니다. 그래서 먼저 블로그 친구를 맺고 댓글을 남기며 친밀감을 높였습니다. 그 후 댓글을 통해 프로젝트를 제안하였습니다.\n\n하지만 모든 블로거가 마진이 적다, 모르는 제품이다 등의 이유로 거절하였습니다. 적은 마진 문제를 해결하기 위해 화장품 공급업체와 조율하여 최저가로 제품을 공급 받았습니다. 제가 직접 사용한 후기를 제공하여 상대방의 신뢰감을 획득해 나갔고 결국 이러한 방법으로 7일만에 15명의 SNS 스타를 섭외하는 성과를 올렸습니다. 입사 후 기획과는 달리 판매가 부진했던 제품 등을 분석하여 문제점을 개선해나가는 MD가 되겠습니다."
    },
    "anno_text_data": {
        "data": [
            {
                "index": 0,
                "raw": "저는 SNS 마케팅 회사에서 스타가 화장품을 협찬 받아 판매하는 프로젝트를 진행하였습니다. 2주일 간 5명의 SNS 스타를 섭외하는 것을 목표로 하였습니다. 저는 블로그에서 화장품을 판매하는 사람들을 떠올려 쪽지로 활동 내용을 적어 섭외를 시도하였습니다. 하지만 누구도 답장하지 않았고 이점에 초점을 맞춰 문제를 해결하기 위해 고민했습니다. 먼저 친분이 없는 상태에서 받는 제안을 불쾌하게 느끼며 광고성 글은 무시할 것이라는 가설을 세워 섭외 방법을 바꾸었습니다. 그래서 먼저 블로그 친구를 맺고 댓글을 남기며 친밀감을 높였습니다. 그 후 댓글을 통해 프로젝트를 제안하였습니다.",
                "class": "적극적인"
            },
            {
                "index": 1,
                "raw": "하지만 모든 블로거가 마진이 적다, 모르는 제품이다 등의 이유로 거절하였습니다. 적은 마진 문제를 해결하기 위해 화장품 공급업체와 조율하여 최저가로 제품을 공급 받았습니다. 제가 직접 사용한 후기를 제공하여 상대방의 신뢰감을 획득해 나갔고 결국 이러한 방법으로 7일만에 15명의 SNS 스타를 섭외하는 성과를 올렸습니다. 입사 후 기획과는 달리 판매가 부진했던 제품 등을 분석하여 문제점을 개선해나가는 MD가 되겠습니다.",
                "class": "위기 상황에서도 안정감을 주는,긍정적인 태도를 갖춘"
            }
        ]
    }
}