{
    "meta": {
        "text_raw": "국어 학원 근무 시, 학원에서 수업해야 할 내용이 많아졌습니다. 하지만 수업 시간은 한정적이어서 추가 내용을 진행할 수가 없었습니다. 이에 대한 해결방안으로 ‘유튜브 동영상 강의’를 제안했습니다. 시간 변동이 없고, 영상에 익숙한 학생에게 가장 적합하다고 생각했기 때문입니다. 하지만 반대 의견이 있었습니다. 입시 학원의 경쟁력인 강의 내용이 유출, 도용 가능성이 있다는 이유였습니다.\n\n이를 설득하기 위해 보고서를 작성했습니다. 그 근거를 위해 학생 설문조사를 이행했고, 문항은 추가 수업과 동영상 강의의 선호도, 집중할 수 있는 동영상의 길이 두 가지였습니다. 결과는 70%의 동영상 강의 선호와, 10분 내외의 길이였습니다. 따라서 영상 길이는 10분, 수업 추가 내용만 포함하는 결정을 내렸습니다. 이 방안으로 정보 유출보다 홍보 역할을 할 수 있고, 반복 시청으로 학습에 도움이 된다는 효과도 기대했습니다. 보고서는 반대 의견 설득에 성공했고 결과적으로 학생들의 과제 이행도 상승, 50명의 원생 증가를 달성하게 되었습니다.\n\n이 경험으로 팀 내 의견 충돌이 발생했을 때 해결하는 역량을 갖추었습니다. 상대와 갈등을 유발하지 않으면서 원만히 문제를 해결할 수 있습니다. 재무 부서는 회계 정책을 수립하거나 재무 리스크를 관리하는 업무를 담당합니다. SK브로드밴드는 현재 Cloud PC 등 새로운 서비스 사업을 개척했습니다. 이를 위한 기존의 인프라를 보완해 기존 회선 기반 사업의 경쟁력 강화를 시도하고 있습니다. 해당 과정에서 유형자산 관련 지출이 발생하므로 관련 회계 처리에 대한 논의가 요구됩니다.\n\n이와 같은 새로운 경영 전략이 요구될 때엔 재무 위험을 야기하지 않도록 주의해야 합니다. 보유한 역량은 의사결정을 이행함에 있어 최선의 대안을 선택할 수 있게 합니다. 또한 팀 내 분위기를 원만히 유지하여 근무 만족도를 상승시켜 업무 효율을 낼 수 있습니다. 이처럼 문제 해결 역량을 기반으로 한 부서 내 커뮤니케이션을 통해 SK브로드밴드의 내부 구조 관리에 기여하겠습니다."
    },
    "anno_text_data": {
        "data": [
            {
                "index": 0,
                "raw": "국어 학원 근무 시, 학원에서 수업해야 할 내용이 많아졌습니다. 하지만 수업 시간은 한정적이어서 추가 내용을 진행할 수가 없었습니다. 이에 대한 해결방안으로 ‘유튜브 동영상 강의’를 제안했습니다. 시간 변동이 없고, 영상에 익숙한 학생에게 가장 적합하다고 생각했기 때문입니다. 하지만 반대 의견이 있었습니다. 입시 학원의 경쟁력인 강의 내용이 유출, 도용 가능성이 있다는 이유였습니다.\n\n이를 설득하기 위해 보고서를 작성했습니다. 그 근거를 위해 학생 설문조사를 이행했고, 문항은 추가 수업과 동영상 강의의 선호도, 집중할 수 있는 동영상의 길이 두 가지였습니다. 결과는 70%의 동영상 강의 선호와, 10분 내외의 길이였습니다. 따라서 영상 길이는 10분, 수업 추가 내용만 포함하는 결정을 내렸습니다. 이 방안으로 정보 유출보다 홍보 역할을 할 수 있고, 반복 시청으로 학습에 도움이 된다는 효과도 기대했습니다. 보고서는 반대 의견 설득에 성공했고 결과적으로 학생들의 과제 이행도 상승, 50명의 원생 증가를 달성하게 되었습니다.",
                "class": "문제해결능력이 뛰어난,데이터 기반의 의사결정을 하는"
            },
            {
                "index": 1,
                "raw": "이 경험으로 팀 내 의견 충돌이 발생했을 때 해결하는 역량을 갖추었습니다. 상대와 갈등을 유발하지 않으면서 원만히 문제를 해결할 수 있습니다. 재무 부서는 회계 정책을 수립하거나 재무 리스크를 관리하는 업무를 담당합니다. SK브로드밴드는 현재 Cloud PC 등 새로운 서비스 사업을 개척했습니다. 이를 위한 기존의 인프라를 보완해 기존 회선 기반 사업의 경쟁력 강화를 시도하고 있습니다. 해당 과정에서 유형자산 관련 지출이 발생하므로 관련 회계 처리에 대한 논의가 요구됩니다.\n\n이와 같은 새로운 경영 전략이 요구될 때엔 재무 위험을 야기하지 않도록 주의해야 합니다. 보유한 역량은 의사결정을 이행함에 있어 최선의 대안을 선택할 수 있게 합니다. 또한 팀 내 분위기를 원만히 유지하여 근무 만족도를 상승시켜 업무 효율을 낼 수 있습니다. 이처럼 문제 해결 역량을 기반으로 한 부서 내 커뮤니케이션을 통해 SK브로드밴드의 내부 구조 관리에 기여하겠습니다.",
                "class": "문제해결능력이 뛰어난,탄탄한 의사소통 능력을 가진"
            }
        ]
    }
}