{
    "meta": {
        "text_raw": "\"데이터 기반의 사고 능력을 바탕으로 디지털 혁신에 힘쓰겠습니다.\"\n저의 직장 선택 기준은 자발성을 발현시키는 '사회적 영향력'과 변화하는 사회의 니즈를 파악하고 충족시키는 '혁신적 마인드'입니다. 마켓컬리는 새벽 배송 개척자로서, 대한민국에 신선식품 새벽 배송 혁신을 불러온 만큼 혁신적 마인드를 보여주고 있습니다. 또한 신선식품 새벽 배송 1위에 만족하지 않고 계속해서 새로운 도전을 실행하는 만큼 저의 데이터 기반 사고 능력을 바탕으로 다방면에서 혁신을 이루고 저 역시 성장할 수 있는 최고의 직장임을 확신하여 지원하였습니다. 저의 역량을 바탕으로 2가지 분야에서 성장을 위해 힘쓰겠습니다.\n\n\"텍스트 분석을 통해 니즈를 파악하여 다양한 전략을 도출하겠습니다.\"\n효과적인 전략은 정확한 니즈 파악으로부터 시작됩니다. 저는 Text 분석 모델인 Author Topic Model 과 Dynamic Topic Model을 이용하여 학우들과의 카카오톡 대화 내용을 분석한 경험이 있습니다. 이 과정에서 Text 분석을 통해 발화자 별 그리고 시간의 흐름에 따라 변화하는 토픽을 통해 현재 불만사항과 관심사의 변화를 파악할 수 있다는 것을 발견하였습니다. 기업 내부의 로그 데이터와 텍스트 데이터들을 활용하여 소비자의 불편 사항을 파악하고 소비자 클러스터링을 통한 타깃 세분화로 효과적 비즈니스 전략을 도출하겠습니다.\n\n\"태블로와 같은 시각화 툴을 적극 활용한 협업 효율 강화\"\nOO 주관 OO시 어린이 교통사고 위험지역 도출 공모전에 참여하여 태블로 및 파이썬의 pydeck과 같은 시각화 툴을 적극적으로 사용한 경험이 있습니다. 태블로를 활용하여 흩어져 있는 데이터들을 비교적 쉽게 모으고 파악하여 시각적으로 표현하였습니다. 빅데이터를 분석함에 있어 유관 부서와의 협업은 필수적입니다. 저는 유관 부서와의 협업을 위해 직관적이고 편의성이 높은 태블로를 활용하여 업무의 효율을 높이겠습니다. 마켓컬리는 새벽 배송 1위 기업인 만큼 데이터 분석에 있어 빠르게 쌓여가는 양질의 데이터들을 빠르게 파악하고 효과적으로 분석하는 역량이 필요합니다. 지속적으로 적재되는 데이터들을 반영할 수 있는 시각화 자료를 활용함으로써 협업의 효율과 작업의 편의성을 높임으로써 비즈니스 전략 도출 수단으로서 적극 활용하겠습니다."
    },
    "anno_text_data": {
        "data": [
            {
                "index": 0,
                "raw": "\"데이터 기반의 사고 능력을 바탕으로 디지털 혁신에 힘쓰겠습니다.\"\n저의 직장 선택 기준은 자발성을 발현시키는 '사회적 영향력'과 변화하는 사회의 니즈를 파악하고 충족시키는 '혁신적 마인드'입니다. 마켓컬리는 새벽 배송 개척자로서, 대한민국에 신선식품 새벽 배송 혁신을 불러온 만큼 혁신적 마인드를 보여주고 있습니다. 또한 신선식품 새벽 배송 1위에 만족하지 않고 계속해서 새로운 도전을 실행하는 만큼 저의 데이터 기반 사고 능력을 바탕으로 다방면에서 혁신을 이루고 저 역시 성장할 수 있는 최고의 직장임을 확신하여 지원하였습니다. 저의 역량을 바탕으로 2가지 분야에서 성장을 위해 힘쓰겠습니다.",
                "class": "지속적인 성장을 추구하는"
            },
            {
                "index": 1,
                "raw": "\"텍스트 분석을 통해 니즈를 파악하여 다양한 전략을 도출하겠습니다.\"\n효과적인 전략은 정확한 니즈 파악으로부터 시작됩니다. 저는 Text 분석 모델인 Author Topic Model 과 Dynamic Topic Model을 이용하여 학우들과의 카카오톡 대화 내용을 분석한 경험이 있습니다. 이 과정에서 Text 분석을 통해 발화자 별 그리고 시간의 흐름에 따라 변화하는 토픽을 통해 현재 불만사항과 관심사의 변화를 파악할 수 있다는 것을 발견하였습니다. 기업 내부의 로그 데이터와 텍스트 데이터들을 활용하여 소비자의 불편 사항을 파악하고 소비자 클러스터링을 통한 타깃 세분화로 효과적 비즈니스 전략을 도출하겠습니다.",
                "class": "데이터 기반의 의사결정을 하는,문제해결능력이 뛰어난"
            },
            {
                "index": 2,
                "raw": "\"태블로와 같은 시각화 툴을 적극 활용한 협업 효율 강화\"\nOO 주관 OO시 어린이 교통사고 위험지역 도출 공모전에 참여하여 태블로 및 파이썬의 pydeck과 같은 시각화 툴을 적극적으로 사용한 경험이 있습니다. 태블로를 활용하여 흩어져 있는 데이터들을 비교적 쉽게 모으고 파악하여 시각적으로 표현하였습니다. 빅데이터를 분석함에 있어 유관 부서와의 협업은 필수적입니다. 저는 유관 부서와의 협업을 위해 직관적이고 편의성이 높은 태블로를 활용하여 업무의 효율을 높이겠습니다. 마켓컬리는 새벽 배송 1위 기업인 만큼 데이터 분석에 있어 빠르게 쌓여가는 양질의 데이터들을 빠르게 파악하고 효과적으로 분석하는 역량이 필요합니다. 지속적으로 적재되는 데이터들을 반영할 수 있는 시각화 자료를 활용함으로써 협업의 효율과 작업의 편의성을 높임으로써 비즈니스 전략 도출 수단으로서 적극 활용하겠습니다.",
                "class": "데이터 기반의 의사결정을 하는,문제해결능력이 뛰어난,탄탄한 의사소통 능력을 가진,자원을 효율적으로 활용하는"
            }
        ]
    }
}