{
    "meta": {
        "text_raw": "1. 문제 상황 : 회로설계 과목에서 최종 작품을 설계했을 때의 경험입니다. 'OOOO OOO' 개발을 목표로 하여 작품을 제작했고, 저는 'Multisim'이라는 회로설계 프로그램을 이용한 회로설계를 담당했습니다. 프로그램상으로 설계한 회로의 동작과 출력값에는 문제가 없었지만, 실제 결선을 해보니 목표했던 비율만큼 전압이 출력되지 않았고 리플전압 마저 높게 나오는 문제가 발생했습니다.\n\n2. 문제 해결 : 프로그램상의 회로와 실제 결선 회로의 출력 차이를 알기 위해 실제 결선했을 때의 출력과정을 자세히 측정하며 원인을 분석했습니다. 그 결과 타이머의 PWM 제어를 위해 사용한 가변저항값이 입력 전원에 따라 달라지는 문제를 발견했습니다. 문제 해결을 위해 다양한 규격의 가변저항과 타이머들을 준비하여 수많은 샘플을 출력해보았고, 더 나아가 가변저항 없이 PWM 제어가 가능한 '아두이노'를 활용하여 새로운 방식으로도 접근하며 데이터를 비교했습니다. 그렇게 '아두이노'라는 도구를 사용하면 목표 출력값을 얻고 리플전압도 제거할 수 있다는 것을 알게 되어 문제를 해결했습니다.\n\n3. 이유 : 프로그램상의 회로가 정상 작동했음에도 실제 결선에서는 문제가 발생했다는 점에서 두 회로의 출력과정의 차이를 자세히 분석해야 할 필요가 있다고 생각했습니다. 그 결과 소자들이 회로에서 사용될 때 갖는 값과 고유의 규격 값이 달라질 수 있다는 것을 정확히 분석했고, 이를 통해 다양한 변수를 활용한 출력 데이터를 비교함으로써 문제를 신속하게 처리할 수 있었습니다.\n\n입사 후, 근무하며 설비 오작동 등의 문제가 발생한다면 정확한 원인을 분석하며 해결해 나아가겠습니다."
    },
    "anno_text_data": {
        "data": [
            {
                "index": 0,
                "raw": "1. 문제 상황 : 회로설계 과목에서 최종 작품을 설계했을 때의 경험입니다. 'OOOO OOO' 개발을 목표로 하여 작품을 제작했고, 저는 'Multisim'이라는 회로설계 프로그램을 이용한 회로설계를 담당했습니다. 프로그램상으로 설계한 회로의 동작과 출력값에는 문제가 없었지만, 실제 결선을 해보니 목표했던 비율만큼 전압이 출력되지 않았고 리플전압 마저 높게 나오는 문제가 발생했습니다.\n\n2. 문제 해결 : 프로그램상의 회로와 실제 결선 회로의 출력 차이를 알기 위해 실제 결선했을 때의 출력과정을 자세히 측정하며 원인을 분석했습니다. 그 결과 타이머의 PWM 제어를 위해 사용한 가변저항값이 입력 전원에 따라 달라지는 문제를 발견했습니다. 문제 해결을 위해 다양한 규격의 가변저항과 타이머들을 준비하여 수많은 샘플을 출력해보았고, 더 나아가 가변저항 없이 PWM 제어가 가능한 '아두이노'를 활용하여 새로운 방식으로도 접근하며 데이터를 비교했습니다. 그렇게 '아두이노'라는 도구를 사용하면 목표 출력값을 얻고 리플전압도 제거할 수 있다는 것을 알게 되어 문제를 해결했습니다.\n\n3. 이유 : 프로그램상의 회로가 정상 작동했음에도 실제 결선에서는 문제가 발생했다는 점에서 두 회로의 출력과정의 차이를 자세히 분석해야 할 필요가 있다고 생각했습니다. 그 결과 소자들이 회로에서 사용될 때 갖는 값과 고유의 규격 값이 달라질 수 있다는 것을 정확히 분석했고, 이를 통해 다양한 변수를 활용한 출력 데이터를 비교함으로써 문제를 신속하게 처리할 수 있었습니다.\n\n입사 후, 근무하며 설비 오작동 등의 문제가 발생한다면 정확한 원인을 분석하며 해결해 나아가겠습니다.",
                "class": "문제해결능력이 뛰어난,데이터 기반의 의사결정을 하는,유연한 사고를 가진,적응력이 높은,적극적인"
            }
        ]
    }
}