{
    "meta": {
        "text_raw": "\"이상을 현실로 실현시켜 나가다\"\n\n공사관리는 공사현장에서 실제로 설계대로 잘 진행되고 있는지 공사 진행 상황을 관리하는 직무입니다. 미래에 시공 전문가라는 목표를 위해서는 공사관리로써 다양한 현장을 경험해야 합니다. 2가지 역량을 바탕으로 현장실습을 수행한 후 시공 전문가로의 한 걸음 더 나아가겠습니다.\n\n\"업무의 효율성을 높이는 분석 능력\"\n\noo건설 인턴 당시 아파트 현장은 층별 반복 공사라는 분석을 해냈고, Autocad와 Excel을 이용하여 각 기둥, 벽 등을 부재별로 정리하여 콘크리트 타설량, 벽돌의 조적량을 쉽게 계산할 수 있었습니다.\n\n\"최고를 향해 도전하는 열정쟁이\"\n\n건축공학 전공에서 최고가 되기 위한 열정 덕분에 전공 평점ooo, 전공학점 oo학점을 이수하였고 o번의 성적장학금을 받았습니다o번의 직무교육과 o번의 CM 프로젝트를 통해 전공에 대해 이해를 높였습니다. 이론뿐만 아니라 2번의 인턴십을 통해 현장에서의 경험을 쌓았습니다."
    },
    "anno_text_data": {
        "data": [
            {
                "index": 0,
                "raw": "\"이상을 현실로 실현시켜 나가다\"\n\n공사관리는 공사현장에서 실제로 설계대로 잘 진행되고 있는지 공사 진행 상황을 관리하는 직무입니다. 미래에 시공 전문가라는 목표를 위해서는 공사관리로써 다양한 현장을 경험해야 합니다. 2가지 역량을 바탕으로 현장실습을 수행한 후 시공 전문가로의 한 걸음 더 나아가겠습니다.",
                "class": "지속적인 성장을 추구하는"
            },
            {
                "index": 1,
                "raw": "\"업무의 효율성을 높이는 분석 능력\"\n\noo건설 인턴 당시 아파트 현장은 층별 반복 공사라는 분석을 해냈고, Autocad와 Excel을 이용하여 각 기둥, 벽 등을 부재별로 정리하여 콘크리트 타설량, 벽돌의 조적량을 쉽게 계산할 수 있었습니다.",
                "class": "데이터 기반의 의사결정을 하는,문제해결능력이 뛰어난"
            },
            {
                "index": 2,
                "raw": "\"최고를 향해 도전하는 열정쟁이\"\n\n건축공학 전공에서 최고가 되기 위한 열정 덕분에 전공 평점ooo, 전공학점 oo학점을 이수하였고 o번의 성적장학금을 받았습니다o번의 직무교육과 o번의 CM 프로젝트를 통해 전공에 대해 이해를 높였습니다. 이론뿐만 아니라 2번의 인턴십을 통해 현장에서의 경험을 쌓았습니다.",
                "class": "지속적인 성장을 추구하는,목표를 달성하는 능력을 갖춘,고도의 자기주도성을 가진"
            }
        ]
    }
}