{
    "meta": {
        "text_raw": "\"정석을 따르지 않고 최고의 점수를 얻다\"\n\n국제OOOOOOO에서 주최한 OOOO페스티벌에 출전한 때였습니다. 제가 출전한 골프로봇 종목은 중국 학생들의 초기 수상경력이 많은 종목으로 중국 학생들이 사용한 전략과 방식을 분석한 뒤 모방하여 똑같이 경기를 운영하는 것이 일반적이였습니다.\n물론 중국 학생들이 사용하던 방식이 정석이라 불리고 그 전략을 100점의 기준으로 잡아 모방하는 기존의 대응 방식도 높은 점수를 받을 수 있었습니다.\n\n하지만 모방하는 데에서 끝난다면 중국 학생들의 점수가 한계점이 되어 더 높은 점수를 받을 수 없다고 생각하였습니다. 그래서 저는 중국 학생들을 모방하지 않고 피타고라스의 법칙을 응용하여 각도가 달라지는 지점에서의 최단 거리를 구해 로봇의 이동에 걸리는 거리와 시도 횟수를 줄여 기록단축에 성공하여 올림피아드 우승을 할 수 있었습니다. 정석을 그대로 모방하는 기존의 방식보다는 창의적으로 가능성 있는 모든 것을 시도하며 좋은 성과를 낸 경험이었습니다"
    },
    "anno_text_data": {
        "data": [
            {
                "index": 0,
                "raw": "\"정석을 따르지 않고 최고의 점수를 얻다\"\n\n국제OOOOOOO에서 주최한 OOOO페스티벌에 출전한 때였습니다. 제가 출전한 골프로봇 종목은 중국 학생들의 초기 수상경력이 많은 종목으로 중국 학생들이 사용한 전략과 방식을 분석한 뒤 모방하여 똑같이 경기를 운영하는 것이 일반적이였습니다.\n물론 중국 학생들이 사용하던 방식이 정석이라 불리고 그 전략을 100점의 기준으로 잡아 모방하는 기존의 대응 방식도 높은 점수를 받을 수 있었습니다.\n\n하지만 모방하는 데에서 끝난다면 중국 학생들의 점수가 한계점이 되어 더 높은 점수를 받을 수 없다고 생각하였습니다. 그래서 저는 중국 학생들을 모방하지 않고 피타고라스의 법칙을 응용하여 각도가 달라지는 지점에서의 최단 거리를 구해 로봇의 이동에 걸리는 거리와 시도 횟수를 줄여 기록단축에 성공하여 올림피아드 우승을 할 수 있었습니다. 정석을 그대로 모방하는 기존의 방식보다는 창의적으로 가능성 있는 모든 것을 시도하며 좋은 성과를 낸 경험이었습니다",
                "class": "창의력을 가진,유연한 사고를 가진,문제해결능력이 뛰어난,적극적인"
            }
        ]
    }
}