{
    "meta": {
        "text_raw": "기계엔지니어로서 저의 강점은 기계공학뿐만 아니라 반도체를 포함하여 전기 및 전자공학 분야를 아우르는 융합적인 지식을 갖추었다는 점입니다. 전기시스템에 대한 이해는 대학교를 졸업하고 사회에 나가 다양한 분야의 전문가들과 협업하여 프로젝트를 수행하는데 많은 도움이 될 것이라고 판단했습니다. 전자기학, 회로이론, 전자회로 등 전기 및 전자공학 분야의 필수적인 과목들을 추가로 이수하며 전기시스템에 대한 이론을 다졌고 디지털시스템실험 과목을 통해 다양한 전자실험기기를 활용하여 다양한 실험을 수행할 수 있었습니다.\n\n또한 MEMS 과목을 이수하며 기본적인 반도체 공정과정뿐만 아니라 앞으로 반도체 산업의 미래, 차세대 나노기술들에 대해 집중적으로 배울 수 있었습니다. 남들보다 많은 시간과 노력을 들여 다양한 분야의 과목들을 이수한 덕분에 융합적인 지식을 갖춘 인재로 평가받을 수 있었고 다양한 연구 및 개발 현장에서 인턴 기회를 부여받을 수 있었습니다.\n\nOOOOOOO의 OOOO/OOOOO팀 OO파트에 소속되어 고객사로부터 의뢰받은 제품의 도면을 재차 3D모델링하는 업무를 수행하였습니다. CATIA프로그램을 활용하여 개인프로젝트로 진행했던 드론의 3D모형 제작 및 시뮬레이션 경험을 바탕으로 ANSYS프로그램을 수월하게 배울 수 있었고 개발현장에 빠르게 접목시킬 수 있었습니다. 또한 실제 제품이 생산되는 공장을 오가며 제품 수율에 영향을 미치는 설비적, 기계적 요인을 분석하는 업무를 수행하였습니다.\n\n회로파트, 광학파트와 협력하여 불량문제를 해결해 나가는 과정 속에서 기계분야 뿐만아니라 전기 및 전자분야에 대한 이해 덕분에 원활한 의사소통이 가능했다고 생각합니다. 제조업 분야에서 단기간 내에 제품을 생산하여 납품해야 하는 일련의 개발 과정을 경험하며 기계엔지니어로서 한 단계 성장할 수 있었고 저의 강점을 확인할 수 있었습니다. 융합적인 지식과 경험을 바탕으로 전세계 반도체 시장을 이끌어가고 있는 SK하이닉스에 입사하여 양산/기술직무의 전문가로 성장해 나갈 것입니다."
    },
    "anno_text_data": {
        "data": [
            {
                "index": 0,
                "raw": "기계엔지니어로서 저의 강점은 기계공학뿐만 아니라 반도체를 포함하여 전기 및 전자공학 분야를 아우르는 융합적인 지식을 갖추었다는 점입니다. 전기시스템에 대한 이해는 대학교를 졸업하고 사회에 나가 다양한 분야의 전문가들과 협업하여 프로젝트를 수행하는데 많은 도움이 될 것이라고 판단했습니다. 전자기학, 회로이론, 전자회로 등 전기 및 전자공학 분야의 필수적인 과목들을 추가로 이수하며 전기시스템에 대한 이론을 다졌고 디지털시스템실험 과목을 통해 다양한 전자실험기기를 활용하여 다양한 실험을 수행할 수 있었습니다.\n\n또한 MEMS 과목을 이수하며 기본적인 반도체 공정과정뿐만 아니라 앞으로 반도체 산업의 미래, 차세대 나노기술들에 대해 집중적으로 배울 수 있었습니다. 남들보다 많은 시간과 노력을 들여 다양한 분야의 과목들을 이수한 덕분에 융합적인 지식을 갖춘 인재로 평가받을 수 있었고 다양한 연구 및 개발 현장에서 인턴 기회를 부여받을 수 있었습니다.",
                "class": "지속적인 성장을 추구하는,고도의 자기주도성을 가진"
            },
            {
                "index": 1,
                "raw": "OOOOOOO의 OOOO/OOOOO팀 OO파트에 소속되어 고객사로부터 의뢰받은 제품의 도면을 재차 3D모델링하는 업무를 수행하였습니다. CATIA프로그램을 활용하여 개인프로젝트로 진행했던 드론의 3D모형 제작 및 시뮬레이션 경험을 바탕으로 ANSYS프로그램을 수월하게 배울 수 있었고 개발현장에 빠르게 접목시킬 수 있었습니다. 또한 실제 제품이 생산되는 공장을 오가며 제품 수율에 영향을 미치는 설비적, 기계적 요인을 분석하는 업무를 수행하였습니다.\n\n회로파트, 광학파트와 협력하여 불량문제를 해결해 나가는 과정 속에서 기계분야 뿐만아니라 전기 및 전자분야에 대한 이해 덕분에 원활한 의사소통이 가능했다고 생각합니다. 제조업 분야에서 단기간 내에 제품을 생산하여 납품해야 하는 일련의 개발 과정을 경험하며 기계엔지니어로서 한 단계 성장할 수 있었고 저의 강점을 확인할 수 있었습니다. 융합적인 지식과 경험을 바탕으로 전세계 반도체 시장을 이끌어가고 있는 SK하이닉스에 입사하여 양산/기술직무의 전문가로 성장해 나갈 것입니다.",
                "class": "적응력이 높은,고도의 책임감을 가진"
            }
        ]
    }
}