{
    "meta": {
        "text_raw": "\"내 일에 대한 책임감\"\n\n지난 2개월간 OOO 산하 OOOO OOOOO에서 9급 공무원급인 실무관으로 일하며 파라과이의 자원순환 사회 구축에 관해 교육 프로젝트를 진행하였고 한 사람의 몫을 오롯이 해내 조직의 목표에 이바지했던 경험이 최근 가장 큰 성취였습니다. 국제 교육은 개도국에서 국내로 연수를 오는 형태에서 코로나로 인해 비대면으로 진행되었습니다.\n\n외주 영상 업체 선정과정에서 세금과 관련한 문제로 프로젝트 준비에 차질이 생겼습니다. 이로 인해 교육에 필요한 강의 영상의 촬영, 더빙, 편집을 위한 시간이 매우 촉박하게 주어졌습니다. 최종 영상 검수 후 수정이 필요한 상황이었지만 영상 업체에서 스페인어 가능 인력을 투입하지 않아 즉각적인 수정이 불가능했습니다. 유튜브를 영상 편집 경험을 토대로 직접 편집 하겠다고 상사에게 권했고 스튜디오로 갔습니다. 더빙 부분을 재녹음하고 그날 새벽 편집실에서 아침 7시까지 직접 편집하여 프로젝트 진행에 차질이 생기지 않았습니다. 힘든 일정이었지만 이 경험을 통해서 발전할 수 있음에 감사했습니다. 또한, 내가 맡은 일에 최선을 다 함으로서 보람을 느낄 수 있었습니다."
    },
    "anno_text_data": {
        "data": [
            {
                "index": 0,
                "raw": "\"내 일에 대한 책임감\"\n\n지난 2개월간 OOO 산하 OOOO OOOOO에서 9급 공무원급인 실무관으로 일하며 파라과이의 자원순환 사회 구축에 관해 교육 프로젝트를 진행하였고 한 사람의 몫을 오롯이 해내 조직의 목표에 이바지했던 경험이 최근 가장 큰 성취였습니다. 국제 교육은 개도국에서 국내로 연수를 오는 형태에서 코로나로 인해 비대면으로 진행되었습니다.\n\n외주 영상 업체 선정과정에서 세금과 관련한 문제로 프로젝트 준비에 차질이 생겼습니다. 이로 인해 교육에 필요한 강의 영상의 촬영, 더빙, 편집을 위한 시간이 매우 촉박하게 주어졌습니다. 최종 영상 검수 후 수정이 필요한 상황이었지만 영상 업체에서 스페인어 가능 인력을 투입하지 않아 즉각적인 수정이 불가능했습니다. 유튜브를 영상 편집 경험을 토대로 직접 편집 하겠다고 상사에게 권했고 스튜디오로 갔습니다. 더빙 부분을 재녹음하고 그날 새벽 편집실에서 아침 7시까지 직접 편집하여 프로젝트 진행에 차질이 생기지 않았습니다. 힘든 일정이었지만 이 경험을 통해서 발전할 수 있음에 감사했습니다. 또한, 내가 맡은 일에 최선을 다 함으로서 보람을 느낄 수 있었습니다.",
                "class": "문제해결능력이 뛰어난,유연한 사고를 가진,고도의 책임감을 가진,적극적인,자원을 효율적으로 활용하는,위기 상황에서도 안정감을 주는"
            }
        ]
    }
}