{
    "meta": {
        "text_raw": "저는 국내외 바이어들과 고객들을 서로 연결해주며 동시에 긍정적인 에너지를 전달해주는 \"다리\"가 되고 싶었기 때문에 세아상역에 지원하게 되었습니다. 이런 인재가 되기 위해서는 고객들의 니즈를 정확하게 캐치해 낼 수 있는 의사소통 능력과, 수주받은 물품을 정확하게, 또 제때에 납품할수 있게 하기 위한 꼼꼼함이 필요하다고 생각합니다. \n\n저는 예전에 한 VR카페에서 매니저로 재직했었습니다. 그 때 제가 관리하던 아르바이트 사원들이 21명이 있었는데, 다루는 장비가 비싸고 운영방식이 어려움에도 불구하고 불만이 생기는 즉시 바로 이야기를 들어가며 아르바이트생들과 꾸준하게 의사소통 한 결과 재직기간 내내 단 1명의 아르바이트만 퇴사하는 성과를 거두었습니다. 또한 학원의 영어선생님으로 약 6개월가량 일을 했었는데 그 당시 제가 담당하던 13명의 학생들을 꼼꼼하게 개별로 성적 트래킹을 하고 맞춤형 플랜을 짜 주어 최대 3단계의 등급 상승을 이끌어낸 경험이 있습니다. 위와 같은 의사소통 경험과 꼼꼼함을 통해서 저는 저 자신과 더 나아가 회사에 대해 전 세계적으로 긍정적인 이미지를 각인하고 싶다는 바람이 생겼기에 세아상역의 이번 채용이 좋은 기회라고 생각했습니다."
    },
    "anno_text_data": {
        "data": [
            {
                "index": 0,
                "raw": "저는 국내외 바이어들과 고객들을 서로 연결해주며 동시에 긍정적인 에너지를 전달해주는 \"다리\"가 되고 싶었기 때문에 세아상역에 지원하게 되었습니다. 이런 인재가 되기 위해서는 고객들의 니즈를 정확하게 캐치해 낼 수 있는 의사소통 능력과, 수주받은 물품을 정확하게, 또 제때에 납품할수 있게 하기 위한 꼼꼼함이 필요하다고 생각합니다. \n\n저는 예전에 한 VR카페에서 매니저로 재직했었습니다. 그 때 제가 관리하던 아르바이트 사원들이 21명이 있었는데, 다루는 장비가 비싸고 운영방식이 어려움에도 불구하고 불만이 생기는 즉시 바로 이야기를 들어가며 아르바이트생들과 꾸준하게 의사소통 한 결과 재직기간 내내 단 1명의 아르바이트만 퇴사하는 성과를 거두었습니다. 또한 학원의 영어선생님으로 약 6개월가량 일을 했었는데 그 당시 제가 담당하던 13명의 학생들을 꼼꼼하게 개별로 성적 트래킹을 하고 맞춤형 플랜을 짜 주어 최대 3단계의 등급 상승을 이끌어낸 경험이 있습니다. 위와 같은 의사소통 경험과 꼼꼼함을 통해서 저는 저 자신과 더 나아가 회사에 대해 전 세계적으로 긍정적인 이미지를 각인하고 싶다는 바람이 생겼기에 세아상역의 이번 채용이 좋은 기회라고 생각했습니다.",
                "class": "탄탄한 의사소통 능력을 가진,선한 영향력을 행사하는,적극적인,비즈니스 마인드를 갖춘"
            }
        ]
    }
}