{
    "meta": {
        "text_raw": "저는 네패스를 ‘그릿(GRIT)’에 비유하고 싶습니다. 이 저자는 성공을 하려면 재능과 가정환경 보다는 ‘그릿’이 필요하다고 말합니다. 여기서 말하는 ‘그릿’은 ‘목표를 이루고자 하는 끈기, 꾸준히 정진할 능력’을 의미합니다. 취업준비 기간이 길어지면서 슬럼프에 빠질 때가 있었는데 이를 이겨내고 ‘취업’이라는 목표의식을 다시 일깨우려고 읽었던 책 입니다.\n네패스는 호황기와 불황기를 오가는 반도체산업에서 흔들리지 않고 ‘패널레벨패키지(PLP)’, ‘시스템인패키지(SiP)’와 같은 독보적인 기술력을 선보였습니다. 꾸준히 네패스만의 기술을 발전시키며 보유할 수 있는 이유는 네패스의 끈기와 끈기를 가진 인재들이 함께 했기 때문이라고 생각합니다.\n좋은 학급 분위기가 좋은 성적을 이끌어 내듯이 끈기를 가진 네패스에서 네패스 인재들과 함께 일한다면 좋은 성과를 낼 수 있을 것이라고 생각합니다. 또한 그런 점에서 네패스는 제가 가진 그릿을 더 키울 수 있는 회사라고 생각합니다."
    },
    "anno_text_data": {
        "data": [
            {
                "index": 0,
                "raw": "저는 네패스를 ‘그릿(GRIT)’에 비유하고 싶습니다. 이 저자는 성공을 하려면 재능과 가정환경 보다는 ‘그릿’이 필요하다고 말합니다. 여기서 말하는 ‘그릿’은 ‘목표를 이루고자 하는 끈기, 꾸준히 정진할 능력’을 의미합니다. 취업준비 기간이 길어지면서 슬럼프에 빠질 때가 있었는데 이를 이겨내고 ‘취업’이라는 목표의식을 다시 일깨우려고 읽었던 책 입니다.\n네패스는 호황기와 불황기를 오가는 반도체산업에서 흔들리지 않고 ‘패널레벨패키지(PLP)’, ‘시스템인패키지(SiP)’와 같은 독보적인 기술력을 선보였습니다. 꾸준히 네패스만의 기술을 발전시키며 보유할 수 있는 이유는 네패스의 끈기와 끈기를 가진 인재들이 함께 했기 때문이라고 생각합니다.\n좋은 학급 분위기가 좋은 성적을 이끌어 내듯이 끈기를 가진 네패스에서 네패스 인재들과 함께 일한다면 좋은 성과를 낼 수 있을 것이라고 생각합니다. 또한 그런 점에서 네패스는 제가 가진 그릿을 더 키울 수 있는 회사라고 생각합니다.",
                "class": "목표를 달성하는 능력을 갖춘"
            }
        ]
    }
}