{
    "meta": {
        "text_raw": "\"삼성을 빛낼 퀀텀닷 인재\"\n\n삼성디스플레이는 CES2020에서 스스로 빛을 내는 QLED 8K TV를 공개하며 QD사업으로 전환을 추진하고 있습니다. 특히 잉크젯 프린팅 양산기술 도입을 통한 QD 제품의 첫 양산품이 올해 4분기경에 출하 될 것이라는 소식을 접하면서 삼성디스플레이가 현재까지 그래왔던 것처럼 앞으로도 디스플레이 분야의 선두를 이끌거라 생각됩니다.\n\n고분자 재료 수업에서 LCD 액정분자의 배향의 중요성과, LED 에피택셜 성장을 배우며 발광재료에 관심을 가지게 되었습니다. 이후 발광재료특징에 대한 자료를 찾아보며 OLED 공정을 배워 내손으로 만들어보고 싶은 목표가 생겨 OLED용액 공정 실험을 수강하였습니다. 실험을 하기 전 수업에서 진행할 Photoregistance, Polymerization 실험에 대한 논문과 동영상을 찾아보며 공부하였고, 엔지니어 관점에서 접근을 가능하게 해주었습니다. 또한 실제 기업에서 사용하는 공정기술을 배울 수 있었고 CES 2020, CES2021 박람회에 적용한 제품을 보며 기술동향과 소비자의 니즈를 분석했습니다. \n\n저의 꿈은 발광재료 부서에 입사하여 수명이 뛰어나고 눈이 편안한 재료를 개발하는 것입니다. 재료끼리 조합 뿐 아니라 디바이스와 재료의 조합을 연관 지어 시너지효과를 낼 수 있게 분석하며 디스플레이를 빛내는 QD같은 인재가 되겠습니다."
    },
    "anno_text_data": {
        "data": [
            {
                "index": 0,
                "raw": "\"삼성을 빛낼 퀀텀닷 인재\"\n\n삼성디스플레이는 CES2020에서 스스로 빛을 내는 QLED 8K TV를 공개하며 QD사업으로 전환을 추진하고 있습니다. 특히 잉크젯 프린팅 양산기술 도입을 통한 QD 제품의 첫 양산품이 올해 4분기경에 출하 될 것이라는 소식을 접하면서 삼성디스플레이가 현재까지 그래왔던 것처럼 앞으로도 디스플레이 분야의 선두를 이끌거라 생각됩니다.\n\n고분자 재료 수업에서 LCD 액정분자의 배향의 중요성과, LED 에피택셜 성장을 배우며 발광재료에 관심을 가지게 되었습니다. 이후 발광재료특징에 대한 자료를 찾아보며 OLED 공정을 배워 내손으로 만들어보고 싶은 목표가 생겨 OLED용액 공정 실험을 수강하였습니다. 실험을 하기 전 수업에서 진행할 Photoregistance, Polymerization 실험에 대한 논문과 동영상을 찾아보며 공부하였고, 엔지니어 관점에서 접근을 가능하게 해주었습니다. 또한 실제 기업에서 사용하는 공정기술을 배울 수 있었고 CES 2020, CES2021 박람회에 적용한 제품을 보며 기술동향과 소비자의 니즈를 분석했습니다. \n\n저의 꿈은 발광재료 부서에 입사하여 수명이 뛰어나고 눈이 편안한 재료를 개발하는 것입니다. 재료끼리 조합 뿐 아니라 디바이스와 재료의 조합을 연관 지어 시너지효과를 낼 수 있게 분석하며 디스플레이를 빛내는 QD같은 인재가 되겠습니다.",
                "class": "유연한 사고를 가진,지속적인 성장을 추구하는,고도의 자기주도성을 가진"
            }
        ]
    }
}