{
    "meta": {
        "text_raw": "소통과 협력 - 강력한 그룹도 팀워크 없이는 오합지졸\n\n20대 초 저는 혼자 일하는 것과 타인의 결점 지적을 좋아하는 단점이 있었습니다. 1학년 프로젝트에서 팀장을 맡으며 비협조적 팀원은 비판하며 독단적으로 행동했고, 결국 우리 반에서 백미를 보이던 저와 다른 팀원들은 우수한 역량과 성적에도 불구하고 프로젝트에서 최하점을 맞았습니다. 이런 참패를 통해 역량 못지않게 팀워크가 중요하단 점을 깨달았습니다. 서로 틀림이 아닌 다름을 인정하고, 각자의 강점을 살려 하나의 개체로 팀을 이끄는게 최상의 결과를 낸다는 점을 배우기까지 수 차례의 실패가 있었습니다.\n\n이를 바탕으로 저의 단점은 보완하고, 강점은 살렸습니다. 나아가 제 직책에 맞게 팀을 보조하고 이끌었습니다. 특히 타 학과 졸업작품에 참여할 때 팀원이 필요로 하는 작업을 알아채 지원을 했습니다. 또, 팀장을 맡을 때마다 팀원의 강점을 파악해 업무를 나눴고, 조직/계획적인 제 성격을 십분 활용하여 프로그램 개발 진행을 체계화했습니다."
    },
    "anno_text_data": {
        "data": [
            {
                "index": 0,
                "raw": "소통과 협력 - 강력한 그룹도 팀워크 없이는 오합지졸\n\n20대 초 저는 혼자 일하는 것과 타인의 결점 지적을 좋아하는 단점이 있었습니다. 1학년 프로젝트에서 팀장을 맡으며 비협조적 팀원은 비판하며 독단적으로 행동했고, 결국 우리 반에서 백미를 보이던 저와 다른 팀원들은 우수한 역량과 성적에도 불구하고 프로젝트에서 최하점을 맞았습니다. 이런 참패를 통해 역량 못지않게 팀워크가 중요하단 점을 깨달았습니다. 서로 틀림이 아닌 다름을 인정하고, 각자의 강점을 살려 하나의 개체로 팀을 이끄는게 최상의 결과를 낸다는 점을 배우기까지 수 차례의 실패가 있었습니다.\n\n이를 바탕으로 저의 단점은 보완하고, 강점은 살렸습니다. 나아가 제 직책에 맞게 팀을 보조하고 이끌었습니다. 특히 타 학과 졸업작품에 참여할 때 팀원이 필요로 하는 작업을 알아채 지원을 했습니다. 또, 팀장을 맡을 때마다 팀원의 강점을 파악해 업무를 나눴고, 조직/계획적인 제 성격을 십분 활용하여 프로그램 개발 진행을 체계화했습니다.",
                "class": "다양한 의견을 수렴하는,탄탄한 의사소통 능력을 가진,다양성을 존중하는"
            }
        ]
    }
}