{
    "meta": {
        "text_raw": "학생회 기획국으로 대학 축제 주점 사업을 담당했습니다. 해당 사업의 목표는 학우들의 친목 도모, 교내 활동 만족도 상승이었습니다. 이를 위해 주점 사업에서 판매할 메뉴와 가격대에 대한 정보를 모바일 설문조사로 수집하여 행사 기획 및 예산 편성에 활용했습니다. 조사 결과를 기반으로 한 예산은 약 300만 원으로 학우들이 원하는 낮은 가격을 위해 많은 자본이 필요했습니다. 이에 학과 지원 200만 원을 신청했지만 150만 원밖에 이루어지지 않았습니다.\n\n예산 부족 해결을 위해 기획국의 집단지성으로 메뉴의 원가 절감 방안을 도출했습니다. 첫 번째, 통제 가능한 노무비를 절감했습니다. 학생회 인원 외 인력 사용 비용을 제거하고 학생회 인원을 적극 활용했습니다. 두 번째, 의자, 테이블 등의 비품 대여 비용을 최소화했습니다. 각 국원의 아르바이트 장소에서 야외용 의자와 테이블을 무료로 대여하는 방안을 선택했습니다. 이를 통해 총 52만 원의 원가를 절감해 저렴한 가격을 유지할 수 있었습니다. 학생들의 의견이 적극 활용된 사업을 이행함으로써 추후 만족도 설문에서 88점이라는 높은 점수를 얻었습니다. 주점 사업에서의 수익성은 학생들의 만족도에서 표현되었습니다.\n\n학생회 경험은 발생한 문제를 협력으로서 해결한 경험입니다. 재경 직무의 공시, 결산 작업 1년을 주기로 통일성 있게 이루어져야 합니다. 따라서 부서 내 지속적인 협력이 필요합니다. 집단지성을 활용한 문제 해결의 성취감을 알고, 역할에 대한 책임감을 가진 저는 현대백화점의 ‘DEVELOPMENT’ 인재입니다. 보유 역량을 재경 부서에 발휘해 시너지를 이끌어내겠습니다."
    },
    "anno_text_data": {
        "data": [
            {
                "index": 0,
                "raw": "학생회 기획국으로 대학 축제 주점 사업을 담당했습니다. 해당 사업의 목표는 학우들의 친목 도모, 교내 활동 만족도 상승이었습니다. 이를 위해 주점 사업에서 판매할 메뉴와 가격대에 대한 정보를 모바일 설문조사로 수집하여 행사 기획 및 예산 편성에 활용했습니다. 조사 결과를 기반으로 한 예산은 약 300만 원으로 학우들이 원하는 낮은 가격을 위해 많은 자본이 필요했습니다. 이에 학과 지원 200만 원을 신청했지만 150만 원밖에 이루어지지 않았습니다.\n\n예산 부족 해결을 위해 기획국의 집단지성으로 메뉴의 원가 절감 방안을 도출했습니다. 첫 번째, 통제 가능한 노무비를 절감했습니다. 학생회 인원 외 인력 사용 비용을 제거하고 학생회 인원을 적극 활용했습니다. 두 번째, 의자, 테이블 등의 비품 대여 비용을 최소화했습니다. 각 국원의 아르바이트 장소에서 야외용 의자와 테이블을 무료로 대여하는 방안을 선택했습니다. 이를 통해 총 52만 원의 원가를 절감해 저렴한 가격을 유지할 수 있었습니다. 학생들의 의견이 적극 활용된 사업을 이행함으로써 추후 만족도 설문에서 88점이라는 높은 점수를 얻었습니다. 주점 사업에서의 수익성은 학생들의 만족도에서 표현되었습니다.\n\n학생회 경험은 발생한 문제를 협력으로서 해결한 경험입니다. 재경 직무의 공시, 결산 작업 1년을 주기로 통일성 있게 이루어져야 합니다. 따라서 부서 내 지속적인 협력이 필요합니다. 집단지성을 활용한 문제 해결의 성취감을 알고, 역할에 대한 책임감을 가진 저는 현대백화점의 ‘DEVELOPMENT’ 인재입니다. 보유 역량을 재경 부서에 발휘해 시너지를 이끌어내겠습니다.",
                "class": "유연한 사고를 가진,데이터 기반의 의사결정을 하는,다양한 의견을 수렴하는,적극적인,자원을 효율적으로 활용하는"
            }
        ]
    }
}