{
    "meta": {
        "text_raw": "우리나라는 초 고령화 시대를 맞이했고 그 속에서 가족들의 노화를 보고 자랐습니다. 가족들이 스스로 건강을 관리하여 행복하게 오래 살면 좋겠다는 생각을 해왔습니다. 건국대학교병원은 현시점과 미래를 고려하여 이에 투자하고, 시니어 친화 병원을 도입했다는 점에서 가장 인상 깊었습니다. 저의 역량을 건국대학교병원에서 극대화하고 미래를 바라보며 건국대학교병원과 함께 성장하고 싶어 지원하게 되었습니다. 본원에서 실시하는 간호인재 육성 프로그램과 각종 봉사에 참여하며 따뜻한 간호사로서의 첫걸음을 건국대학교병원에서 내딛고 싶습니다. 또한, 글로벌 시대에 적합한 간호사가 되기 위해 배우고 있는 러시아어를 완벽하게 습득하고, 본원에서 5년마다 기회가 주어지는 해외 연수에 참여하겠습니다. 다양한 문화와 만나고 이를 간호에 접목시켜 내원하는 외국인 환자들에게도 편안하고 행복한 의료 서비스를 제공하겠습니다."
    },
    "anno_text_data": {
        "data": [
            {
                "index": 0,
                "raw": "우리나라는 초 고령화 시대를 맞이했고 그 속에서 가족들의 노화를 보고 자랐습니다. 가족들이 스스로 건강을 관리하여 행복하게 오래 살면 좋겠다는 생각을 해왔습니다. 건국대학교병원은 현시점과 미래를 고려하여 이에 투자하고, 시니어 친화 병원을 도입했다는 점에서 가장 인상 깊었습니다. 저의 역량을 건국대학교병원에서 극대화하고 미래를 바라보며 건국대학교병원과 함께 성장하고 싶어 지원하게 되었습니다. 본원에서 실시하는 간호인재 육성 프로그램과 각종 봉사에 참여하며 따뜻한 간호사로서의 첫걸음을 건국대학교병원에서 내딛고 싶습니다. 또한, 글로벌 시대에 적합한 간호사가 되기 위해 배우고 있는 러시아어를 완벽하게 습득하고, 본원에서 5년마다 기회가 주어지는 해외 연수에 참여하겠습니다. 다양한 문화와 만나고 이를 간호에 접목시켜 내원하는 외국인 환자들에게도 편안하고 행복한 의료 서비스를 제공하겠습니다.",
                "class": "지속적인 성장을 추구하는"
            }
        ]
    }
}