{
    "meta": {
        "text_raw": "\"소통, 가치창출, 성장\"\n\n제품을 고객에게 소개하고 판매해 가치를 창출해내는 영업이 기업을 운영하는데 있어 가장 중요한 부분이라고 생각합니다. 고객의 니즈를 파악해 니즈에 맞는 제품 및 솔루션을 제공하기 위해 시장분석, 협상, 수주, 고객 관리 등의 업무를 수행하게 됩니다. 이를 위해 문제해결능력, 분석능력, 기술과 제품의 이해를 위한 공학적 지식 등을 필요로 합니다. 소재공학을 포함한 4가지 역학과목을 수강하였으며 레스토랑 서버, 동아리 회장, OOOO에서 필드서비스 엔지니어를 경험하며 상대방의 눈높이에서 경청하고 정확한 이해와 자신의 의견을 명확히 전달할 수 있는 소통능력, 문제해결을 위해 원인을 정확히 진단하고 분석해 명확한 해결방안을 제시해 고객과의 협상과 조정을 이끌어 내는 분석능력과 문제해결능력을 키워왔습니다. 2꾸준히 발전시켜온 역량들과 경험을 발판삼아 고객과의 소통으로 공감대를 형성하며 가치 창출을 통해 포스코 SPS와 함께 발전하기위해 지원하게 되었습니다."
    },
    "anno_text_data": {
        "data": [
            {
                "index": 0,
                "raw": "\"소통, 가치창출, 성장\"\n\n제품을 고객에게 소개하고 판매해 가치를 창출해내는 영업이 기업을 운영하는데 있어 가장 중요한 부분이라고 생각합니다. 고객의 니즈를 파악해 니즈에 맞는 제품 및 솔루션을 제공하기 위해 시장분석, 협상, 수주, 고객 관리 등의 업무를 수행하게 됩니다. 이를 위해 문제해결능력, 분석능력, 기술과 제품의 이해를 위한 공학적 지식 등을 필요로 합니다. 소재공학을 포함한 4가지 역학과목을 수강하였으며 레스토랑 서버, 동아리 회장, OOOO에서 필드서비스 엔지니어를 경험하며 상대방의 눈높이에서 경청하고 정확한 이해와 자신의 의견을 명확히 전달할 수 있는 소통능력, 문제해결을 위해 원인을 정확히 진단하고 분석해 명확한 해결방안을 제시해 고객과의 협상과 조정을 이끌어 내는 분석능력과 문제해결능력을 키워왔습니다. 2꾸준히 발전시켜온 역량들과 경험을 발판삼아 고객과의 소통으로 공감대를 형성하며 가치 창출을 통해 포스코 SPS와 함께 발전하기위해 지원하게 되었습니다.",
                "class": "탄탄한 의사소통 능력을 가진,고도의 자기주도성을 가진"
            }
        ]
    }
}