{
    "meta": {
        "text_raw": "\"동아리 개혁\"\n\n개인의 비전은 곧 팀의 비전이라 생각합니다. 저는 팀의 비전을 위해 문제를 개선하였었던 경험이 있습니다. 풍물 동아리 임원으로 활동하면서 1년간 공연하면서 직접 느낀 불편한 점들을 개선해 변화를 주어 더욱 최고의 공연을 하고자 하였습니다. 이에 저는 단원들에게 시스템의 문제점을 제기하고 솔루션을 말한 후 기대효과를 설명하여 개선작업을 추진하였습니다.\n\n공간과 시간의 제약을 줄이고자 하였습니다. 연습을 위해 많은 인원이 작은 공간에서 매일 연습하기는 벅찼습니다. 이에 첫째, 각 악기가 연습할 수 있는 공간을 마련하기 위해 학생회 측에 문의하여 공간을 확보하였습니다. 둘째, 혼자서도 연습할 수 있도록 영상을 찍어 배포하기로 하였습니다. 1학년 때 연습을 할 당시 선배가 앞에서 가르쳐주면 따라 하는 방식으로 어렵고 이해하기도 벅찼습니다. 이에 각 악기가 홀로 연습할 수 있는 영상과 전체 합주 영상을 찍어 배포하여 이해도를 높이도록 도왔습니다. 이것은 연습 불참자도 다음 연습 때 뒤처지지 않도록 도와주었습니다. 결과적으로 연습 속도를 높여 빠르게 공연 준비를 할 수 있었고, 관객들에게 더욱 질 높은 공연을 선보이며 동아리 구성원들로부터 신뢰를 얻을 수 있었습니다. 이러한 경험을 바탕으로 효율적인 업무를 지향하고 임직원들의 복지제도를 개선하여 임직원 만족도 향상에 기여하고 싶습니다."
    },
    "anno_text_data": {
        "data": [
            {
                "index": 0,
                "raw": "\"동아리 개혁\"\n\n개인의 비전은 곧 팀의 비전이라 생각합니다. 저는 팀의 비전을 위해 문제를 개선하였었던 경험이 있습니다. 풍물 동아리 임원으로 활동하면서 1년간 공연하면서 직접 느낀 불편한 점들을 개선해 변화를 주어 더욱 최고의 공연을 하고자 하였습니다. 이에 저는 단원들에게 시스템의 문제점을 제기하고 솔루션을 말한 후 기대효과를 설명하여 개선작업을 추진하였습니다.\n\n공간과 시간의 제약을 줄이고자 하였습니다. 연습을 위해 많은 인원이 작은 공간에서 매일 연습하기는 벅찼습니다. 이에 첫째, 각 악기가 연습할 수 있는 공간을 마련하기 위해 학생회 측에 문의하여 공간을 확보하였습니다. 둘째, 혼자서도 연습할 수 있도록 영상을 찍어 배포하기로 하였습니다. 1학년 때 연습을 할 당시 선배가 앞에서 가르쳐주면 따라 하는 방식으로 어렵고 이해하기도 벅찼습니다. 이에 각 악기가 홀로 연습할 수 있는 영상과 전체 합주 영상을 찍어 배포하여 이해도를 높이도록 도왔습니다. 이것은 연습 불참자도 다음 연습 때 뒤처지지 않도록 도와주었습니다. 결과적으로 연습 속도를 높여 빠르게 공연 준비를 할 수 있었고, 관객들에게 더욱 질 높은 공연을 선보이며 동아리 구성원들로부터 신뢰를 얻을 수 있었습니다. 이러한 경험을 바탕으로 효율적인 업무를 지향하고 임직원들의 복지제도를 개선하여 임직원 만족도 향상에 기여하고 싶습니다.",
                "class": "문제해결능력이 뛰어난,창의력을 가진,유연한 사고를 가진,탄탄한 의사소통 능력을 가진,선한 영향력을 행사하는"
            }
        ]
    }
}