{
    "meta": {
        "text_raw": "기후환경이슈가 에너지 분야의 중요한 이슈라고 생각합니다. 기후 문제 심각성이 두드러지며 EU, 일본, 중국 등 주요국들이 탄소 중립을 선언했고, 미국도 2050 탄소 중립을 선언하였습니다. 저는 우리나라의 탄소 중립 달성이 결코 쉬운 목표는 아니라고 생각합니다. 경제 성장을 주도했던 철강 등 주력산업이 탄소 다배출 업종이라는 점과 석탄발전의 비중이 타 주요국보다 높다는 점 등의 이유 때문입니다. 하지만 피할 수 없다면 새로운 발전의 전환점으로 만들어야 한다고 생각합니다. 현재 세계 주요국들은 새로운 패러다임에 맞춰 셰일가스 등의 자원 활용, 원자력 활용, 재생에너지 산업기반 등 경쟁력 있는 계획을 보유하고 있습니다. 우리나라도 전기차 배터리 및 에너지 저장장치 세계시장 점유율 1위, 전 세계 수소 연료전지 발전량의 40%를 담당하는 등 우수한 역량을 가지고 있습니다. 선제적으로 대응하지 않으면 뒤처질 수밖에 없지만, 선도적으로 대응해 나간다면 새로운 도약의 기회가 될 것입니다."
    },
    "anno_text_data": {
        "data": [
            {
                "index": 0,
                "raw": "기후환경이슈가 에너지 분야의 중요한 이슈라고 생각합니다. 기후 문제 심각성이 두드러지며 EU, 일본, 중국 등 주요국들이 탄소 중립을 선언했고, 미국도 2050 탄소 중립을 선언하였습니다. 저는 우리나라의 탄소 중립 달성이 결코 쉬운 목표는 아니라고 생각합니다. 경제 성장을 주도했던 철강 등 주력산업이 탄소 다배출 업종이라는 점과 석탄발전의 비중이 타 주요국보다 높다는 점 등의 이유 때문입니다. 하지만 피할 수 없다면 새로운 발전의 전환점으로 만들어야 한다고 생각합니다. 현재 세계 주요국들은 새로운 패러다임에 맞춰 셰일가스 등의 자원 활용, 원자력 활용, 재생에너지 산업기반 등 경쟁력 있는 계획을 보유하고 있습니다. 우리나라도 전기차 배터리 및 에너지 저장장치 세계시장 점유율 1위, 전 세계 수소 연료전지 발전량의 40%를 담당하는 등 우수한 역량을 가지고 있습니다. 선제적으로 대응하지 않으면 뒤처질 수밖에 없지만, 선도적으로 대응해 나간다면 새로운 도약의 기회가 될 것입니다.",
                "class": "유연한 사고를 가진,비전을 제시하는,비즈니스 마인드를 갖춘"
            }
        ]
    }
}