{
    "meta": {
        "text_raw": "\"주도적인 자세가 가져온 인센티브\"\n\n학부 시절 학교 산학협력단에서 2년간 근로를 하며 주도적인 자세로 문제를 해결하고 인센티브를 받은 경험이 있습니다. 저의 업무 중 하나는 지출/수입결의서를 복사하는 것이었고, 이 문서들이 일주일에 1,000장 가까이 되었습니다. 많은 종이와 프린터 토너의 낭비가 심했고, 종이로 보관을 하다 보니 일의 프로세스도 효율적이지 못했습니다. 이 문서들을 스캔해서 관리하면 훨씬 효율적일 것으로 생각하였지만, 문서들을 관리하려면 새로운 프로그램의 도입이 필요하였습니다.\n\n따라서 직원분께 새로운 프로그램의 도입에 대해 제안을 하였고, 팀장님과 전체회의를 소집하여 해당 문제를 논의한 결과 저의 의견이 받아들여지게 되었습니다. 결과적으로, 프로그램 도입 비용이 용지 구입 비용보다 저렴하여 예산을 절약할 수 있었으며, 업무 프로세스를 개선하며 업무의 효율성을 높였습니다. 팀장님께서도 저의 노력과 성실함을 인정해주시고 전례에 없던 인센티브를 받을 수 있었습니다. 이번 경험을 통해 맡은 일에 책임감을 갖고 최선을 다하며 적극적인 자세를 가지게 되었습니다. 이러한 자세를 가지고 카카오에서 더 나은 방향을 끊임없이 고민하는 주도적인 신입사원이 되겠습니다."
    },
    "anno_text_data": {
        "data": [
            {
                "index": 0,
                "raw": "\"주도적인 자세가 가져온 인센티브\"\n\n학부 시절 학교 산학협력단에서 2년간 근로를 하며 주도적인 자세로 문제를 해결하고 인센티브를 받은 경험이 있습니다. 저의 업무 중 하나는 지출/수입결의서를 복사하는 것이었고, 이 문서들이 일주일에 1,000장 가까이 되었습니다. 많은 종이와 프린터 토너의 낭비가 심했고, 종이로 보관을 하다 보니 일의 프로세스도 효율적이지 못했습니다. 이 문서들을 스캔해서 관리하면 훨씬 효율적일 것으로 생각하였지만, 문서들을 관리하려면 새로운 프로그램의 도입이 필요하였습니다.\n\n따라서 직원분께 새로운 프로그램의 도입에 대해 제안을 하였고, 팀장님과 전체회의를 소집하여 해당 문제를 논의한 결과 저의 의견이 받아들여지게 되었습니다. 결과적으로, 프로그램 도입 비용이 용지 구입 비용보다 저렴하여 예산을 절약할 수 있었으며, 업무 프로세스를 개선하며 업무의 효율성을 높였습니다. 팀장님께서도 저의 노력과 성실함을 인정해주시고 전례에 없던 인센티브를 받을 수 있었습니다. 이번 경험을 통해 맡은 일에 책임감을 갖고 최선을 다하며 적극적인 자세를 가지게 되었습니다. 이러한 자세를 가지고 카카오에서 더 나은 방향을 끊임없이 고민하는 주도적인 신입사원이 되겠습니다.",
                "class": "창의력을 가진,탄탄한 의사소통 능력을 가진,고도의 자기주도성을 가진,적극적인,고도의 책임감을 가진"
            }
        ]
    }
}