{
    "meta": {
        "text_raw": "\"코오롱글로벌의 예비 에이스( A C E ) 인턴사원\"\n\n회사를 선택할 때의 기준은 ‘회사와 저의 지속적인 동반성장’입니다. 코오롱글로벌 건설부문은 ‘코오롱하늘채’, ‘린든그로브’와 같은 주택 브랜드를 앞세운 주택 및 건축 분야를 비롯하여 종합 건설업을 주 영업 목적으로 하고 있습니다. 코오롱글로벌의 지속적인 성장은 건축 직무에서 최고의 전문가가 되려는 저에게 동기부여가 되었습니다. 3가지 역량을 바탕으로 코오롱글로벌과 동반성장하는 인턴사원이 되겠습니다.\n\"최선을 다해 최고를 만드는 분석 능력\"\n\noo건설 인턴 당시 아파트 현장은 층별 반복 공사라는 분석을 통해 Autocad와 Excel을 이용하여 각 기둥, 벽, 슬래브 등을 부재별로 정리하여 콘크리트 타설량과 벽돌 조적량을 쉽게 계산할 수 있었습니다.\n\n\"계속 도전하는 경쟁력\"\n\n4번의 CM 프로젝트를 진행한 경험이 있습니다. 첫 도전에 끝내지 않고 실패의 원인을 분석하고 교수님, 실무자분들께 피드백을 받아 보완하였습니다. 그 결과 oo 프로젝트라는 주제로 15개 팀 중에 전체 2등이라는 성적을 낼 수 있었습니다.\n\n\"최고를 향한 열정쟁이\"\n\n건축공학 전공에서 최고가 되기 위한 열정 덕분에 전공학점 o.oo, 전공학점 oo학점을 이수하였고 o번의 성적장학금을 받았습니다.o번의 프로젝트를 통해 전공의 이해를 높였습니다. 이론뿐만 아니라 2번의 인턴십을 통해 현장에서의 경험을 쌓았습니다."
    },
    "anno_text_data": {
        "data": [
            {
                "index": 0,
                "raw": "\"코오롱글로벌의 예비 에이스( A C E ) 인턴사원\"\n\n회사를 선택할 때의 기준은 ‘회사와 저의 지속적인 동반성장’입니다. 코오롱글로벌 건설부문은 ‘코오롱하늘채’, ‘린든그로브’와 같은 주택 브랜드를 앞세운 주택 및 건축 분야를 비롯하여 종합 건설업을 주 영업 목적으로 하고 있습니다. 코오롱글로벌의 지속적인 성장은 건축 직무에서 최고의 전문가가 되려는 저에게 동기부여가 되었습니다. 3가지 역량을 바탕으로 코오롱글로벌과 동반성장하는 인턴사원이 되겠습니다.",
                "class": "지속적인 성장을 추구하는"
            },
            {
                "index": 1,
                "raw": "\"최선을 다해 최고를 만드는 분석 능력\"\n\noo건설 인턴 당시 아파트 현장은 층별 반복 공사라는 분석을 통해 Autocad와 Excel을 이용하여 각 기둥, 벽, 슬래브 등을 부재별로 정리하여 콘크리트 타설량과 벽돌 조적량을 쉽게 계산할 수 있었습니다.",
                "class": "데이터 기반의 의사결정을 하는,문제해결능력이 뛰어난"
            },
            {
                "index": 2,
                "raw": "\"계속 도전하는 경쟁력\"\n\n4번의 CM 프로젝트를 진행한 경험이 있습니다. 첫 도전에 끝내지 않고 실패의 원인을 분석하고 교수님, 실무자분들께 피드백을 받아 보완하였습니다. 그 결과 oo 프로젝트라는 주제로 15개 팀 중에 전체 2등이라는 성적을 낼 수 있었습니다.",
                "class": "적극적인"
            },
            {
                "index": 3,
                "raw": "\"최고를 향한 열정쟁이\"\n\n건축공학 전공에서 최고가 되기 위한 열정 덕분에 전공학점 o.oo, 전공학점 oo학점을 이수하였고 o번의 성적장학금을 받았습니다.o번의 프로젝트를 통해 전공의 이해를 높였습니다. 이론뿐만 아니라 2번의 인턴십을 통해 현장에서의 경험을 쌓았습니다.",
                "class": "지속적인 성장을 추구하는,목표를 달성하는 능력을 갖춘,고도의 자기주도성을 가진"
            }
        ]
    }
}