{
    "meta": {
        "text_raw": "\"아저씨 사장님의 열정과 수출 상담에 기여한 경험\"\n\n지난 6월 1일 OO OOOOO의 지원을 받은 OOOO 수출 상담회의 OOO 관련 스페인어 통역을 한 경험이 있습니다. OOOOOOOO에 통역을 배정받아 시차로 인해 22시부터 06시까지 일했습니다. 처음 비대면 화상 프로그램으로 한국기업의 실무자와 마주했습니다. 나이가 어느 정도 있으신 아저씨 사장님이었습니다. 낮에 일했기 때문에 매우 피곤하시다고 말씀하신 사장님이 직접 이틀 밤을 새워가며 해외 바이어들과 소통하는 모습을 보여 나도 내 물건을 저렇게 팔아보고 싶다는 열망이 생겼습니다.\n\n또한, 수출 상담회를 진행하며 이틀 차에 바이어들에게 통역 없이 직접 제품을 설명하고 판매 했습니다. 이 과정에서 사장님께 말씀드려 반응이 상대적으로 덜했던 OOO크림보다 소매 가격에서 이점이 있는 OOOOO을 먼저 설명할 것을 제안하여 좋은 반응을 끌어냈고 짧은 시간 안에 수입에 관한 더 구체적인 대화를 나눌 수 있었습니다. 짧은 시간이었지만 물건을 판매하는 일에 흥미를 느꼈고 세계로 더욱 넓혀갈 비전을 가진 유니드글로벌상사에서 제 꿈도 펼치고 싶습니다."
    },
    "anno_text_data": {
        "data": [
            {
                "index": 0,
                "raw": "\"아저씨 사장님의 열정과 수출 상담에 기여한 경험\"\n\n지난 6월 1일 OO OOOOO의 지원을 받은 OOOO 수출 상담회의 OOO 관련 스페인어 통역을 한 경험이 있습니다. OOOOOOOO에 통역을 배정받아 시차로 인해 22시부터 06시까지 일했습니다. 처음 비대면 화상 프로그램으로 한국기업의 실무자와 마주했습니다. 나이가 어느 정도 있으신 아저씨 사장님이었습니다. 낮에 일했기 때문에 매우 피곤하시다고 말씀하신 사장님이 직접 이틀 밤을 새워가며 해외 바이어들과 소통하는 모습을 보여 나도 내 물건을 저렇게 팔아보고 싶다는 열망이 생겼습니다.\n\n또한, 수출 상담회를 진행하며 이틀 차에 바이어들에게 통역 없이 직접 제품을 설명하고 판매 했습니다. 이 과정에서 사장님께 말씀드려 반응이 상대적으로 덜했던 OOO크림보다 소매 가격에서 이점이 있는 OOOOO을 먼저 설명할 것을 제안하여 좋은 반응을 끌어냈고 짧은 시간 안에 수입에 관한 더 구체적인 대화를 나눌 수 있었습니다. 짧은 시간이었지만 물건을 판매하는 일에 흥미를 느꼈고 세계로 더욱 넓혀갈 비전을 가진 유니드글로벌상사에서 제 꿈도 펼치고 싶습니다.",
                "class": "유연한 사고를 가진,문제해결능력이 뛰어난,비즈니스 마인드를 갖춘,적극적인"
            }
        ]
    }
}