{
    "meta": {
        "text_raw": "순도 100%의 정제를 위해 필요한 스킬을 익혔습니다.\n고분자 재료, 고분자공학물성 과목을 통해 고분자 소재의 특성과 물리적, 화학적 거동 및 특성에 대해 배웠습니다. 고분자공학물성 과목은 D.W. van Krevelen의 Properties of Polymers 책을 통해 고분자 소재와 유기물의 물리화학적 특성을 정립된 parameter로 배웠습니다. 학부 과정에서는 유기화학을 통해 유기 화합물의 합성 메커니즘에 대해 배웠고 유기화학합성 과목에서 Asprin을 합성하며 실험 조건과 작업자의 스킬에 따라 다양한 결과물로 이어지는 합성이 재밌게 여겨져 석사과정에 유기합성 연구를 진행하게 되었습니다.\n\n합성 반응시 감압 여과를 통해 필터 하고, 용매 추출 후 rotary evaporator로 유기 용매를 제거했습니다. TLC의 Rf와 용해도를 이용해 컬럼 조건을 설계하였고, silica 및 alumina를 고정상으로 사용하여 컬럼 크로마토그래피를 진행했습니다. 적게는 2개, 많게는 10개 이상의 혼합물을 분리하며 깨끗히 정제된 화합물을 얻으려 노력했고, 현재 무색의 물질도 정제 가능합니다.\n\n정제 과정까지 거친 화합물은 proton NMR, carbon NMR, HMQC 장비와 Mnova 툴로 peak를 적분하고 chemical shift를 통해 확인했습니다. EI-Mass, MALDI-TOF로 질량을 분석하고, ATR로 특정 작용기를 분석했습니다. 화합물의 열적 거동은 DSC와 TGA로 측정했고 데이터는 Origin, TA Universal Analysis 등의 툴로 확인했습니다. 신뢰도있는 데이터를 위해 장비 사용법을 장비 담당자에게 질문하고 장비 업체에 교육 문의를 하며 익혔습니다. 능숙한 정제 장비 및 분석 장비 사용을 통해 원하는 화합물을 100%의 순도로 정제하여 제조하는데 기여하겠습니다"
    },
    "anno_text_data": {
        "data": [
            {
                "index": 0,
                "raw": "순도 100%의 정제를 위해 필요한 스킬을 익혔습니다.\n고분자 재료, 고분자공학물성 과목을 통해 고분자 소재의 특성과 물리적, 화학적 거동 및 특성에 대해 배웠습니다. 고분자공학물성 과목은 D.W. van Krevelen의 Properties of Polymers 책을 통해 고분자 소재와 유기물의 물리화학적 특성을 정립된 parameter로 배웠습니다. 학부 과정에서는 유기화학을 통해 유기 화합물의 합성 메커니즘에 대해 배웠고 유기화학합성 과목에서 Asprin을 합성하며 실험 조건과 작업자의 스킬에 따라 다양한 결과물로 이어지는 합성이 재밌게 여겨져 석사과정에 유기합성 연구를 진행하게 되었습니다.\n\n합성 반응시 감압 여과를 통해 필터 하고, 용매 추출 후 rotary evaporator로 유기 용매를 제거했습니다. TLC의 Rf와 용해도를 이용해 컬럼 조건을 설계하였고, silica 및 alumina를 고정상으로 사용하여 컬럼 크로마토그래피를 진행했습니다. 적게는 2개, 많게는 10개 이상의 혼합물을 분리하며 깨끗히 정제된 화합물을 얻으려 노력했고, 현재 무색의 물질도 정제 가능합니다.\n\n정제 과정까지 거친 화합물은 proton NMR, carbon NMR, HMQC 장비와 Mnova 툴로 peak를 적분하고 chemical shift를 통해 확인했습니다. EI-Mass, MALDI-TOF로 질량을 분석하고, ATR로 특정 작용기를 분석했습니다. 화합물의 열적 거동은 DSC와 TGA로 측정했고 데이터는 Origin, TA Universal Analysis 등의 툴로 확인했습니다. 신뢰도있는 데이터를 위해 장비 사용법을 장비 담당자에게 질문하고 장비 업체에 교육 문의를 하며 익혔습니다. 능숙한 정제 장비 및 분석 장비 사용을 통해 원하는 화합물을 100%의 순도로 정제하여 제조하는데 기여하겠습니다",
                "class": "데이터 기반의 의사결정을 하는,고도의 자기주도성을 가진,목표를 달성하는 능력을 갖춘"
            }
        ]
    }
}