{
    "meta": {
        "text_raw": "\"기존에 얽매이지 마라\"\n\n늘 기존에 얽매이지 않고 보다 효과적인 방법을 찾으며 일에 임하려 노력합니다.\n한국동서발전은 지속 가능한 에너지 공급을 위해 신재생 에너지 개발에 앞장서는 등 더 나은 에너지 공급을 위해 변화를 시도하였습니다. 끊임없이 발전하기 위해 변화하고 도전하는 공사에 모습에 한국동서발전과 함께하기 위해 지원하게 되었습니다\n\n\"친환경적인 전력 인재\"\n\n현재 전 세계는 전력 생산을 위해 다양한 발전 방식으로 전력을 생산 중입니다. 전자기기의 발달과 대중화로 인해 우리 삶에서 전기는 빠질 수 없는 요소로 변화했기 때문입니다. 하지만 그만큼 전력 생산 과정에서 발생하는 폐기물 또한 무시할 수 없는 큰 문제로 다가오고 있어 신재생에너지의 연구 및 발전 또한 중요한 앞으로의 과업입니다.\n제가 입사하게 된다면 한국동서발전에서 추진하는 신재생 에너지 사업에 이바지할 수 있는 친환경적인 전력 인재가 되도록 전기기사 취득을 위해 노력하겠습니다."
    },
    "anno_text_data": {
        "data": [
            {
                "index": 0,
                "raw": "\"기존에 얽매이지 마라\"\n\n늘 기존에 얽매이지 않고 보다 효과적인 방법을 찾으며 일에 임하려 노력합니다.\n한국동서발전은 지속 가능한 에너지 공급을 위해 신재생 에너지 개발에 앞장서는 등 더 나은 에너지 공급을 위해 변화를 시도하였습니다. 끊임없이 발전하기 위해 변화하고 도전하는 공사에 모습에 한국동서발전과 함께하기 위해 지원하게 되었습니다",
                "class": "창의력을 가진,유연한 사고를 가진,지속적인 성장을 추구하는,적응력이 높은,비전을 제시하는"
            },
            {
                "index": 1,
                "raw": "\"친환경적인 전력 인재\"\n\n현재 전 세계는 전력 생산을 위해 다양한 발전 방식으로 전력을 생산 중입니다. 전자기기의 발달과 대중화로 인해 우리 삶에서 전기는 빠질 수 없는 요소로 변화했기 때문입니다. 하지만 그만큼 전력 생산 과정에서 발생하는 폐기물 또한 무시할 수 없는 큰 문제로 다가오고 있어 신재생에너지의 연구 및 발전 또한 중요한 앞으로의 과업입니다.\n제가 입사하게 된다면 한국동서발전에서 추진하는 신재생 에너지 사업에 이바지할 수 있는 친환경적인 전력 인재가 되도록 전기기사 취득을 위해 노력하겠습니다.",
                "class": "창의력을 가진,지속적인 성장을 추구하는,비전을 제시하는,적응력이 높은,고도의 책임감을 가진"
            }
        ]
    }
}