{
    "meta": {
        "text_raw": "\"누구나 수긍할 수 있는 공정함\"\n\n제가 동아리에서 활동하던 때였습니다. 동아리는 학생들끼리 신설된 기간이 짧아 규칙과 체계가 갖춰지지 않았습니다.\n그런 와중 동아리 내에서 조별 과제를 진행하게 되자 몇 명이 시간을 준수하지 않아 진행에 차질이 생기기 시작했습니다. 그 당시 조장이던 저는 과별로 일정이 달라서 생기는 문제점이라 여겨 개별 참여를 할 수 있도록 과별로 자세하고 세세한 규칙을 적용했습니다. 그래야 학생들 각각의 불편함이 줄어들 거라 여겼습니다. 그러나 저의 이런 에상과는 달리 학생들이 이를 악용하여 참여에 부재가 생겨 서로 간에 비난과 공평성에 대한 불만의 목소리가 커졌습니다. 복잡하고 세세한 규칙이 준수하기 어렵고 비일관적으로 지켜짐을 깨달은 저는 공정함을 위해 과별로 똑같이 단순명료한 규칙을 적용해 규칙을 준수하는 데 큰 어려움이 없게 하고 학생들 간의 불공평함이 없도록 하였습니다"
    },
    "anno_text_data": {
        "data": [
            {
                "index": 0,
                "raw": "\"누구나 수긍할 수 있는 공정함\"\n\n제가 동아리에서 활동하던 때였습니다. 동아리는 학생들끼리 신설된 기간이 짧아 규칙과 체계가 갖춰지지 않았습니다.\n그런 와중 동아리 내에서 조별 과제를 진행하게 되자 몇 명이 시간을 준수하지 않아 진행에 차질이 생기기 시작했습니다. 그 당시 조장이던 저는 과별로 일정이 달라서 생기는 문제점이라 여겨 개별 참여를 할 수 있도록 과별로 자세하고 세세한 규칙을 적용했습니다. 그래야 학생들 각각의 불편함이 줄어들 거라 여겼습니다. 그러나 저의 이런 에상과는 달리 학생들이 이를 악용하여 참여에 부재가 생겨 서로 간에 비난과 공평성에 대한 불만의 목소리가 커졌습니다. 복잡하고 세세한 규칙이 준수하기 어렵고 비일관적으로 지켜짐을 깨달은 저는 공정함을 위해 과별로 똑같이 단순명료한 규칙을 적용해 규칙을 준수하는 데 큰 어려움이 없게 하고 학생들 간의 불공평함이 없도록 하였습니다",
                "class": "유연한 사고를 가진,문제해결능력이 뛰어난,탄탄한 의사소통 능력을 가진,신뢰를 주는 리더"
            }
        ]
    }
}