{
    "meta": {
        "text_raw": "한국가스공사는 천연가스의 도입, 생산부터 공급까지의 과정에서 큰 역할을 하는 국내 대표적인 에너지 공기업이라는 점과 세계적인 '탄소 중립' 도전에 직면하여 2019년 '수소 사업 추진 로드맵'을 발표하는 등 에너지 패러다임 변화를 선도하는 기업이라는 점에 매료되어 지원하게 되었습니다.\n\n저는 전기 분야에 대한 직무 역량 강화를 위해 전기공학과에 입학하여 설비공학, 전력공학, 제어공학, 회로이론 등의 전공과목을 수강하며 전기에 대한 전반적 지식을 습득하였습니다. 더 나아가 실험설계를 통해 단입력 다출력 DC/DC 벅 부스터 컨버터를 제작하며 직무에 대한 전문성을 높인 경험이 있습니다. 전력공학 수업을 통해 전력변환장치인 DC/DC 컨버터 회로에 대해 알게 되었고, 우리가 사용하는 전자제품에 필요한 반도체 부품 대다수가 DC로 동작하기 때문에 필요성을 느끼게 되어 설계하였습니다. \n\n저는 'Multisim'이라는 프로그램을 이용한 회로설계를 담당하였는데 설계과정에서 문제가 발생했습니다. 프로그램상으로 설계한 회로의 동작과 출력값에는 문제가 없었지만, 실제 결선에서는 목표했던 비율의 전압이 출력되지 않았습니다. 철저한 원인 분석으로 타이머의 PWM 제어를 위해 사용한 가변저항값이 입력 전원에 따라 달라지는 문제를 발견했고 문제 해결을 위해 다양한 규격의 가변저항과 타이머들을 준비하여 많은 샘플을 출력해보았습니다. 더 나아가 가변저항 없이 PWM 제어가 가능한 '아두이노'를 활용하여 새로운 방식으로도 접근하며 데이터를 비교했습니다. 그렇게 '아두이노'라는 도구를 사용하면 목표 출력값을 얻고 리플전압도 제거할 수 있다는 것을 알게 되어 문제를 해결할 수 있었습니다. 프로그램상의 회로가 정상 작동했음에도 실제 결선에서는 문제가 발생했다는 점에서 두 회로의 출력과정의 차이를 자세히 분석해야 할 필요가 있다고 생각했습니다. 그 결과 소자들이 회로에서 사용될 때 갖는 값과 고유의 규격 값이 달라질 수 있다는 것을 정확히 분석했고, 성공적으로 설계작품을 완성할 수 있었습니다. 이를 통해 정확하게 원인을 분석하고 신속하게 문제를 해결할 수 있는 능력을 기를 수 있었습니다.\n\n졸업 이후에는 00교육원에서 전력수급, 무효전력과 계통 전압, 전기사업법 등 전력 계통운영을 공부했습니다. 그뿐만 아니라, 전공분야에 대한 지식을 깊게 하고 전문자격을 갖추고자 전기기사 자격증을 취득하였으며, 전기 공사설계 및 감리 등의 직무에 대한 추가적인 지식을 쌓기 위해 전기공사기사 자격증 취득을 준비하고 있습니다.\n\n가스공사의 전기 분야는 공급관리소가 천연가스를 각 수요처에 안정적으로 공급하는 데 필요한 계장설비를 운영 및 관리, 유지 보수할 수 있는 역량이 필요하다고 생각합니다. 또한, 생명을 위협할 수 있는 고압 전기를 다루는 직무의 특성상 전력계통에 대한 이해가 필요하고 전반적인 전기이론에 대해 잘 알고 있어야 한다고 생각합니다. 학부 때 습득한 지식과 다수의 실험 경험, 00교육원에서 배운 전력계통과 수변전설비에 대한 지식을 바탕으로 안정된 설비운영과 유지보수에 이바지하겠습니다."
    },
    "anno_text_data": {
        "data": [
            {
                "index": 0,
                "raw": "한국가스공사는 천연가스의 도입, 생산부터 공급까지의 과정에서 큰 역할을 하는 국내 대표적인 에너지 공기업이라는 점과 세계적인 '탄소 중립' 도전에 직면하여 2019년 '수소 사업 추진 로드맵'을 발표하는 등 에너지 패러다임 변화를 선도하는 기업이라는 점에 매료되어 지원하게 되었습니다.\n\n저는 전기 분야에 대한 직무 역량 강화를 위해 전기공학과에 입학하여 설비공학, 전력공학, 제어공학, 회로이론 등의 전공과목을 수강하며 전기에 대한 전반적 지식을 습득하였습니다. 더 나아가 실험설계를 통해 단입력 다출력 DC/DC 벅 부스터 컨버터를 제작하며 직무에 대한 전문성을 높인 경험이 있습니다. 전력공학 수업을 통해 전력변환장치인 DC/DC 컨버터 회로에 대해 알게 되었고, 우리가 사용하는 전자제품에 필요한 반도체 부품 대다수가 DC로 동작하기 때문에 필요성을 느끼게 되어 설계하였습니다. \n\n저는 'Multisim'이라는 프로그램을 이용한 회로설계를 담당하였는데 설계과정에서 문제가 발생했습니다. 프로그램상으로 설계한 회로의 동작과 출력값에는 문제가 없었지만, 실제 결선에서는 목표했던 비율의 전압이 출력되지 않았습니다. 철저한 원인 분석으로 타이머의 PWM 제어를 위해 사용한 가변저항값이 입력 전원에 따라 달라지는 문제를 발견했고 문제 해결을 위해 다양한 규격의 가변저항과 타이머들을 준비하여 많은 샘플을 출력해보았습니다. 더 나아가 가변저항 없이 PWM 제어가 가능한 '아두이노'를 활용하여 새로운 방식으로도 접근하며 데이터를 비교했습니다. 그렇게 '아두이노'라는 도구를 사용하면 목표 출력값을 얻고 리플전압도 제거할 수 있다는 것을 알게 되어 문제를 해결할 수 있었습니다. 프로그램상의 회로가 정상 작동했음에도 실제 결선에서는 문제가 발생했다는 점에서 두 회로의 출력과정의 차이를 자세히 분석해야 할 필요가 있다고 생각했습니다. 그 결과 소자들이 회로에서 사용될 때 갖는 값과 고유의 규격 값이 달라질 수 있다는 것을 정확히 분석했고, 성공적으로 설계작품을 완성할 수 있었습니다. 이를 통해 정확하게 원인을 분석하고 신속하게 문제를 해결할 수 있는 능력을 기를 수 있었습니다.\n\n졸업 이후에는 00교육원에서 전력수급, 무효전력과 계통 전압, 전기사업법 등 전력 계통운영을 공부했습니다. 그뿐만 아니라, 전공분야에 대한 지식을 깊게 하고 전문자격을 갖추고자 전기기사 자격증을 취득하였으며, 전기 공사설계 및 감리 등의 직무에 대한 추가적인 지식을 쌓기 위해 전기공사기사 자격증 취득을 준비하고 있습니다.\n\n가스공사의 전기 분야는 공급관리소가 천연가스를 각 수요처에 안정적으로 공급하는 데 필요한 계장설비를 운영 및 관리, 유지 보수할 수 있는 역량이 필요하다고 생각합니다. 또한, 생명을 위협할 수 있는 고압 전기를 다루는 직무의 특성상 전력계통에 대한 이해가 필요하고 전반적인 전기이론에 대해 잘 알고 있어야 한다고 생각합니다. 학부 때 습득한 지식과 다수의 실험 경험, 00교육원에서 배운 전력계통과 수변전설비에 대한 지식을 바탕으로 안정된 설비운영과 유지보수에 이바지하겠습니다.",
                "class": "데이터 기반의 의사결정을 하는,문제해결능력이 뛰어난,지속적인 성장을 추구하는,고도의 책임감을 가진"
            }
        ]
    }
}