{
    "meta": {
        "text_raw": "ESG가 경영의 핵심 키워드가 되고 잇따라 금융위원회의 2021년 녹색금융 추진안을 발표가 이어지면서 친환경에 대한 기업의 사회적 역할이 중요해졌습니다. 해당 추진안에 따르면 2030년부터 모든 코스피 상장 기업은 기후 리스크 정보를 의무적으로 공시해야 합니다. 이는 결산 및 공시가 주 업무인 재무 회계 부서의 가장 중요한 이슈로 이로 인한 재무 회계 부서의 변화는 두 가지입니다.\n\n첫 번째, ‘기후 리스크 팀 운영’입니다.\n기후리스크 정보는 재무제표 내에 주석에 나타나거나 주요사항 보고서 등으로 표현될 것으로 예측됩니다. 기후 리스크 정보는 회계 거래 혹은 세부 계정으로 나타낼 수 없기 때문입니다. 따라서 재무 부서 내에서 별도 기후리스크 팀이 운영될 가능성도 있습니다. SK브로드밴드는 통신서비스산업으로 제조 과정에서 발생하는 온실가스가 존재하지 않습니다. 하지만 전력 사용 시에 발생되는 간접 배출이 있기 때문에 이를 재무 공시 정보로 변환 및 관리하는 팀이 별도 운영되어야 합니다.\n\n두 번째, 재무제표 정보의 증가입니다.\n기후 리스크 정보를 주석 및 타 보고서가 아닌 재무제표에 표기하기 위한 계정명이 추가될 가능성도 있습니다. ‘친환경 설비’ 유형자산 혹은 ‘친환경 데이터 관리 특허’ 무형자산 등 기후 정보를 수치화할 수 있는 계정명을 사용해 해당 계정으로 자산을 등록하는 것입니다. 또한 친환경 계정으로 등록된 자산은 감가상각의 한도에 혜택을 주거나, 중소기업에만 해당되는 공제감면세액 혜택을 줄 수 있습니다. 이는 SK브로드밴드의 세무 리스크를 줄일 수 있는 기회가 되고 친환경 자산을 재무제표에서 명시해 정보이용자들의 의사결정을 지원할 수 있습니다. \n\nSK브로드밴드는 ‘GO GO Challenge’을 통해 종업원들이 참여하는 환경보호 캠페인을 실시했습니다. 기업 자체적 운영 뿐만 아니라 일상에서 실천을 권장할 만큼 SK브로드밴드는 ESG 경영에 많은 관심을 가지고 있습니다. 이를 더욱 적극적으로 실현, 활용하기 위한 두 변화를 재경부서에서 기여하겠습니다."
    },
    "anno_text_data": {
        "data": [
            {
                "index": 0,
                "raw": "ESG가 경영의 핵심 키워드가 되고 잇따라 금융위원회의 2021년 녹색금융 추진안을 발표가 이어지면서 친환경에 대한 기업의 사회적 역할이 중요해졌습니다. 해당 추진안에 따르면 2030년부터 모든 코스피 상장 기업은 기후 리스크 정보를 의무적으로 공시해야 합니다. 이는 결산 및 공시가 주 업무인 재무 회계 부서의 가장 중요한 이슈로 이로 인한 재무 회계 부서의 변화는 두 가지입니다.\n\n첫 번째, ‘기후 리스크 팀 운영’입니다.\n기후리스크 정보는 재무제표 내에 주석에 나타나거나 주요사항 보고서 등으로 표현될 것으로 예측됩니다. 기후 리스크 정보는 회계 거래 혹은 세부 계정으로 나타낼 수 없기 때문입니다. 따라서 재무 부서 내에서 별도 기후리스크 팀이 운영될 가능성도 있습니다. SK브로드밴드는 통신서비스산업으로 제조 과정에서 발생하는 온실가스가 존재하지 않습니다. 하지만 전력 사용 시에 발생되는 간접 배출이 있기 때문에 이를 재무 공시 정보로 변환 및 관리하는 팀이 별도 운영되어야 합니다.\n\n두 번째, 재무제표 정보의 증가입니다.\n기후 리스크 정보를 주석 및 타 보고서가 아닌 재무제표에 표기하기 위한 계정명이 추가될 가능성도 있습니다. ‘친환경 설비’ 유형자산 혹은 ‘친환경 데이터 관리 특허’ 무형자산 등 기후 정보를 수치화할 수 있는 계정명을 사용해 해당 계정으로 자산을 등록하는 것입니다. 또한 친환경 계정으로 등록된 자산은 감가상각의 한도에 혜택을 주거나, 중소기업에만 해당되는 공제감면세액 혜택을 줄 수 있습니다. 이는 SK브로드밴드의 세무 리스크를 줄일 수 있는 기회가 되고 친환경 자산을 재무제표에서 명시해 정보이용자들의 의사결정을 지원할 수 있습니다. \n\nSK브로드밴드는 ‘GO GO Challenge’을 통해 종업원들이 참여하는 환경보호 캠페인을 실시했습니다. 기업 자체적 운영 뿐만 아니라 일상에서 실천을 권장할 만큼 SK브로드밴드는 ESG 경영에 많은 관심을 가지고 있습니다. 이를 더욱 적극적으로 실현, 활용하기 위한 두 변화를 재경부서에서 기여하겠습니다.",
                "class": "데이터 기반의 의사결정을 하는,문제해결능력이 뛰어난,유연한 사고를 가진,비즈니스 마인드를 갖춘"
            }
        ]
    }
}