{
    "meta": {
        "text_raw": "\"개인 자산 관리 플랫폼 뱅크샐러드\"\n\n최근 활용해본 가장 편리했던 디지털 금융 서비스는 개인 자산 관리 서비스인 '뱅크샐러드'입니다. 본 서비스가 인상적인 이유는 파편화되어 있는 개인의 소비 데이터를 한 곳에 모아, 투자 및 금융 상품 추천 등 이용자에게 최적화된 경제 활동과 연결시켜주는 플랫폼이기 때문입니다.\n\n'뱅크샐러드'는 카드사 및 은행의 데이터를 연동하여 개인의 소비 내역을 정리하고 소비 습관을 분석하는 서비스로 시작하였습니다. 이후 개인의 자산 분석을 바탕으로 대출, 대체투자 등의 금융 상품을 추천하고 중개해주는 영역으로 업무를 확장하였습니다. 뱅크샐러드는 국내 다양한 금융기 관의 상품들 중에서 이용자의 금융 여건에 가장 적합한 추천하고 가입까지 마칠 수 있는 종합적인 플랫폼을 제공하고 있습니다.\n\n'뱅크샐러드'는 최근 주목받고 있는 금융 기관의 디지털 전환의 좋은 예시를 보여준다 생각합니다. 금융 기업들이 디지털 기술을 활용하여 데이터를 바탕으로 고객별 개인화된 상품과 서비스를 제공하고, 새로운 비즈니스 모델을 설계해 나가는 과정에 있어 '뱅크샐러드'가 성공적인 모델을 보여주었다고 생각합니다.\n\n현재의 '뱅크샐러드' 서비스에 정보적인 측면을 보다 추가하면 소비자들의 금융 생활에 도움이 될 것이라 생각합니다. 예를 들어, 경기 및 경제 상황 분석과 관련된 주간 리포트를 어플리케이션 내에서 제공한다면 이용자들이 추후 자산 배분이나 대출 등과 관련된 의사 결정을 내리는 데 도움을 줄 것이며, 금융이 낯선 소비자들이 더욱 유입될 수 있는 공간을 열어줄 것이라 생각합니다."
    },
    "anno_text_data": {
        "data": [
            {
                "index": 0,
                "raw": "\"개인 자산 관리 플랫폼 뱅크샐러드\"\n\n최근 활용해본 가장 편리했던 디지털 금융 서비스는 개인 자산 관리 서비스인 '뱅크샐러드'입니다. 본 서비스가 인상적인 이유는 파편화되어 있는 개인의 소비 데이터를 한 곳에 모아, 투자 및 금융 상품 추천 등 이용자에게 최적화된 경제 활동과 연결시켜주는 플랫폼이기 때문입니다.\n\n'뱅크샐러드'는 카드사 및 은행의 데이터를 연동하여 개인의 소비 내역을 정리하고 소비 습관을 분석하는 서비스로 시작하였습니다. 이후 개인의 자산 분석을 바탕으로 대출, 대체투자 등의 금융 상품을 추천하고 중개해주는 영역으로 업무를 확장하였습니다. 뱅크샐러드는 국내 다양한 금융기 관의 상품들 중에서 이용자의 금융 여건에 가장 적합한 추천하고 가입까지 마칠 수 있는 종합적인 플랫폼을 제공하고 있습니다.\n\n'뱅크샐러드'는 최근 주목받고 있는 금융 기관의 디지털 전환의 좋은 예시를 보여준다 생각합니다. 금융 기업들이 디지털 기술을 활용하여 데이터를 바탕으로 고객별 개인화된 상품과 서비스를 제공하고, 새로운 비즈니스 모델을 설계해 나가는 과정에 있어 '뱅크샐러드'가 성공적인 모델을 보여주었다고 생각합니다.\n\n현재의 '뱅크샐러드' 서비스에 정보적인 측면을 보다 추가하면 소비자들의 금융 생활에 도움이 될 것이라 생각합니다. 예를 들어, 경기 및 경제 상황 분석과 관련된 주간 리포트를 어플리케이션 내에서 제공한다면 이용자들이 추후 자산 배분이나 대출 등과 관련된 의사 결정을 내리는 데 도움을 줄 것이며, 금융이 낯선 소비자들이 더욱 유입될 수 있는 공간을 열어줄 것이라 생각합니다.",
                "class": "비즈니스 마인드를 갖춘"
            }
        ]
    }
}