{
    "meta": {
        "text_raw": "\"품질과 안전 = 현장 기사의 발걸음 수\"\n\n공사관리에서 최고의 전문가가 되기 위해 현대엔지니어링 공사직무에 지원하였습니다. 현대엔지니어링은 공장 및 생산시설, 업무, 숙박, 상업, 의료, 주택시설 등 다양한 분야에서 기술력을 확보하고 있습니다. 최고의 기술력을 바탕으로 공기와 품질에 대한 고객의 니즈를 맞추기 위해서는 공사관리에서도 품질경영과 안전경영이 필요합니다. 두 번의 건설 현장 인턴십을 통해 현장을 자주 확인할수록 건설 현장의 품질과 안전은 점점 좋아진다는 교훈을 얻었습니다.\n\n\"품 질\"\n\noo건설 인턴십 중에 품질사고를 예방한 경험이 있습니다. 기둥, 벽, 슬래브 철근 시공 당시 철근 배근이 도면대로 잘 배치되어있는지 상부근, 하부근, 주근, 보강근의 간격을 확인하고 검토하여 검측 당시 조치사항이 나오지 않도록 지속적으로 확인하였습니다.\n\n또한, 콘크리트 균열 관리 대장을 관리하였습니다. 콘크리트의 균열은 크리프로 인하여 시간이 지날수록 점차 균열의 폭이 증가하게 됩니다. 그러므로 균열이 멈출 때까지 지속적으로 확인하여 품질사고를 방지해야 합니다. 저는 3주마다 주기적으로 아파트 열두동을 돌아다니면서 콘크리트 균열이 0.3mm를 넘는지 조사하였고 균열 위치를 도면에 표시하였습니다. 공사 진행 상황을 관리하는 바쁜 상황 속에서도 지금 내가 하지 않으면 안돼라는 마인드와 철저한 리스크 관리를 통해 품질 개선을 하겠습니다.\n\n\"안 전\"\n\noo건설 인턴십 중에 안전사고를 예방한 경험이 있습니다. 현장을 점검하던 도중 설치된 동바리와 다른 모양을 한 비규격 동바리를 발견하였습니다. 확인하자마자 비규격 동바리가 현장에 다시는 사용되지 않도록 조치를 취했던 적이 있습니다\n\n또한, 철골에 데크 플레이트를 설치하는 과정에서 근로자들이 안전대의 안전고리를 고정시키지 않고 일을 하는 경우가 있었습니다. 처음에는 근로자들이 나는 안 떨어지겠지라는 안일한 생각으로 안전고리를 고정하지 않고 작업을 하는 경우가 있었습니다. 제가 지속적으로 현장을 점검하면서 안전고리의 필요성과 추락의 위험성을 언급 드렸습니다. 그 결과 안전고리를 모두 고정시키면서 작업을 하게 되었습니다. \n안전사고는 안일함과 자재 불량 등 불안전한 행동과 불안전한 상태에서 발생합니다. 현장을 지속적으로 점검하는 사소한 행동이 안전사고를 예방할 수 있습니다. 지속적으로 현장을 돌아다니면서 불안전한 요인을 사전에 제거하여 안전사고를 예방하겠습니다."
    },
    "anno_text_data": {
        "data": [
            {
                "index": 0,
                "raw": "\"품질과 안전 = 현장 기사의 발걸음 수\"\n\n공사관리에서 최고의 전문가가 되기 위해 현대엔지니어링 공사직무에 지원하였습니다. 현대엔지니어링은 공장 및 생산시설, 업무, 숙박, 상업, 의료, 주택시설 등 다양한 분야에서 기술력을 확보하고 있습니다. 최고의 기술력을 바탕으로 공기와 품질에 대한 고객의 니즈를 맞추기 위해서는 공사관리에서도 품질경영과 안전경영이 필요합니다. 두 번의 건설 현장 인턴십을 통해 현장을 자주 확인할수록 건설 현장의 품질과 안전은 점점 좋아진다는 교훈을 얻었습니다.",
                "class": "목표를 달성하는 능력을 갖춘"
            },
            {
                "index": 1,
                "raw": "\"품 질\"\n\noo건설 인턴십 중에 품질사고를 예방한 경험이 있습니다. 기둥, 벽, 슬래브 철근 시공 당시 철근 배근이 도면대로 잘 배치되어있는지 상부근, 하부근, 주근, 보강근의 간격을 확인하고 검토하여 검측 당시 조치사항이 나오지 않도록 지속적으로 확인하였습니다.\n\n또한, 콘크리트 균열 관리 대장을 관리하였습니다. 콘크리트의 균열은 크리프로 인하여 시간이 지날수록 점차 균열의 폭이 증가하게 됩니다. 그러므로 균열이 멈출 때까지 지속적으로 확인하여 품질사고를 방지해야 합니다. 저는 3주마다 주기적으로 아파트 열두동을 돌아다니면서 콘크리트 균열이 0.3mm를 넘는지 조사하였고 균열 위치를 도면에 표시하였습니다. 공사 진행 상황을 관리하는 바쁜 상황 속에서도 지금 내가 하지 않으면 안돼라는 마인드와 철저한 리스크 관리를 통해 품질 개선을 하겠습니다.",
                "class": "고도의 책임감을 가진,적극적인"
            },
            {
                "index": 2,
                "raw": "\"안 전\"\n\noo건설 인턴십 중에 안전사고를 예방한 경험이 있습니다. 현장을 점검하던 도중 설치된 동바리와 다른 모양을 한 비규격 동바리를 발견하였습니다. 확인하자마자 비규격 동바리가 현장에 다시는 사용되지 않도록 조치를 취했던 적이 있습니다\n\n또한, 철골에 데크 플레이트를 설치하는 과정에서 근로자들이 안전대의 안전고리를 고정시키지 않고 일을 하는 경우가 있었습니다. 처음에는 근로자들이 나는 안 떨어지겠지라는 안일한 생각으로 안전고리를 고정하지 않고 작업을 하는 경우가 있었습니다. 제가 지속적으로 현장을 점검하면서 안전고리의 필요성과 추락의 위험성을 언급 드렸습니다. 그 결과 안전고리를 모두 고정시키면서 작업을 하게 되었습니다. \n안전사고는 안일함과 자재 불량 등 불안전한 행동과 불안전한 상태에서 발생합니다. 현장을 지속적으로 점검하는 사소한 행동이 안전사고를 예방할 수 있습니다. 지속적으로 현장을 돌아다니면서 불안전한 요인을 사전에 제거하여 안전사고를 예방하겠습니다.",
                "class": "탄탄한 의사소통 능력을 가진,고도의 책임감을 가진,적극적인,긍정적인 태도를 갖춘"
            }
        ]
    }
}