{
    "meta": {
        "text_raw": "1. 국외 에너지 산업 : 최근 지구온난화로 인한 이상기후 현상을 직접 경험하며 위기를 인식한 국제사회는 2015년 파리협정을 채택하고 현재 여러 나라가 탄소 중립 운동에 동참하며 신재생에너지의 발전 비중을 지속 늘려가고 있습니다.\n\n2. 국내 에너지 산업 : 우리나라도 이에 맞춰 최근 탄소 중립 추진전략으로 에너지 주공급원을 화석연료에서 신재생에너지로 적극적으로 전환하고 분산형 에너지시스템을 확산하겠다고 발표했습니다.\n\n3. 남동발전의 사업환경 분석 : 한국남동발전 또한 'KOEN 뉴딜 중장기 추진계획'을 발표하며 신재생에너지 발전 비율을 늘려가고 있습니다. 하지만 발전의 효율과 여러 제약을 고려한다면 신재생 발전이 단기간에 기존의 기저발전을 대체하는 것은 불가능하다고 생각됩니다.\n\n4. 목표 및 목표달성을 위한 전략 제시 : 한국남동발전의 근간은 석탄 화력발전입니다. 따라서 신재생 에너지 발전기술의 개발과 동시에 기존 석탄 화력발전에서의 온실가스 저감을 위한 유해물질 저감 장치 등의 환경 설비의 추가 설치 등을 적극적으로 추진해야 한다고 생각합니다. 추가로 수명이 도래한 설비는 태양, 풍력, 연료전지 등으로 대체하여 그린 뉴딜을 구축해 나가야 합니다. 우리나라는 해외 국가들보다 가용한 토지가 부족하므로 대규모 해상풍력 단지를 구축하여 재생에너지를 확보해 나가야 합니다. 남동 발전은 현재 한국형 뉴딜정책으로 사회 전 부문의 디지털 전환이 가속화되어 가는 것에 맞춰 '분산형 전원 디지털플랫폼 사업'을 진행 중입니다. 더 나아가 빅데이터, IoT 사물인터넷 등 4차 산업혁명 기술을 도입한 고효율, 안전 스마트 발전소 구축을 모색한다면 변화하고 있는 에너지 시장의 미래발전산업을 선도해 나갈 것입니다."
    },
    "anno_text_data": {
        "data": [
            {
                "index": 0,
                "raw": "1. 국외 에너지 산업 : 최근 지구온난화로 인한 이상기후 현상을 직접 경험하며 위기를 인식한 국제사회는 2015년 파리협정을 채택하고 현재 여러 나라가 탄소 중립 운동에 동참하며 신재생에너지의 발전 비중을 지속 늘려가고 있습니다.\n\n2. 국내 에너지 산업 : 우리나라도 이에 맞춰 최근 탄소 중립 추진전략으로 에너지 주공급원을 화석연료에서 신재생에너지로 적극적으로 전환하고 분산형 에너지시스템을 확산하겠다고 발표했습니다.\n\n3. 남동발전의 사업환경 분석 : 한국남동발전 또한 'KOEN 뉴딜 중장기 추진계획'을 발표하며 신재생에너지 발전 비율을 늘려가고 있습니다. 하지만 발전의 효율과 여러 제약을 고려한다면 신재생 발전이 단기간에 기존의 기저발전을 대체하는 것은 불가능하다고 생각됩니다.\n\n4. 목표 및 목표달성을 위한 전략 제시 : 한국남동발전의 근간은 석탄 화력발전입니다. 따라서 신재생 에너지 발전기술의 개발과 동시에 기존 석탄 화력발전에서의 온실가스 저감을 위한 유해물질 저감 장치 등의 환경 설비의 추가 설치 등을 적극적으로 추진해야 한다고 생각합니다. 추가로 수명이 도래한 설비는 태양, 풍력, 연료전지 등으로 대체하여 그린 뉴딜을 구축해 나가야 합니다. 우리나라는 해외 국가들보다 가용한 토지가 부족하므로 대규모 해상풍력 단지를 구축하여 재생에너지를 확보해 나가야 합니다. 남동 발전은 현재 한국형 뉴딜정책으로 사회 전 부문의 디지털 전환이 가속화되어 가는 것에 맞춰 '분산형 전원 디지털플랫폼 사업'을 진행 중입니다. 더 나아가 빅데이터, IoT 사물인터넷 등 4차 산업혁명 기술을 도입한 고효율, 안전 스마트 발전소 구축을 모색한다면 변화하고 있는 에너지 시장의 미래발전산업을 선도해 나갈 것입니다.",
                "class": "데이터 기반의 의사결정을 하는,비전을 제시하는,적응력이 높은,목표를 달성하는 능력을 갖춘"
            }
        ]
    }
}