{
    "meta": {
        "text_raw": "합성 실패에도 지지 않는 힘을 가지고 있습니다.\n동생에게 질 수 없다는 승부욕으로 인해 저 또한 실패에 대한 내성을 기를 수 있었고, 기존 설계했던 합성 스킴을 전부 변경하는 과정에서도 다시 논문을 검색하고 합성 조건을 설계 및 테스트하며, 재 합성하는 과정을 반복할 수 있었습니다. 합성 완료한 단량체가 경화 반응으로 인해 폐기해야하는 상황에서도 보관법의 문제점을 찾아내고, 합성 물질의 반응성을 빛, 온도, 사용 용매와 건조 조건을 분석하며 보관 중의 경화 반응을 방지하는 것에 성공했습니다. 반면 무언가를 선택하는데 시간이 오래 걸립니다. 선택 시 고려하는 사항이 남들에 비해 많기에 중요한 선택을 앞두고는 주변 지인들의 도움을 통해 보완해왔습니다."
    },
    "anno_text_data": {
        "data": [
            {
                "index": 0,
                "raw": "합성 실패에도 지지 않는 힘을 가지고 있습니다.\n동생에게 질 수 없다는 승부욕으로 인해 저 또한 실패에 대한 내성을 기를 수 있었고, 기존 설계했던 합성 스킴을 전부 변경하는 과정에서도 다시 논문을 검색하고 합성 조건을 설계 및 테스트하며, 재 합성하는 과정을 반복할 수 있었습니다. 합성 완료한 단량체가 경화 반응으로 인해 폐기해야하는 상황에서도 보관법의 문제점을 찾아내고, 합성 물질의 반응성을 빛, 온도, 사용 용매와 건조 조건을 분석하며 보관 중의 경화 반응을 방지하는 것에 성공했습니다. 반면 무언가를 선택하는데 시간이 오래 걸립니다. 선택 시 고려하는 사항이 남들에 비해 많기에 중요한 선택을 앞두고는 주변 지인들의 도움을 통해 보완해왔습니다.",
                "class": "데이터 기반의 의사결정을 하는,지속적인 성장을 추구하는,고도의 자기주도성을 가진,고도의 책임감을 가진"
            }
        ]
    }
}