{
    "meta": {
        "text_raw": "최근 경영 측면에서 가장 주목받는 개념은 ESG 경영이라 생각합니다. 특히 올해 초 국제회계기준을 제정하는 국제회계기준위원회(IASB)에서 ESG와 관련된 회계 표준을 제정하기 위한 절차에 착수하면서 지금까지 기업들이 각자의 기준으로 지속가능 보고서 등을 통해서 공시했던 환경, 사회, 지배구조와 관련된 부문들의 공식적이고 정량적인 평가 요소가 만들어지는 데 임박하였습니다.\n최근 기업의 지속가능성을 투자 기준에 포함하는 ESG 투자의 중요성이 커지고 있습니다. 특히 주요 비재무적 평가 요소와 기업가치 증대를 증명하는 연구 결과가 꾸준히 발표되고, 소비자들의 구매 의사결정에 비재무적 요소가 개입되기 시작면서, 기업 측면에서의 ESG 경영에 대한 관심과 중요성 역시 커지고 있습니다. 특히 이번 결정의 결과로 ESG 지표에 대한 평가가 재무제표에 반영될 경우 측정가능하고 비교 가능한, 보다 명확한 요소로 등극할 것이며, 추후 기업의 경영 과정에 있어서도 매우 비중 있는 요소가 될 것입니다. \n\nSK는 2017년 정관 변경을 통해 이윤창출 대신 행복추구와 사회적 가치를 전 그룹에 걸쳐 강조하는 등 ESG 경영에 대한 지속적인 관심과 노력을 투자하고 있습니다. SK브로드밴드 역시 여주위성센터가 100% 재생에너지를 사용하는 등 ESG 경영에 참여하고 있습니다.\n\n저는 SK브로드밴드의 재무 직렬 담당자로서 SK브로드밴드가 ESG 경영을 확립해 나가는 데 기여하고 있습니다. 최근에는 ESG 정보 공시를 통해 해당 요소들이 재무성과에 어떠한 영향을 미치는지 파악하도록 요구하는 목소리가 커지고 있습니다. 재무 분야의 담당자로서 우선 전사적인 ESG 정책 및 정보를 확실히 이해하고, 이것이 기업의 재무 성과와 어떻게 연결되고 있는지 명확히 제시하여 외부 이해관계자에게 더욱 목적적합한 정보를 제공하는 것을 목표로 삼아 해당 분야의 학습을 지속하고 싶습니다."
    },
    "anno_text_data": {
        "data": [
            {
                "index": 0,
                "raw": "최근 경영 측면에서 가장 주목받는 개념은 ESG 경영이라 생각합니다. 특히 올해 초 국제회계기준을 제정하는 국제회계기준위원회(IASB)에서 ESG와 관련된 회계 표준을 제정하기 위한 절차에 착수하면서 지금까지 기업들이 각자의 기준으로 지속가능 보고서 등을 통해서 공시했던 환경, 사회, 지배구조와 관련된 부문들의 공식적이고 정량적인 평가 요소가 만들어지는 데 임박하였습니다.\n최근 기업의 지속가능성을 투자 기준에 포함하는 ESG 투자의 중요성이 커지고 있습니다. 특히 주요 비재무적 평가 요소와 기업가치 증대를 증명하는 연구 결과가 꾸준히 발표되고, 소비자들의 구매 의사결정에 비재무적 요소가 개입되기 시작면서, 기업 측면에서의 ESG 경영에 대한 관심과 중요성 역시 커지고 있습니다. 특히 이번 결정의 결과로 ESG 지표에 대한 평가가 재무제표에 반영될 경우 측정가능하고 비교 가능한, 보다 명확한 요소로 등극할 것이며, 추후 기업의 경영 과정에 있어서도 매우 비중 있는 요소가 될 것입니다. \n\nSK는 2017년 정관 변경을 통해 이윤창출 대신 행복추구와 사회적 가치를 전 그룹에 걸쳐 강조하는 등 ESG 경영에 대한 지속적인 관심과 노력을 투자하고 있습니다. SK브로드밴드 역시 여주위성센터가 100% 재생에너지를 사용하는 등 ESG 경영에 참여하고 있습니다.\n\n저는 SK브로드밴드의 재무 직렬 담당자로서 SK브로드밴드가 ESG 경영을 확립해 나가는 데 기여하고 있습니다. 최근에는 ESG 정보 공시를 통해 해당 요소들이 재무성과에 어떠한 영향을 미치는지 파악하도록 요구하는 목소리가 커지고 있습니다. 재무 분야의 담당자로서 우선 전사적인 ESG 정책 및 정보를 확실히 이해하고, 이것이 기업의 재무 성과와 어떻게 연결되고 있는지 명확히 제시하여 외부 이해관계자에게 더욱 목적적합한 정보를 제공하는 것을 목표로 삼아 해당 분야의 학습을 지속하고 싶습니다.",
                "class": "비즈니스 마인드를 갖춘"
            }
        ]
    }
}