{
    "meta": {
        "text_raw": "업무를 수행함에 있어 가장 중요한 원칙은 책임감이라고 생각합니다. 사회생활을 하는 데 있어 중요한 원칙도 이와 크게 다르지 않다고 생각합니다. 군 복무 2년 차에 작전장교로 임무수행 하였습니다. 주 업무는 지휘관 시간 계획 작성, 지휘통제실 운영 등이었습니다. 임무수행 초기에 매일 야근을 하며 업무 파악을 위해 노력했고 어느 정도 업무 파악이 됐다고 생각했을 시기였습니다. 아침 회의시간에 지휘관께서 훈련에 대한 설명을 들으시다가 저에게 갑자기 무박 훈련에 관한 규정을 물어보셨습니다. 저는 훈련 규정에 대해 제대로 알지 못하고 있어, 대답하지 못했습니다. 지휘관께서 훈련에 관해 궁금해서 물어본 사항인데 작전과 실무자인 제가 제대로 파악하고 있지 못했다는 사실에 부끄러웠고 그런 일이 다시 생긴다면 주변 간부들의 제가 하는 업무에 대한 신뢰가 떨어질 수도 있을 것으로 생각했습니다.\n\n그 일 이후 일과시간 이후 3시간의 시간을 따로 내었습니다. 무엇보다 먼저, 훈련규정이 명시된 훈련 지시서를 완벽하게 숙지하려 했습니다. 또한, 주말을 이용해 제대로 알지 못했던 부대 작전지역을 직접 걸어보며 확인하는 노력을 하였습니다. 그뿐만 아니라 작전과 관련된 탄, 경계근무 등의 규정과 방침을 공부했고 지휘관이 궁금해 할만한 내용을 예상하고 미리 숙지했습니다. 이러한 노력 덕분에 회의 간 지휘관께서 어떠한 질문을 하여도 잘 답변하게 되었고 작전 관련해서 모르는 것이 있다면 가장 먼저 찾아와 물어보는 동료들로부터 신뢰받는 작전 실무자가 되었습니다. 또한, 경험을 통해 책임감은 상호 간의 신뢰와 밀접한 관계가 있다는 것을 배우는 계기가 되었습니다."
    },
    "anno_text_data": {
        "data": [
            {
                "index": 0,
                "raw": "업무를 수행함에 있어 가장 중요한 원칙은 책임감이라고 생각합니다. 사회생활을 하는 데 있어 중요한 원칙도 이와 크게 다르지 않다고 생각합니다. 군 복무 2년 차에 작전장교로 임무수행 하였습니다. 주 업무는 지휘관 시간 계획 작성, 지휘통제실 운영 등이었습니다. 임무수행 초기에 매일 야근을 하며 업무 파악을 위해 노력했고 어느 정도 업무 파악이 됐다고 생각했을 시기였습니다. 아침 회의시간에 지휘관께서 훈련에 대한 설명을 들으시다가 저에게 갑자기 무박 훈련에 관한 규정을 물어보셨습니다. 저는 훈련 규정에 대해 제대로 알지 못하고 있어, 대답하지 못했습니다. 지휘관께서 훈련에 관해 궁금해서 물어본 사항인데 작전과 실무자인 제가 제대로 파악하고 있지 못했다는 사실에 부끄러웠고 그런 일이 다시 생긴다면 주변 간부들의 제가 하는 업무에 대한 신뢰가 떨어질 수도 있을 것으로 생각했습니다.\n\n그 일 이후 일과시간 이후 3시간의 시간을 따로 내었습니다. 무엇보다 먼저, 훈련규정이 명시된 훈련 지시서를 완벽하게 숙지하려 했습니다. 또한, 주말을 이용해 제대로 알지 못했던 부대 작전지역을 직접 걸어보며 확인하는 노력을 하였습니다. 그뿐만 아니라 작전과 관련된 탄, 경계근무 등의 규정과 방침을 공부했고 지휘관이 궁금해 할만한 내용을 예상하고 미리 숙지했습니다. 이러한 노력 덕분에 회의 간 지휘관께서 어떠한 질문을 하여도 잘 답변하게 되었고 작전 관련해서 모르는 것이 있다면 가장 먼저 찾아와 물어보는 동료들로부터 신뢰받는 작전 실무자가 되었습니다. 또한, 경험을 통해 책임감은 상호 간의 신뢰와 밀접한 관계가 있다는 것을 배우는 계기가 되었습니다.",
                "class": "탄탄한 의사소통 능력을 가진,지속적인 성장을 추구하는,고도의 자기주도성을 가진,고도의 책임감을 가진"
            }
        ]
    }
}