{
    "meta": {
        "text_raw": "현재 상황에 안주하는 것은 상황을 유지시키는 것이 아닌 악화시키는 것입니다. 제가 관심있게 보았던 이슈는 의류와 스마트 혁신에 관련된 주제였습니다. 웨어러블 디바이스가 점점 더 발전하는 가운데 이제는 스마트 워치등의 악세서리에 국한되지 않고 스마트 섬유와 의류에 실제로 장착되는 스마트 센서까지 발전하는 것을 보고 이제는 의류시장도 4차산업혁명의 물결에 휩쓸린다는 생각을 했습니다. 블랙야크와 언더아머 등의 브랜드들은 이미 자사의 의류에 스마트 센서등을 부착, 디지털 헬스케어와 고객맞춤 서비스들을 지원한다는 내용을 보고 나서 의류 회사들도 빠르게 디지털화되는 시장에 맞추어 변화해야 살아남을 수 있다고 생각했습니다. 또한 최근의 환경이슈였던 탄소배출량 역시 샘플 제작 과정을 디지털화함으로써 줄여나갈 수 있다는 것을 보고 정부의 2050 탄소중립 정책에 맞추어 의류회사에서 적극적으로 도입을 시도해야 한다고 생각했습니다."
    },
    "anno_text_data": {
        "data": [
            {
                "index": 0,
                "raw": "현재 상황에 안주하는 것은 상황을 유지시키는 것이 아닌 악화시키는 것입니다. 제가 관심있게 보았던 이슈는 의류와 스마트 혁신에 관련된 주제였습니다. 웨어러블 디바이스가 점점 더 발전하는 가운데 이제는 스마트 워치등의 악세서리에 국한되지 않고 스마트 섬유와 의류에 실제로 장착되는 스마트 센서까지 발전하는 것을 보고 이제는 의류시장도 4차산업혁명의 물결에 휩쓸린다는 생각을 했습니다. 블랙야크와 언더아머 등의 브랜드들은 이미 자사의 의류에 스마트 센서등을 부착, 디지털 헬스케어와 고객맞춤 서비스들을 지원한다는 내용을 보고 나서 의류 회사들도 빠르게 디지털화되는 시장에 맞추어 변화해야 살아남을 수 있다고 생각했습니다. 또한 최근의 환경이슈였던 탄소배출량 역시 샘플 제작 과정을 디지털화함으로써 줄여나갈 수 있다는 것을 보고 정부의 2050 탄소중립 정책에 맞추어 의류회사에서 적극적으로 도입을 시도해야 한다고 생각했습니다.",
                "class": "창의력을 가진,유연한 사고를 가진,비전을 제시하는,적응력이 높은,지속적인 성장을 추구하는"
            }
        ]
    }
}