{
    "meta": {
        "text_raw": "나눔, 성장 그리고 열정'을 바탕으로, 지역사회에 공헌하는 농협의 행보에 인상 깊어 지원하게 되었습니다.\n\n후배의 꿈을 돕기 위한 작은 나눔 속에서, 함께 성장한 경험이 있습니다. 일면식도 없던 한 후배가 중국 교환학생이 되고 싶다며, 유경험자인 저에게 도움을 청해왔습니다. 그 친구의 간절한 마음을 느껴, 1:1 멘토링을 시작하게 되었습니다.\n\n후배의 중국어 실력을 파악하여 그에 맞는 커리큘럼을 설계했습니다. 우선, 서류 지원의 가산점을 얻기 위해 HSK 3급 취득을 조언했습니다. 그리고 면접 때 자기소개서, 지원 동기 등 중국어로 말하는 연습을 도와주었습니다. 멘토링이 막바지로 접어갈 때쯤, 후배는 간단한 단어 정도 구사하던 실력에서 하나의 문장을 완성할 정도까지 성장했습니다. 이러한 변화는 자신감으로 이어져, 교환학생 합격명단에 오를 수 있었습니다. 그러한 후배의 모습에 자극을 받아, HSK의 최고 수준인 6급에 도전하게 되었습니다. 합격이라는 글자를 본 순간, 나눔의 중요성을 깨닫는 계기가 되었습니다.\n\n00농협의 열정처럼, 입사 후 고객의 삶의 질 향상에 도움을 주는 농협人이 되겠습니다."
    },
    "anno_text_data": {
        "data": [
            {
                "index": 0,
                "raw": "나눔, 성장 그리고 열정'을 바탕으로, 지역사회에 공헌하는 농협의 행보에 인상 깊어 지원하게 되었습니다.\n\n후배의 꿈을 돕기 위한 작은 나눔 속에서, 함께 성장한 경험이 있습니다. 일면식도 없던 한 후배가 중국 교환학생이 되고 싶다며, 유경험자인 저에게 도움을 청해왔습니다. 그 친구의 간절한 마음을 느껴, 1:1 멘토링을 시작하게 되었습니다.\n\n후배의 중국어 실력을 파악하여 그에 맞는 커리큘럼을 설계했습니다. 우선, 서류 지원의 가산점을 얻기 위해 HSK 3급 취득을 조언했습니다. 그리고 면접 때 자기소개서, 지원 동기 등 중국어로 말하는 연습을 도와주었습니다. 멘토링이 막바지로 접어갈 때쯤, 후배는 간단한 단어 정도 구사하던 실력에서 하나의 문장을 완성할 정도까지 성장했습니다. 이러한 변화는 자신감으로 이어져, 교환학생 합격명단에 오를 수 있었습니다. 그러한 후배의 모습에 자극을 받아, HSK의 최고 수준인 6급에 도전하게 되었습니다. 합격이라는 글자를 본 순간, 나눔의 중요성을 깨닫는 계기가 되었습니다.\n\n00농협의 열정처럼, 입사 후 고객의 삶의 질 향상에 도움을 주는 농협人이 되겠습니다.",
                "class": "선한 영향력을 행사하는,적극적인"
            }
        ]
    }
}