{
    "meta": {
        "text_raw": "학부 2학년 때 일본어 회화 수업에서 중국인 학생들과 일본어 연극을 발표하는 경험을 했습니다. 하지만 한국어로는 소통이 어려웠고, 공통 언어가 일본어였기 때문에 일본어로 대화해야 했습니다. 이로 인해 다른 팀에 비해 연극 준비 시간이 지체되었고 긴 연습으로 인해 팀원 간 분열 상황이 발생했습니다. 그러면서 연습보다 진지한 대화를 하게 되었는데 팀원들이 힘들 것이라고 생각해서 혼자 대본을 완성한 결과, 오히려 일본어를 해석하느라 시간을 과도하게 썼고, 세세한 목소리나 성격 표현이 제대로 해석되지 않아 같은 부분에서 틀리고 있다는 사실을 알게 되었습니다. 저는 그저 연습 부족이라고 생각했던 것들이 제 조급한 마음에서 생긴 문제라는 사실을 알게 되었고, 연극의 모티브인 복숭아 동자를 애니메이션으로 다 같이 시청하고 이야기의 흐름을 다시 알아 가기로 하였습니다.\n조금 더 부드러운 분위기 속에서 극 중 인물들의 성격을 각자에게 맞추어 바꾸거나 대사를 좀 더 매끄럽게 수정하면서 서로 다양한 대화를 하게 되었고, 아침 드라마를 좋아하는 중국인 팀원의 의견을 반영해서 이야기의 결말도 원작과 다르게 바꾸기로 결정했습니다. 연극은 이색적인 결말과 독특한 연기로 좋은 평가를 받을 수 있었습니다.\n이 경험 활동을 통하여 팀원과 소통해 보지도 않고 그저 내가 조별 과제를 혼자서 해야겠다고 욕심을 냈던 저는 팀원들과 소통하고 함께 보폭을 맞추는 것의 중요성을 알게 되었고 언어가 다소 통하지 않더라도 진솔한 이야기 속에서 비언어적 요소들을 통해 이루어지는 강한 소통이 있다는 것을 알게 되었습니다."
    },
    "anno_text_data": {
        "data": [
            {
                "index": 0,
                "raw": "학부 2학년 때 일본어 회화 수업에서 중국인 학생들과 일본어 연극을 발표하는 경험을 했습니다. 하지만 한국어로는 소통이 어려웠고, 공통 언어가 일본어였기 때문에 일본어로 대화해야 했습니다. 이로 인해 다른 팀에 비해 연극 준비 시간이 지체되었고 긴 연습으로 인해 팀원 간 분열 상황이 발생했습니다. 그러면서 연습보다 진지한 대화를 하게 되었는데 팀원들이 힘들 것이라고 생각해서 혼자 대본을 완성한 결과, 오히려 일본어를 해석하느라 시간을 과도하게 썼고, 세세한 목소리나 성격 표현이 제대로 해석되지 않아 같은 부분에서 틀리고 있다는 사실을 알게 되었습니다. 저는 그저 연습 부족이라고 생각했던 것들이 제 조급한 마음에서 생긴 문제라는 사실을 알게 되었고, 연극의 모티브인 복숭아 동자를 애니메이션으로 다 같이 시청하고 이야기의 흐름을 다시 알아 가기로 하였습니다.\n조금 더 부드러운 분위기 속에서 극 중 인물들의 성격을 각자에게 맞추어 바꾸거나 대사를 좀 더 매끄럽게 수정하면서 서로 다양한 대화를 하게 되었고, 아침 드라마를 좋아하는 중국인 팀원의 의견을 반영해서 이야기의 결말도 원작과 다르게 바꾸기로 결정했습니다. 연극은 이색적인 결말과 독특한 연기로 좋은 평가를 받을 수 있었습니다.\n이 경험 활동을 통하여 팀원과 소통해 보지도 않고 그저 내가 조별 과제를 혼자서 해야겠다고 욕심을 냈던 저는 팀원들과 소통하고 함께 보폭을 맞추는 것의 중요성을 알게 되었고 언어가 다소 통하지 않더라도 진솔한 이야기 속에서 비언어적 요소들을 통해 이루어지는 강한 소통이 있다는 것을 알게 되었습니다.",
                "class": "유연한 사고를 가진,다양한 의견을 수렴하는,탄탄한 의사소통 능력을 가진,적응력이 높은,긍정적인 태도를 갖춘,위기 상황에서도 안정감을 주는"
            }
        ]
    }
}