{
    "meta": {
        "text_raw": "외국 문화에 관심을 갖게 되면서 지역 내에서 약 1년간 관광안내 봉사를 하게 되었는데, 이때 외국인들에게 관광지를 홍보했던 것에서 무언가를 배우고 알리는 것에 흥미를 갖게 되었습니다. 이러한 경험으로 학부 1학년 때 학교 홍보대사로 활동한 경험이 있습니다.\n이 활동을 하면서 학교에 대해 알리기 위해 다양한 방법의 홍보 활동을 진행했습니다. 홍보책자, 박람회, 캠퍼스 투어 등을 진행했고 저는 온라인에 주목하여 SNS와 영상매체를 활용했습니다. 블로그의 경우 맛집, 학교생활 소개 등을 통해 접근성을 높이고 페이스북에는 홍보 영상과 더불어 홍보대사 역할 등을 소개했습니다. 이 결과, 블로그로의 방문자 유입 및 홍보대사 영상 채널 운영 틀을 다질 수 있었습니다.\n학부 1,2학년 때 일본 원서 독서 소모임에서 소모임원과 회장으로 활동하면서 일본의 고전부터 최신 만화까지 다양한 작품을 접했습니다. 그러면서 문학 작품 속에서 한중일의 공통점과 차이점이 공존하는 것을 알게 되었고, 큰 흥미를 가지게 되었습니다. 이러한 흥미를 바탕으로 한중일의 문학과 전통문화를 비교해 보고 싶다고 생각하게 되었고, 재단 장학생에 지원해 중국 해외연수 장학생으로 선발되어 중국으로 해외연수를 다녀왔습니다. 저는 불교문화를 중심으로 답사를 진행했고, 사찰 내부에서 발견되는 한중일 차이점에 대한 발표로 재단에서 우수한 성적을 받을 수 있었습니다.\n저는 위 두 가지 활동을 통해 홍보, 기획의 기초적인 경험과 콘텐츠 제작 능력, 채널 운영의 기초 지식, 자료수집, 기획서 작성 능력 등을 얻을 수 있었습니다."
    },
    "anno_text_data": {
        "data": [
            {
                "index": 0,
                "raw": "외국 문화에 관심을 갖게 되면서 지역 내에서 약 1년간 관광안내 봉사를 하게 되었는데, 이때 외국인들에게 관광지를 홍보했던 것에서 무언가를 배우고 알리는 것에 흥미를 갖게 되었습니다. 이러한 경험으로 학부 1학년 때 학교 홍보대사로 활동한 경험이 있습니다.\n이 활동을 하면서 학교에 대해 알리기 위해 다양한 방법의 홍보 활동을 진행했습니다. 홍보책자, 박람회, 캠퍼스 투어 등을 진행했고 저는 온라인에 주목하여 SNS와 영상매체를 활용했습니다. 블로그의 경우 맛집, 학교생활 소개 등을 통해 접근성을 높이고 페이스북에는 홍보 영상과 더불어 홍보대사 역할 등을 소개했습니다. 이 결과, 블로그로의 방문자 유입 및 홍보대사 영상 채널 운영 틀을 다질 수 있었습니다.",
                "class": "고도의 자기주도성을 가진"
            },
            {
                "index": 1,
                "raw": "학부 1,2학년 때 일본 원서 독서 소모임에서 소모임원과 회장으로 활동하면서 일본의 고전부터 최신 만화까지 다양한 작품을 접했습니다. 그러면서 문학 작품 속에서 한중일의 공통점과 차이점이 공존하는 것을 알게 되었고, 큰 흥미를 가지게 되었습니다. 이러한 흥미를 바탕으로 한중일의 문학과 전통문화를 비교해 보고 싶다고 생각하게 되었고, 재단 장학생에 지원해 중국 해외연수 장학생으로 선발되어 중국으로 해외연수를 다녀왔습니다. 저는 불교문화를 중심으로 답사를 진행했고, 사찰 내부에서 발견되는 한중일 차이점에 대한 발표로 재단에서 우수한 성적을 받을 수 있었습니다.\n저는 위 두 가지 활동을 통해 홍보, 기획의 기초적인 경험과 콘텐츠 제작 능력, 채널 운영의 기초 지식, 자료수집, 기획서 작성 능력 등을 얻을 수 있었습니다.",
                "class": "탄탄한 의사소통 능력을 가진,적응력이 높은,지속적인 성장을 추구하는,고도의 자기주도성을 가진"
            }
        ]
    }
}