{
    "meta": {
        "text_raw": "프로젝트 과정 내 관행을 '솔선수범의 자세'로 극복하고 A+를 받은 경험이 있습니다.\n\n'OOOOO 작가의 삶'이라는 과제를 위해, 다양한 사전 조사가 필요했습니다. 하지만 조직 내에는 인터넷 자료를 그대로 이용하는 것이 관행처럼 이어져 왔습니다. 아르바이트하느라 바쁜 팀원들 또한, 그러한 방식을 선택할 수밖에 없었습니다. 뻔한 자료가 싫었던 저는, 팀원들의 몫까지 직접 발품을 팔기 시작했습니다. 서적과 논문 속 참고가 될 만한 자료 목록을 작성하여, 팀원들에게 구체적인 제안을 제시했습니다.\n\n소극적이던 팀원들은 저의 노력에 조금씩 변하기 시작했습니다. 자료 검토 중, 번역이 이상하다는 것을 발견한 팀원은 직접 해석하자며, 과제에 대한 열정을 불태웠습니다. 그 결과, 기존의 방식을 선택한 다른 팀은 교수님의 지적을 받았지만, 저희 팀은 차별화된 준비와 노력 덕분에 우수한 성적을 받을 수 있었습니다.\n\n이처럼 팀원의 행동을 이끌어내기 위해서, '솔선수범의 자세'가 필요하다는 것을 느꼈습니다. 위 경험을 바탕으로, 직접 나서서 해결방안을 찾고 팀원과 조금씩 조율함으로써 더 나은 조직 문화 형성에 앞장서는 농협人이 되겠습니다."
    },
    "anno_text_data": {
        "data": [
            {
                "index": 0,
                "raw": "프로젝트 과정 내 관행을 '솔선수범의 자세'로 극복하고 A+를 받은 경험이 있습니다.\n\n'OOOOO 작가의 삶'이라는 과제를 위해, 다양한 사전 조사가 필요했습니다. 하지만 조직 내에는 인터넷 자료를 그대로 이용하는 것이 관행처럼 이어져 왔습니다. 아르바이트하느라 바쁜 팀원들 또한, 그러한 방식을 선택할 수밖에 없었습니다. 뻔한 자료가 싫었던 저는, 팀원들의 몫까지 직접 발품을 팔기 시작했습니다. 서적과 논문 속 참고가 될 만한 자료 목록을 작성하여, 팀원들에게 구체적인 제안을 제시했습니다.\n\n소극적이던 팀원들은 저의 노력에 조금씩 변하기 시작했습니다. 자료 검토 중, 번역이 이상하다는 것을 발견한 팀원은 직접 해석하자며, 과제에 대한 열정을 불태웠습니다. 그 결과, 기존의 방식을 선택한 다른 팀은 교수님의 지적을 받았지만, 저희 팀은 차별화된 준비와 노력 덕분에 우수한 성적을 받을 수 있었습니다.\n\n이처럼 팀원의 행동을 이끌어내기 위해서, '솔선수범의 자세'가 필요하다는 것을 느꼈습니다. 위 경험을 바탕으로, 직접 나서서 해결방안을 찾고 팀원과 조금씩 조율함으로써 더 나은 조직 문화 형성에 앞장서는 농협人이 되겠습니다.",
                "class": "창의력을 가진,다양한 의견을 수렴하는,문제해결능력이 뛰어난,탄탄한 의사소통 능력을 가진,고도의 책임감을 가진,적극적인"
            }
        ]
    }
}