{
    "meta": {
        "text_raw": "\"제품의 수명개선을 위한 발광재료 합성 실험 데이터 기록과 분석\"\n\n현재 저에게 가장 큰 영향을 끼친 분은 중학교 화학 선생님입니다. 화학 선생님은 가치관은 많은 활동을 통해 경험을 쌓는 것이었습니다. 선생님의 영향을 받아 좋아하는 분야를 찾기 위해 1주일에 1권씩 책을 읽었고, 과학동아리에 ‘OOOO’에서 발전기 모형제작, 계란이 깨지지 않는 케이스를 만들었습니다. 활동을 통해 창의력을 발휘하여 문제를 해결하는 것에 관심이 있다는 것을 발견하였고, 국제신문에서 체험활동을 외부 체험활동을 참여하게 되었습니다. 반장인 저는 친구들과 함께 참여하면 좋을 거 같아 선생님께 말씀드리고 흔쾌히 허락을 받았습니다. 외부 체험활동은 자연의 소중함과 재료의 다양성을 가지게 해주었습니다. 다대포 소나무 숲에서 나이테를 통해 나무의 수명을 계산해보고 나무 목걸이를 만들며 천연고분자를 알게 되었고, 경주 국립박물관에서 옛 선조가 만든 도자기를 보고 직접 도자기를 만들어보며 세라믹의 특성을 배웠습니다. 이런 활동들은 고분자 재료와, 무기재료에 대한 관심을 끌게 만들었고 물체를 관찰하고 기록하는 습관을 만들어 주었습니다.\n\n\"끊임없이 성취하는 인재\"\n\n대학 시절, 나노 소재공학수업에서 경사기능재료(FGM)를 디자인하는 과제에서 꼼꼼한 데이터 기록으로 실험결과의 모순점을 찾아내 프로젝트를 성공적으로 이끈 경험이 있습니다. SPS 소결을 통해 만든 FGM 재료를 비커스 측정계로 경도를 측정하였습니다. 다른 조들은 5회를 측정했지만 저는 경도측정 횟수를 10회로 늘렸습니다. 데이터값은 같은 조성의 재료임에도 경도 값의 편차가 컸고 추가로 광학현미경으로 측정 부분의 미세구조를 분석하는 실험을 진행하였습니다. 광학현미경으로 촬영한 미세구조와 경도측정 값 데이터를 비교하며 미세구조에서 예상하지 못했던 화합물이 존재하였고, 결정립계와 결정립 부분에서의 강도가 다름을 발견하였습니다. 이를 해결하기 위해 교수님의 선행 연구 논문과 Al-C 상태도를 분석하였습니다. Al-CNT 논문에서는 CNT의 함량이 높은 경우 CNT가 결정립계로 응집하여 Al과 화학적 반응이 일어날 수 있다고 하였습니다, 상태도에서는 C(carbon) 43at%에서 Al4C3가 생성됨을 확인하고 결론지었습니다. 이후 분석한 내용을 고찰 파트에서 발표하였고 교수님께서는 학부과정에서 분석하기 어려운 내용을 알아내 칭찬을 하셨고 A+을 받을 수 있었습니다.\n\n삼성 디스플레이 발광재료 개발에서 중요한 역량은 실험을 통해 데이터를 수집하고, 꼼꼼하게 분석하는 것으로 생각합니다. 청색 발광재료는 2016년부터 연구가 활발히 진행되었습니다. 적색과 녹색 발광영역은 인광 기반의 도펀트 재료를 상용화하였지만, 디스플레이 화소 및 조명용 백색광을 구현하기 위한 청색 발광재료의 수명과 효율이 다른 발광재료에 크게 미치지 못하였기 때문입니다. 이를 해결하기 위해 하다고 생각합니다. 여러가지 조성의 물질을 합성하고 여기서 수많은 데이터가 산출됩니다. 성장 과정 중 활동을 통해 얻은 관찰력 분석력으로 QD발광재료의 효율개발을 앞당겨 잉크젯 프린팅 양산기술을 통한 첫 양산품의 출하에 이바지하겠습니다."
    },
    "anno_text_data": {
        "data": [
            {
                "index": 0,
                "raw": "\"제품의 수명개선을 위한 발광재료 합성 실험 데이터 기록과 분석\"\n\n현재 저에게 가장 큰 영향을 끼친 분은 중학교 화학 선생님입니다. 화학 선생님은 가치관은 많은 활동을 통해 경험을 쌓는 것이었습니다. 선생님의 영향을 받아 좋아하는 분야를 찾기 위해 1주일에 1권씩 책을 읽었고, 과학동아리에 ‘OOOO’에서 발전기 모형제작, 계란이 깨지지 않는 케이스를 만들었습니다. 활동을 통해 창의력을 발휘하여 문제를 해결하는 것에 관심이 있다는 것을 발견하였고, 국제신문에서 체험활동을 외부 체험활동을 참여하게 되었습니다. 반장인 저는 친구들과 함께 참여하면 좋을 거 같아 선생님께 말씀드리고 흔쾌히 허락을 받았습니다. 외부 체험활동은 자연의 소중함과 재료의 다양성을 가지게 해주었습니다. 다대포 소나무 숲에서 나이테를 통해 나무의 수명을 계산해보고 나무 목걸이를 만들며 천연고분자를 알게 되었고, 경주 국립박물관에서 옛 선조가 만든 도자기를 보고 직접 도자기를 만들어보며 세라믹의 특성을 배웠습니다. 이런 활동들은 고분자 재료와, 무기재료에 대한 관심을 끌게 만들었고 물체를 관찰하고 기록하는 습관을 만들어 주었습니다.",
                "class": "데이터 기반의 의사결정을 하는,지속적인 성장을 추구하는,고도의 자기주도성을 가진"
            },
            {
                "index": 1,
                "raw": "\"끊임없이 성취하는 인재\"\n\n대학 시절, 나노 소재공학수업에서 경사기능재료(FGM)를 디자인하는 과제에서 꼼꼼한 데이터 기록으로 실험결과의 모순점을 찾아내 프로젝트를 성공적으로 이끈 경험이 있습니다. SPS 소결을 통해 만든 FGM 재료를 비커스 측정계로 경도를 측정하였습니다. 다른 조들은 5회를 측정했지만 저는 경도측정 횟수를 10회로 늘렸습니다. 데이터값은 같은 조성의 재료임에도 경도 값의 편차가 컸고 추가로 광학현미경으로 측정 부분의 미세구조를 분석하는 실험을 진행하였습니다. 광학현미경으로 촬영한 미세구조와 경도측정 값 데이터를 비교하며 미세구조에서 예상하지 못했던 화합물이 존재하였고, 결정립계와 결정립 부분에서의 강도가 다름을 발견하였습니다. 이를 해결하기 위해 교수님의 선행 연구 논문과 Al-C 상태도를 분석하였습니다. Al-CNT 논문에서는 CNT의 함량이 높은 경우 CNT가 결정립계로 응집하여 Al과 화학적 반응이 일어날 수 있다고 하였습니다, 상태도에서는 C(carbon) 43at%에서 Al4C3가 생성됨을 확인하고 결론지었습니다. 이후 분석한 내용을 고찰 파트에서 발표하였고 교수님께서는 학부과정에서 분석하기 어려운 내용을 알아내 칭찬을 하셨고 A+을 받을 수 있었습니다.\n\n삼성 디스플레이 발광재료 개발에서 중요한 역량은 실험을 통해 데이터를 수집하고, 꼼꼼하게 분석하는 것으로 생각합니다. 청색 발광재료는 2016년부터 연구가 활발히 진행되었습니다. 적색과 녹색 발광영역은 인광 기반의 도펀트 재료를 상용화하였지만, 디스플레이 화소 및 조명용 백색광을 구현하기 위한 청색 발광재료의 수명과 효율이 다른 발광재료에 크게 미치지 못하였기 때문입니다. 이를 해결하기 위해 하다고 생각합니다. 여러가지 조성의 물질을 합성하고 여기서 수많은 데이터가 산출됩니다. 성장 과정 중 활동을 통해 얻은 관찰력 분석력으로 QD발광재료의 효율개발을 앞당겨 잉크젯 프린팅 양산기술을 통한 첫 양산품의 출하에 이바지하겠습니다.",
                "class": "데이터 기반의 의사결정을 하는,문제해결능력이 뛰어난,지속적인 성장을 추구하는,고도의 자기주도성을 가진,목표를 달성하는 능력을 갖춘"
            }
        ]
    }
}