{
    "meta": {
        "text_raw": "학원 근무 시 미결제된 학부모님께 결제를 했다는 항의 전화를 받았습니다. 수납 대장을 확인한 결과 아직 이루어지지 않은 것이 확인되어 미결제된 상황을 설명해드렸습니다. 하지만 이에 반발하며 더 큰 갈등으로 이어졌습니다. 전화 응대의 1순위는 친절함입니다. 감정적으로 대응하지 않고 차분한 톤을 유지하며 객관적인 판단과 조속한 해결을 위해 카드사 연결을 시도했습니다.\n\n그 결과 학부모님이 주장하는 결제는 타 학원 결제분으로 확인되었습니다. 그 후 학부모님의 사과를 받고 갈등은 마무리되었습니다. 해당 갈등 경험은 경각심을 가지게 했습니다. 비슷한 갈등이 다시 발생할 것을 위해 이전보다 기록을 더욱 철저히 하고 실물 보관만 하던 영수증을 전산상으로도 보관해 이중 관리를 시행했습니다. 이는 기록의 누락, 실물의 분실에 대비하기 위함이었습니다. 정확하고 오류 없는 기록은 회계에서도 굉장히 중요합니다. 해당 갈등의 경험은 정확성을 기반으로 한 업무 처리의 중요성을 느끼게 해주었으며 향후 정확하고 꼼꼼한 기록 및 검토 업무를 중시 갈등 발생 시 대처 방법을 배울 수 있었습니다."
    },
    "anno_text_data": {
        "data": [
            {
                "index": 0,
                "raw": "학원 근무 시 미결제된 학부모님께 결제를 했다는 항의 전화를 받았습니다. 수납 대장을 확인한 결과 아직 이루어지지 않은 것이 확인되어 미결제된 상황을 설명해드렸습니다. 하지만 이에 반발하며 더 큰 갈등으로 이어졌습니다. 전화 응대의 1순위는 친절함입니다. 감정적으로 대응하지 않고 차분한 톤을 유지하며 객관적인 판단과 조속한 해결을 위해 카드사 연결을 시도했습니다.\n\n그 결과 학부모님이 주장하는 결제는 타 학원 결제분으로 확인되었습니다. 그 후 학부모님의 사과를 받고 갈등은 마무리되었습니다. 해당 갈등 경험은 경각심을 가지게 했습니다. 비슷한 갈등이 다시 발생할 것을 위해 이전보다 기록을 더욱 철저히 하고 실물 보관만 하던 영수증을 전산상으로도 보관해 이중 관리를 시행했습니다. 이는 기록의 누락, 실물의 분실에 대비하기 위함이었습니다. 정확하고 오류 없는 기록은 회계에서도 굉장히 중요합니다. 해당 갈등의 경험은 정확성을 기반으로 한 업무 처리의 중요성을 느끼게 해주었으며 향후 정확하고 꼼꼼한 기록 및 검토 업무를 중시 갈등 발생 시 대처 방법을 배울 수 있었습니다.",
                "class": "탄탄한 의사소통 능력을 가진,적극적인,고도의 책임감을 가진"
            }
        ]
    }
}