{
    "meta": {
        "text_raw": "\"끈기 있게 이끄는 힘\"\n\n대학 전공 스터디 과정에서 끈기 있게 팀을 이끌어 모두 A학점을 취득하였습니다. 스터디를 구성할 때 저는 스터디 지로자로써 이전 성적이 좋지 않아 팀원들이 반신반의하였습니다. 하지만 저의 무지를 깨닫고 인정하였으며 내가 가진 끈기를 활용해 팀원에게 신뢰를 주기로 결심했습니다.\n\n먼저 기본개념을 확립하는 일이 필요했고 도움을 받고자 실험실에 있는 선배님들에게 자문했지만 대부분 소극적 태도를 보였습니다. 하지만 끈기 있게 한쪽에 방치돼 있던 실험소자를 세척하고 실험실 청소와 화학물질 폐기 등 손길이 필요한 곳을 도와드렸습니다. 이런 모습에 저의 진심이 닿아 틈틈이 선배님들께서 기본이론을 가르쳐 주셨고 점차 수업내용을 따라갈 수 있었습니다. 이와 더불어 실험실에서 고분자 물질을 가져와 팀원들과 보고 만지며 관심도를 높여 투명성, 탄성, 강도 등 분자구조에 따른 물성을 더욱 쉽게 이해할 수 있었습니다. 여기서 한 팀원이 각 소재별로 application을 나열하여 가공 및 사용 관련 자료를 찾아왔고 응용학습으로 더욱 흥미를 가지게 되었습니다. 또한 공동의 목표를 위해 구성원과의 상호작용은 기본이라고 생각했습니다. 이에 따라 개개인이 공부한 내용을 확인하는 시스템을 만들어 정확한 지식을 습득할 수 있었고 부담 없는 분위기를 만들어갔습니다. 때때로 불참하려는 인원이 발생했지만 목표에 대해 구성원과 함께 가는 것에 주력하며 팀원이 불참하는 일이 없도록 상황에 따라 팀원의 편의를 고려하였습니다. 이러한 분위기 속 팀원들은 점차 자발적으로 학습을 주도하게 되었고 점진적으로 전공의 이해도를 높일 수 있었습니다. 이로써 전공시험 결과 우리 팀원은 모두 A학점을 취득할 수 있었습니다.\n\n공동의 목표를 이루고자 할 때 구성원의 임하는 태도가 올바른 성과를 만든다고 생각합니다. 이에 따라 유관부서와의 협력으로 SKI 배터리 사업목표의 본질을 더 깊이 이해하고 경영지표에 따라 올바른 공동의 성과를 만들겠습니다."
    },
    "anno_text_data": {
        "data": [
            {
                "index": 0,
                "raw": "\"끈기 있게 이끄는 힘\"\n\n대학 전공 스터디 과정에서 끈기 있게 팀을 이끌어 모두 A학점을 취득하였습니다. 스터디를 구성할 때 저는 스터디 지로자로써 이전 성적이 좋지 않아 팀원들이 반신반의하였습니다. 하지만 저의 무지를 깨닫고 인정하였으며 내가 가진 끈기를 활용해 팀원에게 신뢰를 주기로 결심했습니다.\n\n먼저 기본개념을 확립하는 일이 필요했고 도움을 받고자 실험실에 있는 선배님들에게 자문했지만 대부분 소극적 태도를 보였습니다. 하지만 끈기 있게 한쪽에 방치돼 있던 실험소자를 세척하고 실험실 청소와 화학물질 폐기 등 손길이 필요한 곳을 도와드렸습니다. 이런 모습에 저의 진심이 닿아 틈틈이 선배님들께서 기본이론을 가르쳐 주셨고 점차 수업내용을 따라갈 수 있었습니다. 이와 더불어 실험실에서 고분자 물질을 가져와 팀원들과 보고 만지며 관심도를 높여 투명성, 탄성, 강도 등 분자구조에 따른 물성을 더욱 쉽게 이해할 수 있었습니다. 여기서 한 팀원이 각 소재별로 application을 나열하여 가공 및 사용 관련 자료를 찾아왔고 응용학습으로 더욱 흥미를 가지게 되었습니다. 또한 공동의 목표를 위해 구성원과의 상호작용은 기본이라고 생각했습니다. 이에 따라 개개인이 공부한 내용을 확인하는 시스템을 만들어 정확한 지식을 습득할 수 있었고 부담 없는 분위기를 만들어갔습니다. 때때로 불참하려는 인원이 발생했지만 목표에 대해 구성원과 함께 가는 것에 주력하며 팀원이 불참하는 일이 없도록 상황에 따라 팀원의 편의를 고려하였습니다. 이러한 분위기 속 팀원들은 점차 자발적으로 학습을 주도하게 되었고 점진적으로 전공의 이해도를 높일 수 있었습니다. 이로써 전공시험 결과 우리 팀원은 모두 A학점을 취득할 수 있었습니다.\n\n공동의 목표를 이루고자 할 때 구성원의 임하는 태도가 올바른 성과를 만든다고 생각합니다. 이에 따라 유관부서와의 협력으로 SKI 배터리 사업목표의 본질을 더 깊이 이해하고 경영지표에 따라 올바른 공동의 성과를 만들겠습니다.",
                "class": "문제해결능력이 뛰어난,탄탄한 의사소통 능력을 가진,고도의 자기주도성을 가진,고도의 책임감을 가진"
            }
        ]
    }
}