{
    "meta": {
        "text_raw": "1. 당시 상황 : 대학 시절 응원단 동아리 연습부장직을 맡았으며, 주 업무는 단원에게 춤을 교육하는 것이었습니다. 대학 축제 공연을 준비하는 과정에서 갈등이 발생했습니다. 축제까지의 기간이 한 달 남았을 무렵, 목표했던 것보다 연습 진도가 더뎌 연습 시간이 더 필요하다고 생각했고 남은 기간은 주말에도 연습하겠다고 공지했습니다. 그러나 갑작스러운 일정 변화에 단원들의 반발이 매우 심했습니다.\n\n2. 갈등 상황에서의 행동 : 좋은 공연을 보여주기 위해 연습 시간이 더 확보되어야 했지만, 연습부장과 단원의 관계 이전에 같은 공동체의 조직원이기에 우선 상호 간에 의견 조율이 필요하다고 생각했습니다. 먼저, 갈등을 해소하기 위해 의견 조율 없이 통보했던 잘못된 방식을 인정하며 사과했습니다. 이후, 개인 면담을 진행하며 의견을 종합했고 최대한 단원들의 의견을 반영하기 위해 노력했습니다. 그 결과 연습시간을 추가하되 주말이 아닌 평일 공강 시간을 활용하는 쪽으로 조율했습니다.\n\n3. 특별히 노력한 점 : 모두가 공강 시간이 같지 않아 다 같이 연습할 수 없는 제한사항이 있었지만, 최대한 저의 시간을 배려하여 단원들이 희망하는 시간에 연습할 수 있게끔 계획을 수립했습니다. 또한, 연습 과정에서 꾸준히 상호 의사소통하며 다시금 같은 문제가 발생하지 않게 했습니다.\n\n4. 노력의 결과 및 느낀 점 : 사소한 문제도 발생하지 않고 성공적으로 축제를 마쳤습니다. 또한, 축제 기간 중 응원단 공연이 가장 흥미로웠다는 학생들의 목소리가 게시판에 많이 올라오기도 했습니다. 이러한 경험으로 의사소통을 통해 갈등을 해결하는 방법을 배운 계기가 되었습니다."
    },
    "anno_text_data": {
        "data": [
            {
                "index": 0,
                "raw": "1. 당시 상황 : 대학 시절 응원단 동아리 연습부장직을 맡았으며, 주 업무는 단원에게 춤을 교육하는 것이었습니다. 대학 축제 공연을 준비하는 과정에서 갈등이 발생했습니다. 축제까지의 기간이 한 달 남았을 무렵, 목표했던 것보다 연습 진도가 더뎌 연습 시간이 더 필요하다고 생각했고 남은 기간은 주말에도 연습하겠다고 공지했습니다. 그러나 갑작스러운 일정 변화에 단원들의 반발이 매우 심했습니다.\n\n2. 갈등 상황에서의 행동 : 좋은 공연을 보여주기 위해 연습 시간이 더 확보되어야 했지만, 연습부장과 단원의 관계 이전에 같은 공동체의 조직원이기에 우선 상호 간에 의견 조율이 필요하다고 생각했습니다. 먼저, 갈등을 해소하기 위해 의견 조율 없이 통보했던 잘못된 방식을 인정하며 사과했습니다. 이후, 개인 면담을 진행하며 의견을 종합했고 최대한 단원들의 의견을 반영하기 위해 노력했습니다. 그 결과 연습시간을 추가하되 주말이 아닌 평일 공강 시간을 활용하는 쪽으로 조율했습니다.\n\n3. 특별히 노력한 점 : 모두가 공강 시간이 같지 않아 다 같이 연습할 수 없는 제한사항이 있었지만, 최대한 저의 시간을 배려하여 단원들이 희망하는 시간에 연습할 수 있게끔 계획을 수립했습니다. 또한, 연습 과정에서 꾸준히 상호 의사소통하며 다시금 같은 문제가 발생하지 않게 했습니다.\n\n4. 노력의 결과 및 느낀 점 : 사소한 문제도 발생하지 않고 성공적으로 축제를 마쳤습니다. 또한, 축제 기간 중 응원단 공연이 가장 흥미로웠다는 학생들의 목소리가 게시판에 많이 올라오기도 했습니다. 이러한 경험으로 의사소통을 통해 갈등을 해결하는 방법을 배운 계기가 되었습니다.",
                "class": "유연한 사고를 가진,다양한 의견을 수렴하는,탄탄한 의사소통 능력을 가진,적응력이 높은,적극적인"
            }
        ]
    }
}