{
    "meta": {
        "text_raw": "\"리테일테크를 통한 고객 확보\"\n\n제가 최근 관심을 두는 사회 이슈는 리테일테크 입니다. 최근 유통산업이 코로나19 사태로 인하여, 언택트 비즈니스를 촉발시키면서 더욱 빠른 속도로 스마트 유통 환경으로 바뀌고 있습니다. 따라서 국내외 선진 유통기업들은 AI, 빅데이터, 로봇 등의 4차 산업혁명 기반 기술을 선도적으로 도입해 제품 추적, 빅데이터에 기반을 둔 맞춤형 서비스, 무인 쇼핑 등을 구축하며 이른바 리테일테크가 부상하고 있습니다. 삼성 SDS에서도 Nexshop 솔루션을 통해 고객 맞춤 마케팅을 제공하고 매장 업무 프로세스를 효율화하여 판매직원들의 생산성을 향상시키고 있습니다. \n\n이제는 언택트가 우리의 생활에 자리 잡은 이상 소매상들이 이러한 리테일테크를 선호하게 될 것이며 고객들 또한 점점 더 새로운 고객 경험을 얻길 기대할 것으로 생각했습니다. 따라서 어떻게 하면 리테일테크를 통해 고객들을 사로잡을 것인가에 대해 생각해보았습니다. 먼저 제품을 구매할 때 불편했던 점들을 떠올려보니 유통 채널마다 가지고 있는 고객정보가 달라 쇼핑의 흐름이 끊긴다는 것이었습니다. 로그인도 따로 해야 하며, 내가 주로 관심 있어 하던 품목도 사이트마다 다 달라 원하지 않는 상품을 추천받아야 했습니다.\n\n따라서 모든 유통채널의 상품정보를 제공 받을 수 있고, 결제, 배송까지 가능하게 해주며, 상품 추천까지 해주는 하나의 플랫폼이 있다면 좋을 것이라고 생각하였습니다. 물론 이러한 플랫폼을 제작하기 위해서는 많은 데이터를 필요로 하므로 먼저 다른 기업들과 협력을 하는 작업이 필요할 것으로 생각합니다. 하지만 유통채널 간 끊김 없는 쇼핑경험을 제공해준다면 소비자들의 쇼핑을 간편하게 하여 고객의 자사 플랫폼을 통한 지속적 구매가 일어나도록 만들 수 있을 것으로 생각했습니다. 이제는 기업이 고객에게 일방적으로 정보를 제공하는 시대가 아닌 고객 중심적 비즈니스 환경을 구축해야 할 때라고 생각합니다."
    },
    "anno_text_data": {
        "data": [
            {
                "index": 0,
                "raw": "\"리테일테크를 통한 고객 확보\"\n\n제가 최근 관심을 두는 사회 이슈는 리테일테크 입니다. 최근 유통산업이 코로나19 사태로 인하여, 언택트 비즈니스를 촉발시키면서 더욱 빠른 속도로 스마트 유통 환경으로 바뀌고 있습니다. 따라서 국내외 선진 유통기업들은 AI, 빅데이터, 로봇 등의 4차 산업혁명 기반 기술을 선도적으로 도입해 제품 추적, 빅데이터에 기반을 둔 맞춤형 서비스, 무인 쇼핑 등을 구축하며 이른바 리테일테크가 부상하고 있습니다. 삼성 SDS에서도 Nexshop 솔루션을 통해 고객 맞춤 마케팅을 제공하고 매장 업무 프로세스를 효율화하여 판매직원들의 생산성을 향상시키고 있습니다. \n\n이제는 언택트가 우리의 생활에 자리 잡은 이상 소매상들이 이러한 리테일테크를 선호하게 될 것이며 고객들 또한 점점 더 새로운 고객 경험을 얻길 기대할 것으로 생각했습니다. 따라서 어떻게 하면 리테일테크를 통해 고객들을 사로잡을 것인가에 대해 생각해보았습니다. 먼저 제품을 구매할 때 불편했던 점들을 떠올려보니 유통 채널마다 가지고 있는 고객정보가 달라 쇼핑의 흐름이 끊긴다는 것이었습니다. 로그인도 따로 해야 하며, 내가 주로 관심 있어 하던 품목도 사이트마다 다 달라 원하지 않는 상품을 추천받아야 했습니다.\n\n따라서 모든 유통채널의 상품정보를 제공 받을 수 있고, 결제, 배송까지 가능하게 해주며, 상품 추천까지 해주는 하나의 플랫폼이 있다면 좋을 것이라고 생각하였습니다. 물론 이러한 플랫폼을 제작하기 위해서는 많은 데이터를 필요로 하므로 먼저 다른 기업들과 협력을 하는 작업이 필요할 것으로 생각합니다. 하지만 유통채널 간 끊김 없는 쇼핑경험을 제공해준다면 소비자들의 쇼핑을 간편하게 하여 고객의 자사 플랫폼을 통한 지속적 구매가 일어나도록 만들 수 있을 것으로 생각했습니다. 이제는 기업이 고객에게 일방적으로 정보를 제공하는 시대가 아닌 고객 중심적 비즈니스 환경을 구축해야 할 때라고 생각합니다.",
                "class": "유연한 사고를 가진,비즈니스 마인드를 갖춘"
            }
        ]
    }
}