{
    "meta": {
        "text_raw": "\"같은 방향 다른 루트\"\n\n타지에서의 낯선 환경과 더위 때문에 몸 상태가 악화하여 활동을 계속해야 할지 중단해야 할지 갑론을박이 있었습니다.\n저는 저의 작은 노력으로 사람들에게 기쁨을 주고 싶습니다. OO복지회관, OOO 복지회관 등을 방문하면서 봉사활동을 하였고 더 나아가 다양한 국가를 방문하여 봉사활동을 하였습니다. 봉사활동 중 가장 기억에 남는 것은, OO OOO에 방문했을 때입니다. OOO 근방에 빈민촌을 방문하여 아이들에게 태권도 시범을 보여주고, 춤과 노래를 알려주면서 아이들과 함께 시간을 보냈습니다. 현지에 있는 동안 날씨도 덥고 음식도 입맛에 맞지는 않았습니다. 저를 포함해서 몇몇 인원들은 현지에서 마신 물 때문에 배탈 현상을 겪었고 이것이 탈수 증상으로 이어졌습니다. 그렇지만 일정이 길어질수록 점점 더 팀원들 상황이 악화하였고 계속해서 일정을 진행하는 것은 무리가 있다고 판단하였습니다.\n\n그 과정에서 몇몇 인원들은 그래도 정해놓은 일정을 계속해서 진행하여야 한다고 했고, 다른 인원들은 일정을 취소해야 한다고 했습니다. 저는 일정을 진행하여야 한다는 입장이었습니다. 저의 입장은 비록 모두가 아프지만, 현지에 있을 때, 최대한 많은 사람에게 우리가 준비해 온 것을 보여주고 싶고, 나눠주고 싶다는 것이었습니다. 하지만 상대방 입장도 이해가 되었습니다. 아픈 인원들이 있는데 일정을 진행하는 것은 그 사람들의 배려가 부족하다는 의견이었습니다. 결국은 너무 몸 상태가 심각한 몇몇 인원들을 제외하고 계획대로 일정을 진행하였습니다. 약 한 달 정도 타지에 머물면서, 어려운 일도 있고, 힘든 일도 많았습니다. 이를 통해, 공동체의 목표는 같더라도 그 과정에서 일어나는 상황들을 받아들이는 것은 개인마다 다르다는 것을 배웠습니다.\n\n이를 통해 상대방 처지에서 생각하고 배려하면서 소통해야겠다고 다짐하였고 다름을 인정하는 법을 더 많이 배워야겠다고 생각하였습니다."
    },
    "anno_text_data": {
        "data": [
            {
                "index": 0,
                "raw": "\"같은 방향 다른 루트\"\n\n타지에서의 낯선 환경과 더위 때문에 몸 상태가 악화하여 활동을 계속해야 할지 중단해야 할지 갑론을박이 있었습니다.\n저는 저의 작은 노력으로 사람들에게 기쁨을 주고 싶습니다. OO복지회관, OOO 복지회관 등을 방문하면서 봉사활동을 하였고 더 나아가 다양한 국가를 방문하여 봉사활동을 하였습니다. 봉사활동 중 가장 기억에 남는 것은, OO OOO에 방문했을 때입니다. OOO 근방에 빈민촌을 방문하여 아이들에게 태권도 시범을 보여주고, 춤과 노래를 알려주면서 아이들과 함께 시간을 보냈습니다. 현지에 있는 동안 날씨도 덥고 음식도 입맛에 맞지는 않았습니다. 저를 포함해서 몇몇 인원들은 현지에서 마신 물 때문에 배탈 현상을 겪었고 이것이 탈수 증상으로 이어졌습니다. 그렇지만 일정이 길어질수록 점점 더 팀원들 상황이 악화하였고 계속해서 일정을 진행하는 것은 무리가 있다고 판단하였습니다.\n\n그 과정에서 몇몇 인원들은 그래도 정해놓은 일정을 계속해서 진행하여야 한다고 했고, 다른 인원들은 일정을 취소해야 한다고 했습니다. 저는 일정을 진행하여야 한다는 입장이었습니다. 저의 입장은 비록 모두가 아프지만, 현지에 있을 때, 최대한 많은 사람에게 우리가 준비해 온 것을 보여주고 싶고, 나눠주고 싶다는 것이었습니다. 하지만 상대방 입장도 이해가 되었습니다. 아픈 인원들이 있는데 일정을 진행하는 것은 그 사람들의 배려가 부족하다는 의견이었습니다. 결국은 너무 몸 상태가 심각한 몇몇 인원들을 제외하고 계획대로 일정을 진행하였습니다. 약 한 달 정도 타지에 머물면서, 어려운 일도 있고, 힘든 일도 많았습니다. 이를 통해, 공동체의 목표는 같더라도 그 과정에서 일어나는 상황들을 받아들이는 것은 개인마다 다르다는 것을 배웠습니다.\n\n이를 통해 상대방 처지에서 생각하고 배려하면서 소통해야겠다고 다짐하였고 다름을 인정하는 법을 더 많이 배워야겠다고 생각하였습니다.",
                "class": "다양성을 존중하는,선한 영향력을 행사하는"
            }
        ]
    }
}