{
    "meta": {
        "text_raw": "\"아이들에게 이유 없는 관심과 선행을 베풀다\"\n\n친구의 부모님이 재직하시는 수련관에 봉사활동을 위해 방문하던 때였습니다. 방과 후 시간 때 부모님의 맞벌이 등의 이유로 인한 부재로 인해 집에서 돌봐줄 보호자가 없는 아이들이 이곳에서 시간을 보내게 됩니다. 저는 이런 아이들과 놀아주며 돌봐주고 아이들을 위한 장난감을 만들어 선물하는 행사에 참여하였습니다 . 행사가 끝나고 아이 중 한 명이 재밌었다며 나중에 자신도 크면 애들을 돌봐주겠다고 하였습니다. 저는 그 말을 듣고 아이들에게 그저 이득과 이유없는 선의를 베푸는 일이 얼마나 중요한지 깨달았습니다. 이런 아이들이 자라서 어른이 되어 또 어린아이들에게 선의를 베풀며 이러한 과정이 반복되는 선순환이 일어난다면 좀 더 좋은 사회를 만들 수 있다는 깨달음을 얻어 아이들에게 더욱 친절하게 대하고 많은 것을 가르치려 하는 노력하는 계기가 되었습니다."
    },
    "anno_text_data": {
        "data": [
            {
                "index": 0,
                "raw": "\"아이들에게 이유 없는 관심과 선행을 베풀다\"\n\n친구의 부모님이 재직하시는 수련관에 봉사활동을 위해 방문하던 때였습니다. 방과 후 시간 때 부모님의 맞벌이 등의 이유로 인한 부재로 인해 집에서 돌봐줄 보호자가 없는 아이들이 이곳에서 시간을 보내게 됩니다. 저는 이런 아이들과 놀아주며 돌봐주고 아이들을 위한 장난감을 만들어 선물하는 행사에 참여하였습니다 . 행사가 끝나고 아이 중 한 명이 재밌었다며 나중에 자신도 크면 애들을 돌봐주겠다고 하였습니다. 저는 그 말을 듣고 아이들에게 그저 이득과 이유없는 선의를 베푸는 일이 얼마나 중요한지 깨달았습니다. 이런 아이들이 자라서 어른이 되어 또 어린아이들에게 선의를 베풀며 이러한 과정이 반복되는 선순환이 일어난다면 좀 더 좋은 사회를 만들 수 있다는 깨달음을 얻어 아이들에게 더욱 친절하게 대하고 많은 것을 가르치려 하는 노력하는 계기가 되었습니다.",
                "class": "선한 영향력을 행사하는,다양성을 존중하는,긍정적인 태도를 갖춘"
            }
        ]
    }
}