{
    "meta": {
        "text_raw": "\"누구나 수긍할 규칙으로 질서를 세워 갈등을 없애다\"\n\n제가 동아리에서 활동하던 때였습니다. 그 당시 동아리는 학생들끼리 자체적으로 신설한 지 얼마 되지않아 규칙과 체계가 갖춰지지 않았습니다.\n그런 와중 동아리 내에서 조별 과제를 진행하게 되자 학생들 중 몇 명이 시간을 제대로 준수하지 않아 진행에 차질이 생기기 시작했습니다. 아쉬운점 1그 당시 조장이던 저는 학생들끼리 소속된 과별로 일정이 달라서 생기는 문제점이라 여겨 개별 참여를 할 수 있도록 과별로 자세하고 세세한 규칙을 적용했습니다. 그래야 학생들 각각의 불편함과 갈등이 줄어들 거라 여겼습니다. 그러나 저의 이런 에상과는 달리 학생들이 이를 악용하여 오히려 학생들 간의 소통이 단절되었습니다. 자연히 각자의 맡은 역할의 불공평한 분배가 이뤄지며 서로 간에 비난과 공평성에 대한 불만의 목소리가 커졌습니다. 저는 복잡하고 세세한 규칙이 준수하기 어렵고 비일관적으로 지켜짐을 깨달았습니다. 그래서 저는 총 과제 시간이 줄어드는 손해를 보더라도 불공평으로 인한 갈등이 진행도를 늧춘다 여겨 공정함을 위해 과별로 똑같이 단순명료한 규칙을 적용해 규칙을 준수하는 데 큰 어려움이 없게 하여 학생들 간의 불공평을 없애 갈등을 줄이고 과제의 진행을 가속할 수 있었습니다."
    },
    "anno_text_data": {
        "data": [
            {
                "index": 0,
                "raw": "\"누구나 수긍할 규칙으로 질서를 세워 갈등을 없애다\"\n\n제가 동아리에서 활동하던 때였습니다. 그 당시 동아리는 학생들끼리 자체적으로 신설한 지 얼마 되지않아 규칙과 체계가 갖춰지지 않았습니다.\n그런 와중 동아리 내에서 조별 과제를 진행하게 되자 학생들 중 몇 명이 시간을 제대로 준수하지 않아 진행에 차질이 생기기 시작했습니다. 아쉬운점 1그 당시 조장이던 저는 학생들끼리 소속된 과별로 일정이 달라서 생기는 문제점이라 여겨 개별 참여를 할 수 있도록 과별로 자세하고 세세한 규칙을 적용했습니다. 그래야 학생들 각각의 불편함과 갈등이 줄어들 거라 여겼습니다. 그러나 저의 이런 에상과는 달리 학생들이 이를 악용하여 오히려 학생들 간의 소통이 단절되었습니다. 자연히 각자의 맡은 역할의 불공평한 분배가 이뤄지며 서로 간에 비난과 공평성에 대한 불만의 목소리가 커졌습니다. 저는 복잡하고 세세한 규칙이 준수하기 어렵고 비일관적으로 지켜짐을 깨달았습니다. 그래서 저는 총 과제 시간이 줄어드는 손해를 보더라도 불공평으로 인한 갈등이 진행도를 늧춘다 여겨 공정함을 위해 과별로 똑같이 단순명료한 규칙을 적용해 규칙을 준수하는 데 큰 어려움이 없게 하여 학생들 간의 불공평을 없애 갈등을 줄이고 과제의 진행을 가속할 수 있었습니다.",
                "class": "유연한 사고를 가진,문제해결능력이 뛰어난,탄탄한 의사소통 능력을 가진,신뢰를 주는 리더"
            }
        ]
    }
}