{
    "meta": {
        "text_raw": "\"준비된 전기기사\"\n\n전기에 대한 지식과 기반으로 설비에 들어가는 전기적인 부분을 유지 및 보수를 잘할 자신이 있어서 지원하였고, 이러한 저의 노력으로 도시가스가 더욱 안전하게 고객들에게 공급될 수 있도록 하겠습니다.\n저는 대학 시절에 전기공학을 전공하였습니다. 전기 자기학, 회로 이론 등 전기 기초 이론을 수강하였습니다. 회로실험을 통하여서 기초 이론을 실습해 보기도 하면서, 전기에 대한 기초적인 지식을 쌓았습니다. 학교 졸업 후에도 꾸준히 공부하여 전기기사를 취득하여 전기 지식의 기반을 더욱 견고히 하였습니다.\n\n저는 자동차 부품 제조업체에서 일한 경험이 있습니다. 이를 통해, 자동차 부품 생산 공정을 눈으로 확인하였고, 전체적으로 생산 활동이 어떻게 진행되는지 알 수 있었습니다. 오래된 작업 표준서를 리뉴얼하면서 점검항목 및 작업요령을 숙지하였고, 매주 금요일마다 기계의 내외부를 청소하면서 각각의 공정을 눈여겨 살펴보았습니다. 이를 통해, 생산 활동 시 오류가 빈번하게 일어나는 부분이 무엇인지 직접 눈으로 확인 할 수 있었고, 이러한 일들을 개선하고 방지하는 것에 흥미를 느꼈습니다. 제가 서울도시가스에 입사하게 된다면 회사가 생산 설비 장애 요인 문제를 신속하고 빠르게 해결하여 생산 공급에 차질이 없도록 하겠습니다. 그렇게 하기 위하여 사전에 기계 보수 및 유지를 철저히 하고 더 나아가 설비 예방보전 업무를 통해 최적의 생산지원이 되도록 성실히 업무를 수행하겠습니다."
    },
    "anno_text_data": {
        "data": [
            {
                "index": 0,
                "raw": "\"준비된 전기기사\"\n\n전기에 대한 지식과 기반으로 설비에 들어가는 전기적인 부분을 유지 및 보수를 잘할 자신이 있어서 지원하였고, 이러한 저의 노력으로 도시가스가 더욱 안전하게 고객들에게 공급될 수 있도록 하겠습니다.\n저는 대학 시절에 전기공학을 전공하였습니다. 전기 자기학, 회로 이론 등 전기 기초 이론을 수강하였습니다. 회로실험을 통하여서 기초 이론을 실습해 보기도 하면서, 전기에 대한 기초적인 지식을 쌓았습니다. 학교 졸업 후에도 꾸준히 공부하여 전기기사를 취득하여 전기 지식의 기반을 더욱 견고히 하였습니다.\n\n저는 자동차 부품 제조업체에서 일한 경험이 있습니다. 이를 통해, 자동차 부품 생산 공정을 눈으로 확인하였고, 전체적으로 생산 활동이 어떻게 진행되는지 알 수 있었습니다. 오래된 작업 표준서를 리뉴얼하면서 점검항목 및 작업요령을 숙지하였고, 매주 금요일마다 기계의 내외부를 청소하면서 각각의 공정을 눈여겨 살펴보았습니다. 이를 통해, 생산 활동 시 오류가 빈번하게 일어나는 부분이 무엇인지 직접 눈으로 확인 할 수 있었고, 이러한 일들을 개선하고 방지하는 것에 흥미를 느꼈습니다. 제가 서울도시가스에 입사하게 된다면 회사가 생산 설비 장애 요인 문제를 신속하고 빠르게 해결하여 생산 공급에 차질이 없도록 하겠습니다. 그렇게 하기 위하여 사전에 기계 보수 및 유지를 철저히 하고 더 나아가 설비 예방보전 업무를 통해 최적의 생산지원이 되도록 성실히 업무를 수행하겠습니다.",
                "class": "지속적인 성장을 추구하는,적응력이 높은,비즈니스 마인드를 갖춘"
            }
        ]
    }
}