{
    "meta": {
        "text_raw": "소비자행동론 / 소비자의 구매 패턴과 심리를 이해하고 그들에게 알맞는 마케팅 방안을 도출시킴으로서 매출을 올릴 수 있는 방안 공부/ A 0\n\n빅데이터와 창업기회발견 / 빅데이터를 분석할 수 있는, factor analysis, PCA 등의 기법들을 SPSS로 실습함 / A 0\n\n표본론 / 적은 비용으로 전체를 대표할 수 있는 표본을 추출할 수 있는 방법에 대해 공부함. simple random sampling과 계통 추출, 층화 추출 등 여러 가지 표본 추출 방식들을 자세하게 배웠고 각 이론들을 R로 실습 / B 0\n\nOOO과 함께하는 캡스톤디자인 / 비즈니스 모델 캔버스를 활용하여 OOO에서 제시한 과제 해결 ; OOOOOO의 남성 DAU 확보 / A+, 실제 OOOOOO 어플에서 우리팀이 제시한 서비스 런칭\n\nOOOOOOOO 빅데이터 과정 / 빅데이터를 분석하는 데 필요한 여러가지 기법들을 배움 ; logit analysis, clustering, classification analysis, 비정형 데이터 분석 등의 이론 및 R 실습 진행 / 수료 예정; 21-06-28~21-07-28 교육\n\nOOO OOO 아르바이트 / OO OOOO 상권활성화 프로젝트 참여 ; 상권 실사 및 업종 분석, SNS 분석 및 소상공인 설문조사 진행- 구역 당 10 곳, SWOT 분석 및 세부 전략 도출\n\n어플 OOO의 CEO / 팀 내에서 최종 기획 담당, 현재 UI/UX 마무리 작업 중. 적절한 질문으로 약 380명 설문 완료 - 교차분석 통해 유용한 인사이트 도출 / 2021년 9월 어플 출시 예정\n\nOOO 인턴쉽 / 가격표 수정 작업 및 상품명 변경 작업, 다량의 엑셀 업무 / 중소벤처기업부 수료증, 엑셀 활용 능력\n\n사회조사분석사 2급 필기 합격 - 다음 실기 시험 예정"
    },
    "anno_text_data": {
        "data": [
            {
                "index": 0,
                "raw": "소비자행동론 / 소비자의 구매 패턴과 심리를 이해하고 그들에게 알맞는 마케팅 방안을 도출시킴으로서 매출을 올릴 수 있는 방안 공부/ A 0\n\n빅데이터와 창업기회발견 / 빅데이터를 분석할 수 있는, factor analysis, PCA 등의 기법들을 SPSS로 실습함 / A 0\n\n표본론 / 적은 비용으로 전체를 대표할 수 있는 표본을 추출할 수 있는 방법에 대해 공부함. simple random sampling과 계통 추출, 층화 추출 등 여러 가지 표본 추출 방식들을 자세하게 배웠고 각 이론들을 R로 실습 / B 0\n\nOOO과 함께하는 캡스톤디자인 / 비즈니스 모델 캔버스를 활용하여 OOO에서 제시한 과제 해결 ; OOOOOO의 남성 DAU 확보 / A+, 실제 OOOOOO 어플에서 우리팀이 제시한 서비스 런칭\n\nOOOOOOOO 빅데이터 과정 / 빅데이터를 분석하는 데 필요한 여러가지 기법들을 배움 ; logit analysis, clustering, classification analysis, 비정형 데이터 분석 등의 이론 및 R 실습 진행 / 수료 예정; 21-06-28~21-07-28 교육\n\nOOO OOO 아르바이트 / OO OOOO 상권활성화 프로젝트 참여 ; 상권 실사 및 업종 분석, SNS 분석 및 소상공인 설문조사 진행- 구역 당 10 곳, SWOT 분석 및 세부 전략 도출\n\n어플 OOO의 CEO / 팀 내에서 최종 기획 담당, 현재 UI/UX 마무리 작업 중. 적절한 질문으로 약 380명 설문 완료 - 교차분석 통해 유용한 인사이트 도출 / 2021년 9월 어플 출시 예정\n\nOOO 인턴쉽 / 가격표 수정 작업 및 상품명 변경 작업, 다량의 엑셀 업무 / 중소벤처기업부 수료증, 엑셀 활용 능력\n\n사회조사분석사 2급 필기 합격 - 다음 실기 시험 예정",
                "class": "지속적인 성장을 추구하는"
            }
        ]
    }
}