{
    "meta": {
        "text_raw": "\"책임감과 신뢰\"\n\n스스로를 가장 잘 표현하는 단어로 '책임감'을 고르고 싶습니다. 저는 늘 맡은 업무에 있어 높은 책임감을 바탕으로 주어진 역할 이상을 수행하려 노력했습니다. 교내 야구 동아리에서는 1년 간 장비의 관리 담당을 맡아 시험 기간과 방학 기간 등에도 빠짐 없이 관리 및 점검 업무를 수행했고, 관리 대장을 직접 만들어 점검 업무를 더욱 철저하게 진행했습니다. 교육봉사활동을 수행할 때에도 주어진 교육자료 외에도 학생의 학업 수준에 맞는 보충 자료를 직접 제작하여 보충 수업을 진행하는 등 업무 수행에 최선을 다했습니다. 이렇듯 저는 수행하는 업무에 대한 높은 책임감을 바탕으로 제가 소속된 단체에서 늘 신뢰받는 사람으로 남을 수 있었습니다. \n\n이러한 제 성격 상의 특징은 업무의 중요성이 매우 높은 금융업에서 특히 강점으로 작용할 것이라 생각합니다. 입행 후 인턴으로 근무하면서 수행하는 모든 업무에 있어 늘 책임감을 갖추고 성공적으로 수행해내어 함께 근무하는 행원분들로부터 신뢰받을 수 있는 인턴이 될 수 있도록 최선을 다하겠습니다."
    },
    "anno_text_data": {
        "data": [
            {
                "index": 0,
                "raw": "\"책임감과 신뢰\"\n\n스스로를 가장 잘 표현하는 단어로 '책임감'을 고르고 싶습니다. 저는 늘 맡은 업무에 있어 높은 책임감을 바탕으로 주어진 역할 이상을 수행하려 노력했습니다. 교내 야구 동아리에서는 1년 간 장비의 관리 담당을 맡아 시험 기간과 방학 기간 등에도 빠짐 없이 관리 및 점검 업무를 수행했고, 관리 대장을 직접 만들어 점검 업무를 더욱 철저하게 진행했습니다. 교육봉사활동을 수행할 때에도 주어진 교육자료 외에도 학생의 학업 수준에 맞는 보충 자료를 직접 제작하여 보충 수업을 진행하는 등 업무 수행에 최선을 다했습니다. 이렇듯 저는 수행하는 업무에 대한 높은 책임감을 바탕으로 제가 소속된 단체에서 늘 신뢰받는 사람으로 남을 수 있었습니다. \n\n이러한 제 성격 상의 특징은 업무의 중요성이 매우 높은 금융업에서 특히 강점으로 작용할 것이라 생각합니다. 입행 후 인턴으로 근무하면서 수행하는 모든 업무에 있어 늘 책임감을 갖추고 성공적으로 수행해내어 함께 근무하는 행원분들로부터 신뢰받을 수 있는 인턴이 될 수 있도록 최선을 다하겠습니다.",
                "class": "신뢰를 주는 리더,지속적인 성장을 추구하는,고도의 책임감을 가진,고도의 자기주도성을 가진,적극적인"
            }
        ]
    }
}