{
    "meta": {
        "text_raw": "학부 때 응원단 동아리 연습부장직을 맡았으며, 주 업무는 단원들에게 춤을 교육하는 것이었습니다. 대학 축제 공연 준비 간 갈등이 발생했습니다. 축제까지의 기간이 한 달 남았을 무렵, 남은 기간은 주말에도 연습하겠다고 공지했습니다. 그러나 갑작스러운 일정 변화에 단원들의 반발은 매우 심했습니다. 좋은 공연을 위해 시간이 더 필요했지만, 상호 간에 의견 조율이 필요하다고 생각했습니다. 먼저, 의견 조율 없이 통보했던 잘못된 방식에 대해 사과했습니다. 그리고 개인 면담을 진행하며 단원들의 의견을 최대한 반영했습니다. 그 결과 공강 시간을 활용해 연습하는 것으로 조율했습니다. 이후에는 사소한 것이라도 꾸준히 의사소통하며 다시금 같은 문제가 발생하지 않도록 노력했고 성공적으로 축제를 마무리할 수 있었습니다. 또한, 축제 기간 중 응원단 공연이 가장 흥미로웠다는 학생들의 목소리가 게시판에 올라오기도 했습니다. 이러한 경험으로 의사소통의 중요성과 소통을 통한 갈등 해결 방법을 배우게 되었습니다."
    },
    "anno_text_data": {
        "data": [
            {
                "index": 0,
                "raw": "학부 때 응원단 동아리 연습부장직을 맡았으며, 주 업무는 단원들에게 춤을 교육하는 것이었습니다. 대학 축제 공연 준비 간 갈등이 발생했습니다. 축제까지의 기간이 한 달 남았을 무렵, 남은 기간은 주말에도 연습하겠다고 공지했습니다. 그러나 갑작스러운 일정 변화에 단원들의 반발은 매우 심했습니다. 좋은 공연을 위해 시간이 더 필요했지만, 상호 간에 의견 조율이 필요하다고 생각했습니다. 먼저, 의견 조율 없이 통보했던 잘못된 방식에 대해 사과했습니다. 그리고 개인 면담을 진행하며 단원들의 의견을 최대한 반영했습니다. 그 결과 공강 시간을 활용해 연습하는 것으로 조율했습니다. 이후에는 사소한 것이라도 꾸준히 의사소통하며 다시금 같은 문제가 발생하지 않도록 노력했고 성공적으로 축제를 마무리할 수 있었습니다. 또한, 축제 기간 중 응원단 공연이 가장 흥미로웠다는 학생들의 목소리가 게시판에 올라오기도 했습니다. 이러한 경험으로 의사소통의 중요성과 소통을 통한 갈등 해결 방법을 배우게 되었습니다.",
                "class": "다양한 의견을 수렴하는,문제해결능력이 뛰어난,탄탄한 의사소통 능력을 가진"
            }
        ]
    }
}