{
    "meta": {
        "text_raw": "응원단 동아리의 홍보를 위해 자발적으로 노력한 경험이 있습니다. 새 학기가 시작되면 응원단은 지정된 구역에 야외 부스를 설치하고 신입 단원모집 홍보를 하였습니다. 총 2주 정도의 모집 기간을 갖는데 예년보다 추운 날씨 탓에 홍보 시작 후 첫 1주간은 부스를 찾는 학생 수가 저조했습니다. 남은 1주간은 홍보 방법의 변화가 필요하다고 생각했습니다. 저는 부스에 비치해두던 홍보 팜플렛을 챙겨 학교 정문, 후문, 강의실에 가서 학생들에게 팜플렛을 나누어주며 홍보를 시작했습니다. 졸업을 앞두고 있어 해야 할 것이 많았지만, 일주일의 시간 동안 수업시간을 제외하고 계속 돌아다니며 현장 홍보를 하였습니다. 대학생활에 있어 힘들 때나 좋을 때나 언제나 응원단과 함께였기에 응원단을 위해 저의 시간을 쏟는다는 것이 전혀 아깝지 않았습니다. 이러한 노력은 평소 모집 때보다 두 배의 많은 단원이 입단하게 되는 성공적인 결과로 이어졌습니다."
    },
    "anno_text_data": {
        "data": [
            {
                "index": 0,
                "raw": "응원단 동아리의 홍보를 위해 자발적으로 노력한 경험이 있습니다. 새 학기가 시작되면 응원단은 지정된 구역에 야외 부스를 설치하고 신입 단원모집 홍보를 하였습니다. 총 2주 정도의 모집 기간을 갖는데 예년보다 추운 날씨 탓에 홍보 시작 후 첫 1주간은 부스를 찾는 학생 수가 저조했습니다. 남은 1주간은 홍보 방법의 변화가 필요하다고 생각했습니다. 저는 부스에 비치해두던 홍보 팜플렛을 챙겨 학교 정문, 후문, 강의실에 가서 학생들에게 팜플렛을 나누어주며 홍보를 시작했습니다. 졸업을 앞두고 있어 해야 할 것이 많았지만, 일주일의 시간 동안 수업시간을 제외하고 계속 돌아다니며 현장 홍보를 하였습니다. 대학생활에 있어 힘들 때나 좋을 때나 언제나 응원단과 함께였기에 응원단을 위해 저의 시간을 쏟는다는 것이 전혀 아깝지 않았습니다. 이러한 노력은 평소 모집 때보다 두 배의 많은 단원이 입단하게 되는 성공적인 결과로 이어졌습니다.",
                "class": "창의력을 가진,유연한 사고를 가진,고도의 자기주도성을 가진,적극적인,긍정적인 태도를 갖춘"
            }
        ]
    }
}