{
    "meta": {
        "text_raw": "\"계획 아래에서\"\n\n“계획에 실패한 사람은, 실패를 계획하는 것이다”라는 말처럼 계획을 중시했습니다. 작은 일이라도 제가 만든 계획대로 일이 진행될 때 즐거움을 느끼며, 모든 일에 앞서 효율적인 동선을 생각합니다. 생산기획 직무는 원재료가 공정을 거쳐 최종 제품으로 만들어지기까지의 전체 과정을 계획하고 조율합니다. 저는 제약회사에서 1년간 일하며 제약 공정이 갖는 복잡성과 특수성을 이해하고 있습니다. 비록 약소한 경험이지만 제약 생산에 대한 이해와 완벽한 계획을 만들려는 자세로 업무에 기여하겠습니다."
    },
    "anno_text_data": {
        "data": [
            {
                "index": 0,
                "raw": "\"계획 아래에서\"\n\n“계획에 실패한 사람은, 실패를 계획하는 것이다”라는 말처럼 계획을 중시했습니다. 작은 일이라도 제가 만든 계획대로 일이 진행될 때 즐거움을 느끼며, 모든 일에 앞서 효율적인 동선을 생각합니다. 생산기획 직무는 원재료가 공정을 거쳐 최종 제품으로 만들어지기까지의 전체 과정을 계획하고 조율합니다. 저는 제약회사에서 1년간 일하며 제약 공정이 갖는 복잡성과 특수성을 이해하고 있습니다. 비록 약소한 경험이지만 제약 생산에 대한 이해와 완벽한 계획을 만들려는 자세로 업무에 기여하겠습니다.",
                "class": "고도의 자기주도성을 가진"
            }
        ]
    }
}