{
    "meta": {
        "text_raw": "회사를 선택하는 데 있어서 가장 중요한 기준은, 좋은 동료들과 함께 노력한 결과가 실제 사람들에게 도움이 될 수 있는가입니다.\n개발자로서의 꿈이자 목표는 스스로 유명해지거나 돈을 많이 버는 것이 아닙니다. 만든 프로그램으로 인해 시간을 절약하고 편리한 삶을 누리는 것을 지켜본다면 만족하며, 이를 원동력 삼아 새로운 개발에 몰입할 것입니다.\n\nH&A 사업부는 실생활에 밀접한 가전을 개발해오고 있으며, Signature와 Object Collection 브랜드를 통한 개인화된 디자인 및 UP 가전을 통한 제품군 별로 다양한 편의 기능을 추가 제공함으로써 가전 시장을 선도하고 있습니다. 또한 ThinQ를 통한 편리한 스마트홈서비스를 제공함으로써 고객들의 삶을 개선해오고 있습니다.\n\n또한 LG전자는 현재에 안주하지 않고 고객 니즈를 충족하기 위하여 혁신적인 제품들을 내놓고 있습니다.\n대표적으로 기존에는 아무도 의류를 관리한다는 생각을 하지 못하였지만, 스타일러를 출시하여 세탁이 어렵거나 일상적으로 착용하는 의류 관리를 쉽게 할 수 있게 하였습니다. 또한 틔운 과 홈 브루와 같이 가정 내에서 특별한 경험을 원하는 고객들을 만족시켜오고 있습니다. 가장 최근에는, 개인적으로 가장 기대하며 사용자들의 삶을 개선할 것이라 생각되는 세탁건조기를 세계 최초로 공개함으로써, 지속적인 발전과 고부가가치의 시장을 개척해나가고 있습니다.\n\n1) 사람들의 실생활에 밀접하게 관련되어, 사용자들에게 직접적으로 도움을 줄 수 있는 것\n2) 혁신적인 제품을 개발함으로써 사용자들에게 더 나은 생활환경을 제공할 수 있는 것\n3) 기능을 지속적으로 개선 및 추가함으로써 사용자들에게 더 나은 기술을 제공하는 것\nLG전자, 그리고 H&A 사업부는 이러한 저의 개발 지향과 일치하여 개발 목표를 잘 실현할 수 있는 환경이라 확신하였으며, 함께 고객의 편리한 삶 경험을 위해 기술을 개발 및 발전시켜나가고 싶어 지원하였습니다."
    },
    "anno_text_data": {
        "data": [
            {
                "index": 0,
                "raw": "회사를 선택하는 데 있어서 가장 중요한 기준은, 좋은 동료들과 함께 노력한 결과가 실제 사람들에게 도움이 될 수 있는가입니다.\n개발자로서의 꿈이자 목표는 스스로 유명해지거나 돈을 많이 버는 것이 아닙니다. 만든 프로그램으로 인해 시간을 절약하고 편리한 삶을 누리는 것을 지켜본다면 만족하며, 이를 원동력 삼아 새로운 개발에 몰입할 것입니다.\n\nH&A 사업부는 실생활에 밀접한 가전을 개발해오고 있으며, Signature와 Object Collection 브랜드를 통한 개인화된 디자인 및 UP 가전을 통한 제품군 별로 다양한 편의 기능을 추가 제공함으로써 가전 시장을 선도하고 있습니다. 또한 ThinQ를 통한 편리한 스마트홈서비스를 제공함으로써 고객들의 삶을 개선해오고 있습니다.\n\n또한 LG전자는 현재에 안주하지 않고 고객 니즈를 충족하기 위하여 혁신적인 제품들을 내놓고 있습니다.\n대표적으로 기존에는 아무도 의류를 관리한다는 생각을 하지 못하였지만, 스타일러를 출시하여 세탁이 어렵거나 일상적으로 착용하는 의류 관리를 쉽게 할 수 있게 하였습니다. 또한 틔운 과 홈 브루와 같이 가정 내에서 특별한 경험을 원하는 고객들을 만족시켜오고 있습니다. 가장 최근에는, 개인적으로 가장 기대하며 사용자들의 삶을 개선할 것이라 생각되는 세탁건조기를 세계 최초로 공개함으로써, 지속적인 발전과 고부가가치의 시장을 개척해나가고 있습니다.\n\n1) 사람들의 실생활에 밀접하게 관련되어, 사용자들에게 직접적으로 도움을 줄 수 있는 것\n2) 혁신적인 제품을 개발함으로써 사용자들에게 더 나은 생활환경을 제공할 수 있는 것\n3) 기능을 지속적으로 개선 및 추가함으로써 사용자들에게 더 나은 기술을 제공하는 것\nLG전자, 그리고 H&A 사업부는 이러한 저의 개발 지향과 일치하여 개발 목표를 잘 실현할 수 있는 환경이라 확신하였으며, 함께 고객의 편리한 삶 경험을 위해 기술을 개발 및 발전시켜나가고 싶어 지원하였습니다.",
                "class": "선한 영향력을 행사하는,지속적인 성장을 추구하는,비전을 제시하는"
            }
        ]
    }
}