{
    "meta": {
        "text_raw": "공직자의 부패는 \"준법정신\"의 부재에서 발생한다고 생각합니다. 따라서 공직자에게 가장 중요한 원칙은 준법정신이라고 생각합니다. 장교로 임관하고 얼마 되지 않아 야근하게 되면 초과근무 수당을 받는다는 것을 알게 되었습니다. 초과근무 시스템은 야근하는 날 본인이 직접 인트라넷을 통해 시작하고 종료 후 퇴근하는 체계였습니다. 초과근무 시간을 따로 관리 감독하는 사람이 없었기에 퇴근 시간이 되면 초과근무 신청을 하고 개인적인 운동을 하거나 핸드폰 게임을 하는 등 부당하게 수당을 받는 분위기가 부대 내 만연했습니다. 하지만 저는 \"정직하지 않은 방법으로 얻는 이익은 더 큰 손실을 준다\"라는 가치관을 따르고 있었기에 부당한 방법으로 수당 신청을 하지 않았습니다. 어느 날 간부들이 수당을 부당하게 받아간다는 것을 알게 된 용사들은 상급 부대에 제보하였고 상급 부대 감사에서 적발된 여러 명의 간부는 징계를 받았습니다. 이러한 경험은 준법정신에 대한 저의 가치관이 더욱 확고해지는 계기가 되었습니다."
    },
    "anno_text_data": {
        "data": [
            {
                "index": 0,
                "raw": "공직자의 부패는 \"준법정신\"의 부재에서 발생한다고 생각합니다. 따라서 공직자에게 가장 중요한 원칙은 준법정신이라고 생각합니다. 장교로 임관하고 얼마 되지 않아 야근하게 되면 초과근무 수당을 받는다는 것을 알게 되었습니다. 초과근무 시스템은 야근하는 날 본인이 직접 인트라넷을 통해 시작하고 종료 후 퇴근하는 체계였습니다. 초과근무 시간을 따로 관리 감독하는 사람이 없었기에 퇴근 시간이 되면 초과근무 신청을 하고 개인적인 운동을 하거나 핸드폰 게임을 하는 등 부당하게 수당을 받는 분위기가 부대 내 만연했습니다. 하지만 저는 \"정직하지 않은 방법으로 얻는 이익은 더 큰 손실을 준다\"라는 가치관을 따르고 있었기에 부당한 방법으로 수당 신청을 하지 않았습니다. 어느 날 간부들이 수당을 부당하게 받아간다는 것을 알게 된 용사들은 상급 부대에 제보하였고 상급 부대 감사에서 적발된 여러 명의 간부는 징계를 받았습니다. 이러한 경험은 준법정신에 대한 저의 가치관이 더욱 확고해지는 계기가 되었습니다.",
                "class": "선한 영향력을 행사하는,신뢰를 주는 리더,고도의 책임감을 가진"
            }
        ]
    }
}