{
    "meta": {
        "text_raw": "인턴 활동을 할 당시 늦은 시간까지 잦은 야근을 하는 경우가 많았습니다. 이에 체력적으로 부족하다는 것을 깨닫고 체력 증진을 위해 장애물 레이스에 도전하여 완주하는 것을 목표로 하였습니다. 단 한 번도 도전해보지 않았던 10km 장애물 레이스는 저를 극한으로 몰아 한계를 뛰어넘을 수 있는 좋은 처방전이라 생각했습니다. 매일 학교 운동장을 뛰며 지구력을 기르고, 근력운동을 통해 근력을 키웠습니다. 하지만 대회 한 달 전부터 코로나 확진자가 급증하여 대회 일주일 전 결국 취소되었습니다. 대회 참가를 하여 완주라는 목표를 이루지 못하여 아쉬웠지만, 대회를 준비하는 과정에서 이미 체력은 많이 향상되어 있었고, 부족한 점을 극복해 나아가는 과정에서 만족감을 얻을 수 있었습니다. 이를 통해 목표를 향해 가다 보면 목표를 이루기 위해 노력했던 과정들이 모두 나에게 자산이 된다는 것을 깨달았습니다. 또한, 실천해야만 원하는 것을 이룰 수 있다는 것을 깨달았습니다. 매일경제신문사에서도 새로운 것에 도전하는 데 있어 두려움을 이겨내어 최고의 결과를 낼 수 있는 직원이 되겠습니다."
    },
    "anno_text_data": {
        "data": [
            {
                "index": 0,
                "raw": "인턴 활동을 할 당시 늦은 시간까지 잦은 야근을 하는 경우가 많았습니다. 이에 체력적으로 부족하다는 것을 깨닫고 체력 증진을 위해 장애물 레이스에 도전하여 완주하는 것을 목표로 하였습니다. 단 한 번도 도전해보지 않았던 10km 장애물 레이스는 저를 극한으로 몰아 한계를 뛰어넘을 수 있는 좋은 처방전이라 생각했습니다. 매일 학교 운동장을 뛰며 지구력을 기르고, 근력운동을 통해 근력을 키웠습니다. 하지만 대회 한 달 전부터 코로나 확진자가 급증하여 대회 일주일 전 결국 취소되었습니다. 대회 참가를 하여 완주라는 목표를 이루지 못하여 아쉬웠지만, 대회를 준비하는 과정에서 이미 체력은 많이 향상되어 있었고, 부족한 점을 극복해 나아가는 과정에서 만족감을 얻을 수 있었습니다. 이를 통해 목표를 향해 가다 보면 목표를 이루기 위해 노력했던 과정들이 모두 나에게 자산이 된다는 것을 깨달았습니다. 또한, 실천해야만 원하는 것을 이룰 수 있다는 것을 깨달았습니다. 매일경제신문사에서도 새로운 것에 도전하는 데 있어 두려움을 이겨내어 최고의 결과를 낼 수 있는 직원이 되겠습니다.",
                "class": "지속적인 성장을 추구하는,목표를 달성하는 능력을 갖춘,적극적인,고도의 자기주도성을 가진,긍정적인 태도를 갖춘"
            }
        ]
    }
}