{
    "meta": {
        "text_raw": "현재 공익 지향성이 마음에 들어 공사와 공공기관에 입사지원서를 넣고 있습니다. 한국 방송공사의 채용공고를 보고, 언젠가 TV에서 보았던 KBS가 재난방송 주관 방송국이라는 문구가 생각이 났습니다. 재난주관방송사이자 정부 출자 기업으로 다른 방송국에 모범을 보여야 하는 한국 방송공사의 책임감이 저에게는 매력적으로 느껴졌습니다\n\n막중한 임무을 지고 있는 한국방송 직원의 역량을 끝까지 발휘할 수 있도록 뒤에서 지원해 주고, 나아가 세계에서 주목받는 전산 방송 시스템을 구축하는 인재가 되겠습니다. 입사 후 공학, 심리학, 언어학 대학원에 갈 예정입니다. 세상을 넓게 보는 사람이 되어 새로운 기술과 지식으로 KBS를 발전시키고, 도상 중인 나라에 방송이 주는 정보제공의 힘을 돋우어 주는 직원이 되겠습니다."
    },
    "anno_text_data": {
        "data": [
            {
                "index": 0,
                "raw": "현재 공익 지향성이 마음에 들어 공사와 공공기관에 입사지원서를 넣고 있습니다. 한국 방송공사의 채용공고를 보고, 언젠가 TV에서 보았던 KBS가 재난방송 주관 방송국이라는 문구가 생각이 났습니다. 재난주관방송사이자 정부 출자 기업으로 다른 방송국에 모범을 보여야 하는 한국 방송공사의 책임감이 저에게는 매력적으로 느껴졌습니다\n\n막중한 임무을 지고 있는 한국방송 직원의 역량을 끝까지 발휘할 수 있도록 뒤에서 지원해 주고, 나아가 세계에서 주목받는 전산 방송 시스템을 구축하는 인재가 되겠습니다. 입사 후 공학, 심리학, 언어학 대학원에 갈 예정입니다. 세상을 넓게 보는 사람이 되어 새로운 기술과 지식으로 KBS를 발전시키고, 도상 중인 나라에 방송이 주는 정보제공의 힘을 돋우어 주는 직원이 되겠습니다.",
                "class": "지속적인 성장을 추구하는"
            }
        ]
    }
}