{
    "meta": {
        "text_raw": "019년 여름, 미국·캐나다 청소년 인문학 캠핑 여행의 운전자 및 인솔 교사로서 3 주동안 지도한 경험이 있습니다. 북미 동부지역에서 캠핑하며, 때로는 형오빠로서 때로는 먼저 학창시절을 경험한 선배로서 아이들뿐만 아니라 저 스스로에 대해 되돌아보는 경험을 했습니다.\n\n미국 여행을 다니며 알게된 분께서 제가 대형면허가 있고 운전병 경력이 있는 것을 아시고는 함께 지도를 해보지 않겠냐는 제안을 하셨습니다. 제안을 받았을 때는 고민이 많았습니다. 운전병 경력 덕에 운전에 대한 두려움은 크지 않았지만, 타국에서 어린 학생들을 지도하기엔 많이 부족하다는 생각이 들었습니다. '내가 인솔 교사의 자격을 갖춘 걸까?' 하는 질문에 한 달이라는 시간 동안 많이 고민했고, 제안을 수락했습니다.\n\n처음 학생들을 만났을 때는 어떻게 소통을 해야 할지에 대한 고민으로 가까이 다가가지 못했습니다. 잘 따라주지 않아 속상하기도 했습니다. 하지만 아이들이 먼저 다가오며 학교생활과 친구 관계, 학업 문제 등에 대해 상담을 요청해왔고 사춘기 시절의 실패했던 경험과 이를 극복했던 일들을 얘기해주다 보니 어느새 학생들 사이에서 인기 선생님이 되어있었습니다. 믿고 맡겨주신 부모님의 마음에 보답하고 아이들에게 좋은 경험을 주고자 하는 마음은 제게 큰 책임감을 심어 주었고, 3 주 동안 아이들이 잘 따라주어 무사히 여행을 마쳤습니다.\n\n남들이 쉽게 경험하지 못할 타국에서의 캠프지도를 하며 원활한 소통과 다양성 존중을 통한 교육으로 마음을 열고 변할 수 있게 하며 스스로가 큰 감동을 보람을 느꼈고 내적 성장에 큰 도움을 받았습니다. 이제는 부산롯데호텔의 경영지원팀, 특히 인사부서에서 핵심가치 육성을 위한 교육 시스템 구축을 통해 직원 개인과 호텔의 발전을 지원하고 싶습니다."
    },
    "anno_text_data": {
        "data": [
            {
                "index": 0,
                "raw": "019년 여름, 미국·캐나다 청소년 인문학 캠핑 여행의 운전자 및 인솔 교사로서 3 주동안 지도한 경험이 있습니다. 북미 동부지역에서 캠핑하며, 때로는 형오빠로서 때로는 먼저 학창시절을 경험한 선배로서 아이들뿐만 아니라 저 스스로에 대해 되돌아보는 경험을 했습니다.\n\n미국 여행을 다니며 알게된 분께서 제가 대형면허가 있고 운전병 경력이 있는 것을 아시고는 함께 지도를 해보지 않겠냐는 제안을 하셨습니다. 제안을 받았을 때는 고민이 많았습니다. 운전병 경력 덕에 운전에 대한 두려움은 크지 않았지만, 타국에서 어린 학생들을 지도하기엔 많이 부족하다는 생각이 들었습니다. '내가 인솔 교사의 자격을 갖춘 걸까?' 하는 질문에 한 달이라는 시간 동안 많이 고민했고, 제안을 수락했습니다.\n\n처음 학생들을 만났을 때는 어떻게 소통을 해야 할지에 대한 고민으로 가까이 다가가지 못했습니다. 잘 따라주지 않아 속상하기도 했습니다. 하지만 아이들이 먼저 다가오며 학교생활과 친구 관계, 학업 문제 등에 대해 상담을 요청해왔고 사춘기 시절의 실패했던 경험과 이를 극복했던 일들을 얘기해주다 보니 어느새 학생들 사이에서 인기 선생님이 되어있었습니다. 믿고 맡겨주신 부모님의 마음에 보답하고 아이들에게 좋은 경험을 주고자 하는 마음은 제게 큰 책임감을 심어 주었고, 3 주 동안 아이들이 잘 따라주어 무사히 여행을 마쳤습니다.\n\n남들이 쉽게 경험하지 못할 타국에서의 캠프지도를 하며 원활한 소통과 다양성 존중을 통한 교육으로 마음을 열고 변할 수 있게 하며 스스로가 큰 감동을 보람을 느꼈고 내적 성장에 큰 도움을 받았습니다. 이제는 부산롯데호텔의 경영지원팀, 특히 인사부서에서 핵심가치 육성을 위한 교육 시스템 구축을 통해 직원 개인과 호텔의 발전을 지원하고 싶습니다.",
                "class": "탄탄한 의사소통 능력을 가진,다양성을 존중하는,적응력이 높은"
            }
        ]
    }
}