{
    "meta": {
        "text_raw": "\"아쉬운 준비\"\n\n해외 봉사 당시 아쉬운 준비로 인하여 실패를 경험했었습니다. 우리는 마을 및 학교 개보수작업을 하는 건축 봉사와 아이들을 위한 교육봉사와 문화공연을 기획하였습니다. 이에 출국 전 문화공연을 위하여 ‘태권무’를 미리 연습하여 베트남으로 떠났습니다. 완벽한 공연을 위해 건축 작업을 끝내고 저녁에 숙소로 돌아와서 잠이 들기 전까지 합을 맞추어 보며 연습하였습니다. 하지만 중간 점검 당시 우리 조의 공연은 구성이 단순하고, 역동적인 동작이 추가되면 좋겠다는 혹평을 받았습니다. 조원들은 당황하며 망연자실한 모습이었습니다. 하지만 시간이 없기에 최대한 빠르게 수정하고 연습을 하여야 했습니다. 이에 다양한 영상들을 보며 새로운 동작들을 의논하여 추가하고 수정하여 최종 점검 날까지 밤새 연습하였습니다. 조원들은 각자의 역할을 다하기 위해 노력하였고, 우리는 서로를 믿고 의지하였습니다.\n\n결국, 최종 점검 당시 우리의 노력은 호평으로 돌아왔고, 다행스럽게 공연도 성공적으로 마무리 지을 수 있었습니다. 이 경험을 통하여 더욱 견고하게 준비를 했었어야 했다는 아쉬움을 느꼈었습니다. 준비를 더욱 알차게 준비하였더라면, 체력을 조금이라도 더 아낄 수 있고, 시간에 쫓기지 않으며 다른 활동들을 더욱 힘내서 할 수 있었을 것이라 생각하였습니다. 만약 출국 전으로 돌아간다면 팀원들과 더욱 다양한 소통을 하여 짜임새 있는 공연을 준비하며 더 많은 연습을 하였을 것 같습니다. 하지만 이런 실패를 경험하였기에 팀워크가 더욱 증가하였고, 팀워크를 통해 같이 노력하면 결과를 바꿀 수 있다는 것을 배울 수 있었습니다. 사전에 다양한 시뮬레이션을 거쳐 준비할 것이며, 어려움이 닥치면 팀워크를 바탕으로 협업을 통해 결과를 내는 팀원이 되도록 하겠습니다."
    },
    "anno_text_data": {
        "data": [
            {
                "index": 0,
                "raw": "\"아쉬운 준비\"\n\n해외 봉사 당시 아쉬운 준비로 인하여 실패를 경험했었습니다. 우리는 마을 및 학교 개보수작업을 하는 건축 봉사와 아이들을 위한 교육봉사와 문화공연을 기획하였습니다. 이에 출국 전 문화공연을 위하여 ‘태권무’를 미리 연습하여 베트남으로 떠났습니다. 완벽한 공연을 위해 건축 작업을 끝내고 저녁에 숙소로 돌아와서 잠이 들기 전까지 합을 맞추어 보며 연습하였습니다. 하지만 중간 점검 당시 우리 조의 공연은 구성이 단순하고, 역동적인 동작이 추가되면 좋겠다는 혹평을 받았습니다. 조원들은 당황하며 망연자실한 모습이었습니다. 하지만 시간이 없기에 최대한 빠르게 수정하고 연습을 하여야 했습니다. 이에 다양한 영상들을 보며 새로운 동작들을 의논하여 추가하고 수정하여 최종 점검 날까지 밤새 연습하였습니다. 조원들은 각자의 역할을 다하기 위해 노력하였고, 우리는 서로를 믿고 의지하였습니다.\n\n결국, 최종 점검 당시 우리의 노력은 호평으로 돌아왔고, 다행스럽게 공연도 성공적으로 마무리 지을 수 있었습니다. 이 경험을 통하여 더욱 견고하게 준비를 했었어야 했다는 아쉬움을 느꼈었습니다. 준비를 더욱 알차게 준비하였더라면, 체력을 조금이라도 더 아낄 수 있고, 시간에 쫓기지 않으며 다른 활동들을 더욱 힘내서 할 수 있었을 것이라 생각하였습니다. 만약 출국 전으로 돌아간다면 팀원들과 더욱 다양한 소통을 하여 짜임새 있는 공연을 준비하며 더 많은 연습을 하였을 것 같습니다. 하지만 이런 실패를 경험하였기에 팀워크가 더욱 증가하였고, 팀워크를 통해 같이 노력하면 결과를 바꿀 수 있다는 것을 배울 수 있었습니다. 사전에 다양한 시뮬레이션을 거쳐 준비할 것이며, 어려움이 닥치면 팀워크를 바탕으로 협업을 통해 결과를 내는 팀원이 되도록 하겠습니다.",
                "class": "문제해결능력이 뛰어난,탄탄한 의사소통 능력을 가진,지속적인 성장을 추구하는,적극적인"
            }
        ]
    }
}