{
    "meta": {
        "text_raw": "1. Research&Education 활동\n고등학교 재학 당시 OO대학교 OOO과 OOOOOOO연구실에서 ‘OOOO OOO OO 증착 및 특성 분석’을 주제로 소논문을 작성했습니다. PLD를 통한 LSMO 박막의 증착부터 XRD와 SEM을 이용한 구조 분석, 자기장과 온도에 따른 특성 분석까지 직접 참여했습니다.\n\n2. OOOO OO부문 장기현장실습\n4개월 간 인턴으로 근무하며 시뮬레이션을 통한 SiO2의 물성 예측 업무에 참여했습니다. 그 중에서도 SiO2 분자 시스템의 원자 위치 정보를 바탕으로 시스템 전체의 포텐셜 에너지를 예측하는 역할을 담당했습니다. Pytorch를 활용하여 Neural Network Potential 모델을 구현했으며, RMSE 0.01eV/atom 수준의 높은 신뢰성을 확보했습니다.\n\n3. ‘물리전자’ 수강 / A+, ‘전기전자재료및초전도’ 수강 / A+\n기초적인 재료공학 및 고체물리학 개념, Si 박막의 결정화, 반도체 재료의 특성과 증착 방식, 반도체를 응용한 MOSFET, OLED 등 소자의 원리 등에 대해 학습했으며, ‘OLED에 사용되는 LTPS, IGZO, LTPO TFT’와 ‘Quantum Dot display’를 주제로 팀프로젝트를 진행했습니다.\n\n4. ‘반도체디스플레이실험’ 수강 / A+\n반도체 8대 공정, LTPS TFT와 oxide TFT의 제작 및 특성, 저온 공정의 연구 동향, LCD·OLED·μLED·QD 디스플레이의 특성 및 구조 등에 대해 학습했으며, ‘Environment-adaptable optoelectronic neuromorphic device’를 주제로 팀프로젝트를 진행했습니다.\n\n5. 반도체 심화전공 스터디\n과 학회원과 함께 2주에 한 번씩 반도체 분야의 논문을 리뷰하고 그 내용에 대해 요약 발표했습니다. 멀티 핀/핑거 FinFET 트랜지스터의 열 저항 모델, AOS를 활용한 실온에서의 flexible TTFT 제작 등에 대해 다뤘습니다."
    },
    "anno_text_data": {
        "data": [
            {
                "index": 0,
                "raw": "1. Research&Education 활동\n고등학교 재학 당시 OO대학교 OOO과 OOOOOOO연구실에서 ‘OOOO OOO OO 증착 및 특성 분석’을 주제로 소논문을 작성했습니다. PLD를 통한 LSMO 박막의 증착부터 XRD와 SEM을 이용한 구조 분석, 자기장과 온도에 따른 특성 분석까지 직접 참여했습니다.\n\n2. OOOO OO부문 장기현장실습\n4개월 간 인턴으로 근무하며 시뮬레이션을 통한 SiO2의 물성 예측 업무에 참여했습니다. 그 중에서도 SiO2 분자 시스템의 원자 위치 정보를 바탕으로 시스템 전체의 포텐셜 에너지를 예측하는 역할을 담당했습니다. Pytorch를 활용하여 Neural Network Potential 모델을 구현했으며, RMSE 0.01eV/atom 수준의 높은 신뢰성을 확보했습니다.\n\n3. ‘물리전자’ 수강 / A+, ‘전기전자재료및초전도’ 수강 / A+\n기초적인 재료공학 및 고체물리학 개념, Si 박막의 결정화, 반도체 재료의 특성과 증착 방식, 반도체를 응용한 MOSFET, OLED 등 소자의 원리 등에 대해 학습했으며, ‘OLED에 사용되는 LTPS, IGZO, LTPO TFT’와 ‘Quantum Dot display’를 주제로 팀프로젝트를 진행했습니다.\n\n4. ‘반도체디스플레이실험’ 수강 / A+\n반도체 8대 공정, LTPS TFT와 oxide TFT의 제작 및 특성, 저온 공정의 연구 동향, LCD·OLED·μLED·QD 디스플레이의 특성 및 구조 등에 대해 학습했으며, ‘Environment-adaptable optoelectronic neuromorphic device’를 주제로 팀프로젝트를 진행했습니다.\n\n5. 반도체 심화전공 스터디\n과 학회원과 함께 2주에 한 번씩 반도체 분야의 논문을 리뷰하고 그 내용에 대해 요약 발표했습니다. 멀티 핀/핑거 FinFET 트랜지스터의 열 저항 모델, AOS를 활용한 실온에서의 flexible TTFT 제작 등에 대해 다뤘습니다.",
                "class": "데이터 기반의 의사결정을 하는,지속적인 성장을 추구하는,고도의 자기주도성을 가진"
            }
        ]
    }
}