{
    "meta": {
        "text_raw": "처음 운동을 생활화하는 것은 굉장히 힘들었습니다. 하지만 건강한 신체라는 목표와 이에 대한 의지가 있어 멈추지 않을 수 있었습니다. 시간이 지남에 따라 건강해지는 모습에 자신감이 생겼습니다. 또한 강인해진 체력과 꾸준함으로 이룬 성과에 대한 성취감, 해낼 수 있다는 스스로에 대한 신뢰감 증대로 정신적으로도 성숙해질 수 있었습니다. 또한 운동은 스트레스 해소에도 도움을 주기 때문에 일주일에 4회 이상 행하고 있습니다.\n\n피트니스를 취미로 삼을 수 있었던 것은 계획과 실천이 특기이기 때문입니다. 다음 날의 일정을 시간 단위로 계획하고 이를 실천함으로써 성취감을 얻습니다. 계획성 있는 성격은 시간을 효율적으로 보낼 수 있게 하여 스스로 발전할 수 있는 근거가 됩니다. 또한 긍정적인 마음가짐으로 감정 회복을 빠르게 합니다. 힘들거나 우울한 경우엔 더 깊은 감정에 얽매이지 않도록 일정을 조율하여 감정을 다스립니다. 스스로가 하고 싶은 대로 할 수 있는 것은 본인 스스로뿐이라고 생각합니다. 때문에 스스로를 활용하여 원하는 것을 성취하는 것이 특기입니다."
    },
    "anno_text_data": {
        "data": [
            {
                "index": 0,
                "raw": "처음 운동을 생활화하는 것은 굉장히 힘들었습니다. 하지만 건강한 신체라는 목표와 이에 대한 의지가 있어 멈추지 않을 수 있었습니다. 시간이 지남에 따라 건강해지는 모습에 자신감이 생겼습니다. 또한 강인해진 체력과 꾸준함으로 이룬 성과에 대한 성취감, 해낼 수 있다는 스스로에 대한 신뢰감 증대로 정신적으로도 성숙해질 수 있었습니다. 또한 운동은 스트레스 해소에도 도움을 주기 때문에 일주일에 4회 이상 행하고 있습니다.\n\n피트니스를 취미로 삼을 수 있었던 것은 계획과 실천이 특기이기 때문입니다. 다음 날의 일정을 시간 단위로 계획하고 이를 실천함으로써 성취감을 얻습니다. 계획성 있는 성격은 시간을 효율적으로 보낼 수 있게 하여 스스로 발전할 수 있는 근거가 됩니다. 또한 긍정적인 마음가짐으로 감정 회복을 빠르게 합니다. 힘들거나 우울한 경우엔 더 깊은 감정에 얽매이지 않도록 일정을 조율하여 감정을 다스립니다. 스스로가 하고 싶은 대로 할 수 있는 것은 본인 스스로뿐이라고 생각합니다. 때문에 스스로를 활용하여 원하는 것을 성취하는 것이 특기입니다.",
                "class": "지속적인 성장을 추구하는,고도의 자기주도성을 가진,긍정적인 태도를 갖춘"
            }
        ]
    }
}