{
    "meta": {
        "text_raw": "직업을 선택할 때 제가 가진 역량을 기업과 함께 성장시킬 수 있는지를 최우선으로 고려합니다. 장교로 임관하기 전, 병과 선택의 갈림길에서 같은 과 동기들 대부분이 통신병과에 지원했지만 저는 특전사가 되어 체력적인 역량을 특전사와 함께 성장시키고 싶어 보병을 지원했습니다. 그러나 특전사로 선발되지 못했고 보병 소대장으로 임무를 수행했습니다. 소대장 생활을 하면서도 어떻게 하면 나의 역량을 소대장이라는 직책과 함께 성장시킬 수 있을지에 대해 계속 고민하고 여러 가지 시도를 해보았습니다. 그러나 한계를 느꼈고 직업관에 대해 더 뚜렷한 생각을 하게 되었습니다. 한국남동발전은 'KOEN 뉴딜 중장기 추진계획'을 발표하며 2050년까지 '온실가스 순 배출 제로'에 도달한다는 목표를 하고 있습니다. 이에 저는 남동발전과 함께 그린 뉴딜을 주도하며 직무역량을 성장시킬 수 있다고 확신하게 되었고 지원하게 되었습니다. \n저는 직무역량을 강화하기 위해 전기공학과에 입학하였습니다. 전기기기 과목을 수강하며 발전기의 구조와 특성, 변압기의 구성, 주요 기기별 전기적 특성에 대해 배웠습니다. 또한, 제어공학 강의를 통해 자동제어시스템에 관한 지식을 습득했습니다. 졸업 후에는 00교육원에서 전력수급, 무효전력과 계통 전압, 전기사업법 등 전력 계통운영에 관해 공부했습니다. 그뿐만 아니라, 전문 자격을 갖추기 위해 전기기사 자격증을 취득하였고 전기 공사설계 및 감리 등의 직무에 대한 추가적인 지식을 쌓기 위해 전기공사기사 자격증 취득을 준비하고 있습니다. 이러한 노력을 통해 성장시킨 역량을 발휘하여 남동발전이 미래를 주도하는 데 이바지하겠습니다."
    },
    "anno_text_data": {
        "data": [
            {
                "index": 0,
                "raw": "직업을 선택할 때 제가 가진 역량을 기업과 함께 성장시킬 수 있는지를 최우선으로 고려합니다. 장교로 임관하기 전, 병과 선택의 갈림길에서 같은 과 동기들 대부분이 통신병과에 지원했지만 저는 특전사가 되어 체력적인 역량을 특전사와 함께 성장시키고 싶어 보병을 지원했습니다. 그러나 특전사로 선발되지 못했고 보병 소대장으로 임무를 수행했습니다. 소대장 생활을 하면서도 어떻게 하면 나의 역량을 소대장이라는 직책과 함께 성장시킬 수 있을지에 대해 계속 고민하고 여러 가지 시도를 해보았습니다. 그러나 한계를 느꼈고 직업관에 대해 더 뚜렷한 생각을 하게 되었습니다. 한국남동발전은 'KOEN 뉴딜 중장기 추진계획'을 발표하며 2050년까지 '온실가스 순 배출 제로'에 도달한다는 목표를 하고 있습니다. 이에 저는 남동발전과 함께 그린 뉴딜을 주도하며 직무역량을 성장시킬 수 있다고 확신하게 되었고 지원하게 되었습니다.",
                "class": "적응력이 높은"
            },
            {
                "index": 1,
                "raw": "저는 직무역량을 강화하기 위해 전기공학과에 입학하였습니다. 전기기기 과목을 수강하며 발전기의 구조와 특성, 변압기의 구성, 주요 기기별 전기적 특성에 대해 배웠습니다. 또한, 제어공학 강의를 통해 자동제어시스템에 관한 지식을 습득했습니다. 졸업 후에는 00교육원에서 전력수급, 무효전력과 계통 전압, 전기사업법 등 전력 계통운영에 관해 공부했습니다. 그뿐만 아니라, 전문 자격을 갖추기 위해 전기기사 자격증을 취득하였고 전기 공사설계 및 감리 등의 직무에 대한 추가적인 지식을 쌓기 위해 전기공사기사 자격증 취득을 준비하고 있습니다. 이러한 노력을 통해 성장시킨 역량을 발휘하여 남동발전이 미래를 주도하는 데 이바지하겠습니다.",
                "class": "지속적인 성장을 추구하는,목표를 달성하는 능력을 갖춘,고도의 자기주도성을 가진"
            }
        ]
    }
}