{
    "meta": {
        "text_raw": "\"테스트 엔지니어를 꿈꾸다\"\n\n테스트란 완제품단계로 넘어가기 전에 Electrical Test와 Hot&Cold Test와 같은 항목을 통해 Chip을 최종선별하는 단계입니다. 2019년 OOO에서 열린 OOOOOO교육과정에 참여하여 여러 현직자분들이 강의하실 때, 테스트에 대해 정의를 내려주셨을 때 하신 말입니다. 최종적인 Product를 내기 위해선 ‘우리의 손을 거쳐야 한다!’ 라는 자부심이 저로 하여금 테스트분야에 관심을 갖게 만들었던 것 같습니다. 그 이후로, OOOOOO에서 OOOO로 편입하여 반도체와 C언어를 둘 다 배울 수 있는 기회를 가졌고 지금까지도 계속해서 테스트 엔지니어로써 성장하기 위해 자기계발을 해오고 있었습니다. 그러던 중, 스태츠칩팩의 채용공고를 우연히 보게되었고 그 중에서도 Test Engineer에서 요구하는 역량이 제가 지금까지 해온 노력과 매칭이 된다 생각하여 지원하게 되었습니다."
    },
    "anno_text_data": {
        "data": [
            {
                "index": 0,
                "raw": "\"테스트 엔지니어를 꿈꾸다\"\n\n테스트란 완제품단계로 넘어가기 전에 Electrical Test와 Hot&Cold Test와 같은 항목을 통해 Chip을 최종선별하는 단계입니다. 2019년 OOO에서 열린 OOOOOO교육과정에 참여하여 여러 현직자분들이 강의하실 때, 테스트에 대해 정의를 내려주셨을 때 하신 말입니다. 최종적인 Product를 내기 위해선 ‘우리의 손을 거쳐야 한다!’ 라는 자부심이 저로 하여금 테스트분야에 관심을 갖게 만들었던 것 같습니다. 그 이후로, OOOOOO에서 OOOO로 편입하여 반도체와 C언어를 둘 다 배울 수 있는 기회를 가졌고 지금까지도 계속해서 테스트 엔지니어로써 성장하기 위해 자기계발을 해오고 있었습니다. 그러던 중, 스태츠칩팩의 채용공고를 우연히 보게되었고 그 중에서도 Test Engineer에서 요구하는 역량이 제가 지금까지 해온 노력과 매칭이 된다 생각하여 지원하게 되었습니다.",
                "class": "지속적인 성장을 추구하는,긍정적인 태도를 갖춘"
            }
        ]
    }
}