{
    "meta": {
        "text_raw": "This Old Tony, youtube.com/user/featony\n저는 어릴적부터 사물의 작동 원리와 적용된 과학 기술 등에 관심이 매우 많아왔습니다. 중고등생시절 물리학과 진학을 목표로 했고, 반수를 하며 이와 비슷한 공학을 주전공으로 가지게 됐습니다. 즐겨보는 컨텐츠 역시 이런 성향으로부터 영향을 크게 받았고, 제가 잘 모르는 기계공학 관련 영상들을 즐겨 보고 있습니다.\n\n그 중에서도 금속 가공과 가공기계를 주로 다루는 삼는 토니의 채널을 초창기부터 쭉 이어 보고 있습니다. 초심자도 쉽게 이해할 수 있게 상세히 설명한 원리와 기술은 지적 자극과 공학적 영감을 주고, 간간이 삽입된 Dad joke, 일명 '아재개그'는 저에게 즐거움을 줍니다. 또한 현재 유행하는 UCC의 높은 비율이 안고있는 단점인 선정성과 언어폭력성이 디스 올드 토니 채널에서는 거의 없습니다. 이러한 이유로 토니의 채널은 다른 채널들을(VanossGaming 등) 제치고 제가 가장 즐겨보는 채널이 됐습니다."
    },
    "anno_text_data": {
        "data": [
            {
                "index": 0,
                "raw": "This Old Tony, youtube.com/user/featony\n저는 어릴적부터 사물의 작동 원리와 적용된 과학 기술 등에 관심이 매우 많아왔습니다. 중고등생시절 물리학과 진학을 목표로 했고, 반수를 하며 이와 비슷한 공학을 주전공으로 가지게 됐습니다. 즐겨보는 컨텐츠 역시 이런 성향으로부터 영향을 크게 받았고, 제가 잘 모르는 기계공학 관련 영상들을 즐겨 보고 있습니다.\n\n그 중에서도 금속 가공과 가공기계를 주로 다루는 삼는 토니의 채널을 초창기부터 쭉 이어 보고 있습니다. 초심자도 쉽게 이해할 수 있게 상세히 설명한 원리와 기술은 지적 자극과 공학적 영감을 주고, 간간이 삽입된 Dad joke, 일명 '아재개그'는 저에게 즐거움을 줍니다. 또한 현재 유행하는 UCC의 높은 비율이 안고있는 단점인 선정성과 언어폭력성이 디스 올드 토니 채널에서는 거의 없습니다. 이러한 이유로 토니의 채널은 다른 채널들을(VanossGaming 등) 제치고 제가 가장 즐겨보는 채널이 됐습니다.",
                "class": "지속적인 성장을 추구하는"
            }
        ]
    }
}