{
    "meta": {
        "text_raw": "원가 부문의 필수 역량은 전문성입니다. 원가에 대한 이해 부족은 정보 유용성 저해, 공정 운영의 차질을 유발하기 때문입니다.\n이를 위해 학부의 회계 수업을 모두 수강하였습니다. 학부생 수준에서 얻을 수 있는 회계 지식을 모두 공부했고 그중 전략적 원가관리 과목에서 기업의 원가 전략을 다룬 보고서 작성 과정에서 원가의 중요성을 깨닫고 사업과 제품의 원가 계산, 사후 관리를 하며 적정성을 판단하는 업무 담당이라는 목표를 가졌습니다. 실무 경험을 위한 자격증도 다수 취득했습니다. 이는 원가를 비롯한 재무와 세무 이론은 물론 다양한 회계 프로그램의 운영 능력이 있음을 증명합니다.\n\n사업 예산 편성 경험으로 학생회에서 학과 행사를 구성해 사업 효과 도출, 예산 편성 업무를 담당했습니다. 축제 주점 사업에서 메뉴 원가의 계산 과정에서 노무비 최소화해 학생들에게 적합한 가격을 산정했습니다. 순이익은 적었지만 학생들의 만족도를 조사했을 때 88점이라는 높은 점수를 얻었습니다. 주점 사업에서의 수익성은 학생들의 만족도에서 표현되었습니다.\n해당 역량들로 원가 부문에 적합함을 확신합니다."
    },
    "anno_text_data": {
        "data": [
            {
                "index": 0,
                "raw": "원가 부문의 필수 역량은 전문성입니다. 원가에 대한 이해 부족은 정보 유용성 저해, 공정 운영의 차질을 유발하기 때문입니다.\n이를 위해 학부의 회계 수업을 모두 수강하였습니다. 학부생 수준에서 얻을 수 있는 회계 지식을 모두 공부했고 그중 전략적 원가관리 과목에서 기업의 원가 전략을 다룬 보고서 작성 과정에서 원가의 중요성을 깨닫고 사업과 제품의 원가 계산, 사후 관리를 하며 적정성을 판단하는 업무 담당이라는 목표를 가졌습니다. 실무 경험을 위한 자격증도 다수 취득했습니다. 이는 원가를 비롯한 재무와 세무 이론은 물론 다양한 회계 프로그램의 운영 능력이 있음을 증명합니다.\n\n사업 예산 편성 경험으로 학생회에서 학과 행사를 구성해 사업 효과 도출, 예산 편성 업무를 담당했습니다. 축제 주점 사업에서 메뉴 원가의 계산 과정에서 노무비 최소화해 학생들에게 적합한 가격을 산정했습니다. 순이익은 적었지만 학생들의 만족도를 조사했을 때 88점이라는 높은 점수를 얻었습니다. 주점 사업에서의 수익성은 학생들의 만족도에서 표현되었습니다.\n해당 역량들로 원가 부문에 적합함을 확신합니다.",
                "class": "문제해결능력이 뛰어난,비전을 제시하는,자원을 효율적으로 활용하는"
            }
        ]
    }
}