{
    "meta": {
        "text_raw": "\"전기기술자의 첫 자격을 준비하다\"\n\n발전전기 기술자는 전력 생산 공정에 설치된 설비에 대한 이해와 문제해결을 위해서 전기이론의 기초와 전기설비의 경험이 필요하다 여겼습니다. 그래서 전기기능사 취득을 위해 전기이론·전기기기·전기설비의 학습을 통해 필기시험을 통과한 뒤 배선·결선 등의 전기작업을 숙련하여 실기시험에 통과하며 전기기능사를 취득하여 전기기술자가 되기 위한 첫 문턱을 넘었습니다\n\n\"전기기기의 숙련과 다음 단계를 향한 공부\"\n\n현재 학교에서 제공하는 납땜 장비. 아두이노. 등으로 전기를 활용한 간접전등·스위치 제작을 통해 전기를 활용한 설비 및 기기의 배선 및 관리능력을 기르고 있습니다. 또한 더 높은 수준의 전문성을 갖춘 전기기술자가 되기 위해 전기이론의 기초를 복습하며 전기기사의 이론을 예습하는 등 전기기사 취득을 위한 준비를 하고 있습니다. 한국동서발전에 입사하게 된다면 전기기사를 취득하여 숙련된 전기기술력으로 한국동서발전에 이바지하는 전기기술자가 되겠습니다."
    },
    "anno_text_data": {
        "data": [
            {
                "index": 0,
                "raw": "\"전기기술자의 첫 자격을 준비하다\"\n\n발전전기 기술자는 전력 생산 공정에 설치된 설비에 대한 이해와 문제해결을 위해서 전기이론의 기초와 전기설비의 경험이 필요하다 여겼습니다. 그래서 전기기능사 취득을 위해 전기이론·전기기기·전기설비의 학습을 통해 필기시험을 통과한 뒤 배선·결선 등의 전기작업을 숙련하여 실기시험에 통과하며 전기기능사를 취득하여 전기기술자가 되기 위한 첫 문턱을 넘었습니다",
                "class": "문제해결능력이 뛰어난,지속적인 성장을 추구하는,고도의 자기주도성을 가진,목표를 달성하는 능력을 갖춘"
            },
            {
                "index": 1,
                "raw": "\"전기기기의 숙련과 다음 단계를 향한 공부\"\n\n현재 학교에서 제공하는 납땜 장비. 아두이노. 등으로 전기를 활용한 간접전등·스위치 제작을 통해 전기를 활용한 설비 및 기기의 배선 및 관리능력을 기르고 있습니다. 또한 더 높은 수준의 전문성을 갖춘 전기기술자가 되기 위해 전기이론의 기초를 복습하며 전기기사의 이론을 예습하는 등 전기기사 취득을 위한 준비를 하고 있습니다. 한국동서발전에 입사하게 된다면 전기기사를 취득하여 숙련된 전기기술력으로 한국동서발전에 이바지하는 전기기술자가 되겠습니다.",
                "class": "문제해결능력이 뛰어난,지속적인 성장을 추구하는,고도의 자기주도성을 가진,목표를 달성하는 능력을 갖춘"
            }
        ]
    }
}