{
    "meta": {
        "text_raw": "\"목표달성의 핵심, 도전정신\"\n\nOOOO에서 컨테이너 자동인식 솔루션 프로젝트를 진행한 경험이 있습니다. 모든 인식실패결과와 성공결과를 비교해 문제점을 찾은 후 시스템 업데이트를 모든 크레인에 적용한 후 70%대의 인식률을 기록하고 있던 시스템은 예상 목표치를 뛰어넘는 평균 90%를 기록해 목표를 초과 달성함으로서 완벽을 위한 도전정신으로 고객의 만족을 이끌어 낼 수 있었습니다.\n\n\"적극적인 배움의 자세의 중요성\"\n\nOOO에서 크레인 흔들림 제어 프로젝트를 수행한 경험이 있습니다. 현장에서 전기제어 PLC 프로그램을 운용해야 했습니다. 하지만 프로그램에 대한 운용 경험이 없었기 때문에 맡은 역할을 성공적으로 수행하지 못했습니다. 현장에서 보조역할을 자청하며 어깨너머로 프로그램을 익히기 시작했습니다. 쉬는 시간을 이용해 전기제어를 공부하며, 프로젝트가 끝날 때에는 크레인을 제어할 수 있게 되었습니다. 부족한 부분을 인식하고 개발하려는 적극적인 배움의 자세의 중요성을 느꼈습니다."
    },
    "anno_text_data": {
        "data": [
            {
                "index": 0,
                "raw": "\"목표달성의 핵심, 도전정신\"\n\nOOOO에서 컨테이너 자동인식 솔루션 프로젝트를 진행한 경험이 있습니다. 모든 인식실패결과와 성공결과를 비교해 문제점을 찾은 후 시스템 업데이트를 모든 크레인에 적용한 후 70%대의 인식률을 기록하고 있던 시스템은 예상 목표치를 뛰어넘는 평균 90%를 기록해 목표를 초과 달성함으로서 완벽을 위한 도전정신으로 고객의 만족을 이끌어 낼 수 있었습니다.",
                "class": "문제해결능력이 뛰어난,목표를 달성하는 능력을 갖춘,적극적인"
            },
            {
                "index": 1,
                "raw": "\"적극적인 배움의 자세의 중요성\"\n\nOOO에서 크레인 흔들림 제어 프로젝트를 수행한 경험이 있습니다. 현장에서 전기제어 PLC 프로그램을 운용해야 했습니다. 하지만 프로그램에 대한 운용 경험이 없었기 때문에 맡은 역할을 성공적으로 수행하지 못했습니다. 현장에서 보조역할을 자청하며 어깨너머로 프로그램을 익히기 시작했습니다. 쉬는 시간을 이용해 전기제어를 공부하며, 프로젝트가 끝날 때에는 크레인을 제어할 수 있게 되었습니다. 부족한 부분을 인식하고 개발하려는 적극적인 배움의 자세의 중요성을 느꼈습니다.",
                "class": "지속적인 성장을 추구하는,고도의 자기주도성을 가진"
            }
        ]
    }
}