{
    "meta": {
        "text_raw": "코로나19로 인해 거리 두기 상황이 발생하면서 오프라인 유통산업은 직접적인 영향을 입었습니다. 하지만 현대백화점은 자기자본회전율 45%로 전기와 비슷한 수준을, 부채비율 75%로 경쟁사 대비 월등히 낮은 수치를 기록하고 있습니다. 매장 신 구축에도 불구하고 성과를 낼 수 있던 것은 재무제표로 자금조달 등 의사결정을 지원했기 때문입니다. 현대백화점은 청주 시티아울렛 오픈을 계획하고 있습니다. 따라서 정확한 결산, 공시 업무는 지속되어야 합니다. \n\n공시 일정이 정해져 있는 재경부서는 정보의 적시성을 위해 계획 하에 업무를 수행해야 합니다. 저는 42일간의 배낭여행을 1시간 단위로 계획, 실천한 경험으로 일정에 차질을 유발하지 않아 팀 내 원활한 업무 처리가 가능합니다. 또한 정보의 중요성을 위해 전문성으로 업무를 수행해야 합니다. 다수의 자격증은 회계에 대한 깊은 이해와 전산 처리 능력을 증명합니다.\n재경의 인과관계를 파악해 질적 특성을 보존하는, 현대백화점의 재경 인재가 되겠습니다."
    },
    "anno_text_data": {
        "data": [
            {
                "index": 0,
                "raw": "코로나19로 인해 거리 두기 상황이 발생하면서 오프라인 유통산업은 직접적인 영향을 입었습니다. 하지만 현대백화점은 자기자본회전율 45%로 전기와 비슷한 수준을, 부채비율 75%로 경쟁사 대비 월등히 낮은 수치를 기록하고 있습니다. 매장 신 구축에도 불구하고 성과를 낼 수 있던 것은 재무제표로 자금조달 등 의사결정을 지원했기 때문입니다. 현대백화점은 청주 시티아울렛 오픈을 계획하고 있습니다. 따라서 정확한 결산, 공시 업무는 지속되어야 합니다. \n\n공시 일정이 정해져 있는 재경부서는 정보의 적시성을 위해 계획 하에 업무를 수행해야 합니다. 저는 42일간의 배낭여행을 1시간 단위로 계획, 실천한 경험으로 일정에 차질을 유발하지 않아 팀 내 원활한 업무 처리가 가능합니다. 또한 정보의 중요성을 위해 전문성으로 업무를 수행해야 합니다. 다수의 자격증은 회계에 대한 깊은 이해와 전산 처리 능력을 증명합니다.\n재경의 인과관계를 파악해 질적 특성을 보존하는, 현대백화점의 재경 인재가 되겠습니다.",
                "class": "데이터 기반의 의사결정을 하는,고도의 자기주도성을 가진"
            }
        ]
    }
}