{
    "meta": {
        "text_raw": "\"직업윤리 = 정체성\"\n\n직업윤리는 공동체의 정체성과 직간접적으로 연관되어 있기 때문에 중요하다고 생각합니다. 직업윤리를 지키지 못하여서 제가 속한 봉사단체에 큰 위기가 찾아온 적이 있습니다. 봉사단체에 회계를 맡은 직원 한 명이 공금을 횡령하여서 많은 사람이 해당 단체에 대한 불신이 생겼습니다. 이로 인해, 많은 사람이 단체를 떠났고, 단체가 존폐위기에 빠졌었습니다. 한 개인에 의해서 다수가 피해를 보았고, 선한 목적으로 만들어진 단체의 정체성이 한순간에 비리와 불신의 아이콘이 되었습니다. 이러 듯, 직장인으로서의 책임감과 도덕적인 규범은 개인에게만 국한된 것이 아니라고 생각합니다. 나와 내 옆에 있는 동료 더 나아가 회사 전체가 다 연관 관계에 있습니다. 회사 내에서 나의 책임을 다하지 않는다면 바로 내 옆에 있는 동료가 나로 인해 피해를 볼 것입니다. 그렇게 되면, 과도한 업무로 인해 그 사람도 힘들 것이고, 과로로 인해 회사에 더 기여하지 못하게 되면 회사 입장에도 손해가 될 것입니다. 사람으로서 사람 된 도리를 다하는 것이 당연하듯이 직장인으로서 직업윤리를 지키고 행하는 것이 나와 내 동료 그리고 회사를 위해서 매우 중요하다고 생각합니다."
    },
    "anno_text_data": {
        "data": [
            {
                "index": 0,
                "raw": "\"직업윤리 = 정체성\"\n\n직업윤리는 공동체의 정체성과 직간접적으로 연관되어 있기 때문에 중요하다고 생각합니다. 직업윤리를 지키지 못하여서 제가 속한 봉사단체에 큰 위기가 찾아온 적이 있습니다. 봉사단체에 회계를 맡은 직원 한 명이 공금을 횡령하여서 많은 사람이 해당 단체에 대한 불신이 생겼습니다. 이로 인해, 많은 사람이 단체를 떠났고, 단체가 존폐위기에 빠졌었습니다. 한 개인에 의해서 다수가 피해를 보았고, 선한 목적으로 만들어진 단체의 정체성이 한순간에 비리와 불신의 아이콘이 되었습니다. 이러 듯, 직장인으로서의 책임감과 도덕적인 규범은 개인에게만 국한된 것이 아니라고 생각합니다. 나와 내 옆에 있는 동료 더 나아가 회사 전체가 다 연관 관계에 있습니다. 회사 내에서 나의 책임을 다하지 않는다면 바로 내 옆에 있는 동료가 나로 인해 피해를 볼 것입니다. 그렇게 되면, 과도한 업무로 인해 그 사람도 힘들 것이고, 과로로 인해 회사에 더 기여하지 못하게 되면 회사 입장에도 손해가 될 것입니다. 사람으로서 사람 된 도리를 다하는 것이 당연하듯이 직장인으로서 직업윤리를 지키고 행하는 것이 나와 내 동료 그리고 회사를 위해서 매우 중요하다고 생각합니다.",
                "class": "선한 영향력을 행사하는,고도의 책임감을 가진"
            }
        ]
    }
}