{
    "meta": {
        "text_raw": "① 관련 경험 (100자)\n- 관련 경험 및 수행 기간\n- 직무 역량과 관련 있는 객관적 증빙 가능한 경험 작성\n‘재무관리’수업을 수행하면서 두 바이오 기업 재무 분석 프로젝트를 진행했습니다. 통계적 수식, 재무 지표로 기업을 평가하면서 재무제표를 활용하였습니다. \n② 상세 내용 (500자)\n- 해당 경험에서의 역할/실행과정/성공 시 성과/실패 시 과정상의 노력/얻게 된 역량/느낀점 등에 대해 상세히 작성 (500 자 10 단락 이내)\n안정성, 활동성 등의 지표를 기준으로 분석하였고, 그 과정에서 재무제표를 적극 활용했습니다. 해당 지표들로써 두 기업을 파악하였을 때, ROE 수치가 낮아 상대적으로 저조한 성적을 기록했지만, 부채비율이 낮고 변동이 적어 안정적인 매출 창출이 유지될 것으로 판단했습니다. 안정성은 고객과 신뢰를 유지하는 요인이 되고, 재무적으로 굳건해야 리스크가 발생하더라도 해결할 수 있습니다. 그리고 현재 해당 기업은 당시와 비교했을 때 300%의 주가, 500%의 매출액이 상승하였습니다.\n과제를 해결하면서 공시 자료가 정보이용자들에게 정보를 어떻게 제공하는지 파악하며 정보 보존의 중요성을 깨달았습니다. 또한 재무제표 분석하여 기업의 방향을 설정하는 역량을 갖추었습니다. 좋은점 2재무적 안정성은 기업 운영의 기본이며 성장의 기반이 됩니다. 따라서 SK브로드밴드의 안정적인 재무 상태를 도모하기 위해 정확하고 투명한 공시 정보를 제공하여 경영진의 경영 기획 의사결정에 기여하겠습니다.\n① 관련 경험 (100자)\n학생회 기획국원으로 사업 예산 편성, 효과 도출 업무를 담당했습니다. 그중 축제 주점 사업 과정에서 발생한 50만원의 예산 부족 문제를 해결했습니다.\n\n② 상세 내용 (500자)\n사업 진행을 위해 학과 지원 200만 원을 신청했지만 150만 원밖에 이루어지지 않았습니다. 이를 해결하기 위해 원가 절감을 시도했습니다. 첫 번째, 통제 가능 노무비를 절감했습니다. 학생회 외 인력 사용을 제거하고 학생회 인원을 적극 활용했습니다. 두 번째, 의자 등 비품 대여 비용을 최소화했습니다. 아르바이트 장소에서 의자와 테이블을 무료로 대여하는 방안을 선택했습니다. 이를 통해 52만 원의 원가를 절감해 학우들이 원하는 저렴한 가격을 유지할 수 있었습니다. 학우들의 의견이 적극 활용된 사업을 이행함으로써 추후 만족도 설문에서 88점이라는 높은 점수를 얻었습니다.\n\n이 경험은 현실적인 방안으로 문제를 해결하며 학우들을 위해 봉사하는 학생회의 역할을 깨달을 수 있었습니다. 역할에 대한 책임감은 재무 부서의 필수 역량입니다. 재무제표는 정보이용자의 의사결정의 근거가 됩니다. 기업의 방향이 결정되는 재무제표를 관리하는 부서로서 책임감과 경각심으로 정확한 공시 업무를 이행하겠습니다.\n\n\n① 관련 경험 (100자)\n재무제표분석 과목을 수강하며 진행한 타과생, 유학생과 팀 프로젝트 경험은 소통과 배려를 통한 협력의 중요성을 깨닫게 해주었습니다.\n② 상세 내용 (500자)\n회계에 대한 이해도가 상대적으로 부족한 팀원들을 위해 먼저 언제든 소통 가능한 모바일 대화를 진행했습니다. 과제 외에도 어려운 부분이 있으면 도움을 주기 위해서였습니다. 또한 그들의 상황을 반영해 역할을 분담했습니다. 유학생 팀원은 기업 자료 수집 역할로 전반적인 이해가 선행될 수 있도록 하였고 타과생 팀원은 기업의 분석을 같이 수행하며 팀원에게는 재무제표를 통해 기업을 읽어내는 방법과 적용 방법을, 저에게는 다시 검토하여 완벽한 분석을 도출하며 프로젝트를 진행할 수 있었습니다.\n학점은 B+로 높은 성적을 받지 못했지만 팀 내 소통의 중요성을 깨달았습니다. 소통으로서 상대에게 신뢰를 줄 수 있고, 적극적인 분위기를 형성해 그들의 의지를 일깨울 수 있었기 때문입니다. 재무 직무의 공시, 결산 작업 1년을 주기로 통일성 있게 이루어져야 합니다. 따라서 부서 내 지속적인 협력이 필요합니다. 협력하는 방법, 이의 중요성을 재무부서에서 발휘하여 업무 시너지에 기여하겠습니다."
    },
    "anno_text_data": {
        "data": [
            {
                "index": 0,
                "raw": "① 관련 경험 (100자)\n- 관련 경험 및 수행 기간\n- 직무 역량과 관련 있는 객관적 증빙 가능한 경험 작성\n‘재무관리’수업을 수행하면서 두 바이오 기업 재무 분석 프로젝트를 진행했습니다. 통계적 수식, 재무 지표로 기업을 평가하면서 재무제표를 활용하였습니다. \n② 상세 내용 (500자)\n- 해당 경험에서의 역할/실행과정/성공 시 성과/실패 시 과정상의 노력/얻게 된 역량/느낀점 등에 대해 상세히 작성 (500 자 10 단락 이내)\n안정성, 활동성 등의 지표를 기준으로 분석하였고, 그 과정에서 재무제표를 적극 활용했습니다. 해당 지표들로써 두 기업을 파악하였을 때, ROE 수치가 낮아 상대적으로 저조한 성적을 기록했지만, 부채비율이 낮고 변동이 적어 안정적인 매출 창출이 유지될 것으로 판단했습니다. 안정성은 고객과 신뢰를 유지하는 요인이 되고, 재무적으로 굳건해야 리스크가 발생하더라도 해결할 수 있습니다. 그리고 현재 해당 기업은 당시와 비교했을 때 300%의 주가, 500%의 매출액이 상승하였습니다.\n과제를 해결하면서 공시 자료가 정보이용자들에게 정보를 어떻게 제공하는지 파악하며 정보 보존의 중요성을 깨달았습니다. 또한 재무제표 분석하여 기업의 방향을 설정하는 역량을 갖추었습니다. 좋은점 2재무적 안정성은 기업 운영의 기본이며 성장의 기반이 됩니다. 따라서 SK브로드밴드의 안정적인 재무 상태를 도모하기 위해 정확하고 투명한 공시 정보를 제공하여 경영진의 경영 기획 의사결정에 기여하겠습니다.",
                "class": "데이터 기반의 의사결정을 하는,비즈니스 마인드를 갖춘"
            },
            {
                "index": 1,
                "raw": "① 관련 경험 (100자)\n학생회 기획국원으로 사업 예산 편성, 효과 도출 업무를 담당했습니다. 그중 축제 주점 사업 과정에서 발생한 50만원의 예산 부족 문제를 해결했습니다.\n\n② 상세 내용 (500자)\n사업 진행을 위해 학과 지원 200만 원을 신청했지만 150만 원밖에 이루어지지 않았습니다. 이를 해결하기 위해 원가 절감을 시도했습니다. 첫 번째, 통제 가능 노무비를 절감했습니다. 학생회 외 인력 사용을 제거하고 학생회 인원을 적극 활용했습니다. 두 번째, 의자 등 비품 대여 비용을 최소화했습니다. 아르바이트 장소에서 의자와 테이블을 무료로 대여하는 방안을 선택했습니다. 이를 통해 52만 원의 원가를 절감해 학우들이 원하는 저렴한 가격을 유지할 수 있었습니다. 학우들의 의견이 적극 활용된 사업을 이행함으로써 추후 만족도 설문에서 88점이라는 높은 점수를 얻었습니다.\n\n이 경험은 현실적인 방안으로 문제를 해결하며 학우들을 위해 봉사하는 학생회의 역할을 깨달을 수 있었습니다. 역할에 대한 책임감은 재무 부서의 필수 역량입니다. 재무제표는 정보이용자의 의사결정의 근거가 됩니다. 기업의 방향이 결정되는 재무제표를 관리하는 부서로서 책임감과 경각심으로 정확한 공시 업무를 이행하겠습니다.",
                "class": "문제해결능력이 뛰어난,적극적인,자원을 효율적으로 활용하는"
            },
            {
                "index": 2,
                "raw": "① 관련 경험 (100자)\n재무제표분석 과목을 수강하며 진행한 타과생, 유학생과 팀 프로젝트 경험은 소통과 배려를 통한 협력의 중요성을 깨닫게 해주었습니다.\n② 상세 내용 (500자)\n회계에 대한 이해도가 상대적으로 부족한 팀원들을 위해 먼저 언제든 소통 가능한 모바일 대화를 진행했습니다. 과제 외에도 어려운 부분이 있으면 도움을 주기 위해서였습니다. 또한 그들의 상황을 반영해 역할을 분담했습니다. 유학생 팀원은 기업 자료 수집 역할로 전반적인 이해가 선행될 수 있도록 하였고 타과생 팀원은 기업의 분석을 같이 수행하며 팀원에게는 재무제표를 통해 기업을 읽어내는 방법과 적용 방법을, 저에게는 다시 검토하여 완벽한 분석을 도출하며 프로젝트를 진행할 수 있었습니다.\n학점은 B+로 높은 성적을 받지 못했지만 팀 내 소통의 중요성을 깨달았습니다. 소통으로서 상대에게 신뢰를 줄 수 있고, 적극적인 분위기를 형성해 그들의 의지를 일깨울 수 있었기 때문입니다. 재무 직무의 공시, 결산 작업 1년을 주기로 통일성 있게 이루어져야 합니다. 따라서 부서 내 지속적인 협력이 필요합니다. 협력하는 방법, 이의 중요성을 재무부서에서 발휘하여 업무 시너지에 기여하겠습니다.",
                "class": "다양한 의견을 수렴하는,탄탄한 의사소통 능력을 가진,적극적인"
            }
        ]
    }
}