{
    "meta": {
        "text_raw": "\"금융 현장의 경험과 지식\"\n\nIBK기업은행에 지원한 동기는 제가 가지고 있는 금융 분야의 관심과 역량을 통해 우리 사회에 기여할 수 있기 때문입니다. 저는 재무 및 회계 분야의 강의를 수강하면서 금융 업무를 수행하는 것을 희망하였습니다.\n다양한 금융기관 중 IBK기업은행은 우리 경제의 근간인 중소기업과 소상공인, 미래 산업의 주역이 될 스타트업을 적극적으로 지원한다는 데서 관심을 가지게 되었습니다. 제가 학습해온 금융 분야에 있어 사회적 가치를 증진하는 데 함께할 수 있다는 점을 보고 지원하게 되었습니다.\n\n저는 이번 인턴 경험을 통해 금융 현장에서의 경험을 쌓고 싶습니다. 실제 영업점에 방문하시는 고객님들이 어떠한 금융 수요를 가지고 지점을 찾으시는지, 기업금융의 프로세스는 어떻게 진행되는지 등과 같이 제가 학습해왔던 지식으로서의 금융이 아닌 실제 생활과 사업 환경에서의 금융을 경험해보고 싶습니다. 인턴으로 근무하면서 선배 행원분들의 업무를 충실히 지원하고, 미래 행원으로 갖춰야 할 올바른 마음가짐과 업무에 대한 태도도 배우고 싶습니다."
    },
    "anno_text_data": {
        "data": [
            {
                "index": 0,
                "raw": "\"금융 현장의 경험과 지식\"\n\nIBK기업은행에 지원한 동기는 제가 가지고 있는 금융 분야의 관심과 역량을 통해 우리 사회에 기여할 수 있기 때문입니다. 저는 재무 및 회계 분야의 강의를 수강하면서 금융 업무를 수행하는 것을 희망하였습니다.\n다양한 금융기관 중 IBK기업은행은 우리 경제의 근간인 중소기업과 소상공인, 미래 산업의 주역이 될 스타트업을 적극적으로 지원한다는 데서 관심을 가지게 되었습니다. 제가 학습해온 금융 분야에 있어 사회적 가치를 증진하는 데 함께할 수 있다는 점을 보고 지원하게 되었습니다.\n\n저는 이번 인턴 경험을 통해 금융 현장에서의 경험을 쌓고 싶습니다. 실제 영업점에 방문하시는 고객님들이 어떠한 금융 수요를 가지고 지점을 찾으시는지, 기업금융의 프로세스는 어떻게 진행되는지 등과 같이 제가 학습해왔던 지식으로서의 금융이 아닌 실제 생활과 사업 환경에서의 금융을 경험해보고 싶습니다. 인턴으로 근무하면서 선배 행원분들의 업무를 충실히 지원하고, 미래 행원으로 갖춰야 할 올바른 마음가짐과 업무에 대한 태도도 배우고 싶습니다.",
                "class": "선한 영향력을 행사하는,지속적인 성장을 추구하는,적응력이 높은,비즈니스 마인드를 갖춘,고도의 자기주도성을 가진"
            }
        ]
    }
}