{
    "meta": {
        "text_raw": "\"속도보다는 과정\"\n\n소통을 통하여서 공동체에 닥친 어려움을 극복한 적이 있습니다.\n저는 미국에서 교환학생 신분으로 고등학교에 재학하면서 현지인들에게 많은 도움을 받았습니다. 이를 보답하려고 대학 재학 시절에 외국인 교환학생들이 한국 생활에 잘 적응하도록 도와주는 동아리 회장으로 활동하였습니다. 동아리 연간계획을 수립하고, 그 과정을 이행하는 과정에서 임원들 간의 갈등이 일어난 적이 있습니다. 저는 이러한 문제의 원인으로 너무 많은 일로 인한 서로 간의 소통 부재에 있다고 판단하였습니다. 사실, 다음에 계획된 일정으로 바쁜 와중이었지만 팀 내에 이러한 불편한 마음이 있다면 분명, 임원뿐만 아니라 교환학생들에게도 좋지 않은 영향을 미칠 것으로 생각하였습니다. 이에 저는 임원 M.T를 따로 구상하였고, 모든 일을 일시 중단시키고 가평으로 임원만의 시간을 가지러 떠났습니다. 재밌는 레크리에이션을 통해 친목을 도모했고, 야간에 진지하게 소통하는 시간을 가지므로 서로에 대한 오해를 풀고 화합을 다지는 시간을 가졌습니다. 물론, 다음 일정에는 약간의 차질이 생겼습니다만, 서로를 이해하는 시간을 먼저 가지는 것이 우선이라고 생각하였습니다. 물론, 그 후에도 문제가 없지는 않았지만, 이러한 나눔을 통해 조금은 서로를 좀 더 배려할 수 있게 되어서 큰 탈 없이 동아리 활동을 마무리 할 수 있었습니다."
    },
    "anno_text_data": {
        "data": [
            {
                "index": 0,
                "raw": "\"속도보다는 과정\"\n\n소통을 통하여서 공동체에 닥친 어려움을 극복한 적이 있습니다.\n저는 미국에서 교환학생 신분으로 고등학교에 재학하면서 현지인들에게 많은 도움을 받았습니다. 이를 보답하려고 대학 재학 시절에 외국인 교환학생들이 한국 생활에 잘 적응하도록 도와주는 동아리 회장으로 활동하였습니다. 동아리 연간계획을 수립하고, 그 과정을 이행하는 과정에서 임원들 간의 갈등이 일어난 적이 있습니다. 저는 이러한 문제의 원인으로 너무 많은 일로 인한 서로 간의 소통 부재에 있다고 판단하였습니다. 사실, 다음에 계획된 일정으로 바쁜 와중이었지만 팀 내에 이러한 불편한 마음이 있다면 분명, 임원뿐만 아니라 교환학생들에게도 좋지 않은 영향을 미칠 것으로 생각하였습니다. 이에 저는 임원 M.T를 따로 구상하였고, 모든 일을 일시 중단시키고 가평으로 임원만의 시간을 가지러 떠났습니다. 재밌는 레크리에이션을 통해 친목을 도모했고, 야간에 진지하게 소통하는 시간을 가지므로 서로에 대한 오해를 풀고 화합을 다지는 시간을 가졌습니다. 물론, 다음 일정에는 약간의 차질이 생겼습니다만, 서로를 이해하는 시간을 먼저 가지는 것이 우선이라고 생각하였습니다. 물론, 그 후에도 문제가 없지는 않았지만, 이러한 나눔을 통해 조금은 서로를 좀 더 배려할 수 있게 되어서 큰 탈 없이 동아리 활동을 마무리 할 수 있었습니다.",
                "class": "유연한 사고를 가진,탄탄한 의사소통 능력을 가진,선한 영향력을 행사하는,위기 상황에서도 안정감을 주는"
            }
        ]
    }
}