{
    "meta": {
        "text_raw": "\"같이의 가치\"\n\n남에게 도움이 된다는 것에 기쁨을 느낀다는 기업의 이념이 저의 이타적인 성향과 잘 맞는다고 생각하였기에 지원하였습니다. 저는 조금이라도 타인에게 도움을 주고자 봉사활동을 꾸준히 해왔습니다. 해외로 봉사활동도 하러 가고, 국내에서도 OO복지회관, 장애인 복지회관 등을 방문하면서 저의 작은 노력으로 사람들에게 기쁨을 주고 싶었습니다. 현재도 꾸준히 헌혈 나누기를 동참하고 있고 현재 16회 전혈을 하였습니다. 앞으로 50번 전혈하면 주는 금장을 받는 것이 저의 목표입니다.\n\n제가 오뚜기라면에 입사하게 된다면 생산 장애 요인 문제를 신속하고 빠르게 해결하여 생산 공급에 차질이 없도록 하겠습니다. 그렇게 하기 위하여 사전에 제품에 대한 재고 관리 및 모니터링을 확실히 하겠습니다. 또한 불필요한 프로세스가 있을 시, 이를 상급자에게 보고한 후 조율하여서 적기에 적량을 투입하도록 하여 품질향상과 원가절감에 이바지하겠습니다. 이러한 모든 과정을 국내에서 다해내고 해외 공장으로 발령받아서, 저의 노하우를 현지인들에게 전수해주어 인재양성에 보탬이 되고 싶습니다."
    },
    "anno_text_data": {
        "data": [
            {
                "index": 0,
                "raw": "\"같이의 가치\"\n\n남에게 도움이 된다는 것에 기쁨을 느낀다는 기업의 이념이 저의 이타적인 성향과 잘 맞는다고 생각하였기에 지원하였습니다. 저는 조금이라도 타인에게 도움을 주고자 봉사활동을 꾸준히 해왔습니다. 해외로 봉사활동도 하러 가고, 국내에서도 OO복지회관, 장애인 복지회관 등을 방문하면서 저의 작은 노력으로 사람들에게 기쁨을 주고 싶었습니다. 현재도 꾸준히 헌혈 나누기를 동참하고 있고 현재 16회 전혈을 하였습니다. 앞으로 50번 전혈하면 주는 금장을 받는 것이 저의 목표입니다.",
                "class": "선한 영향력을 행사하는,고도의 책임감을 가진"
            },
            {
                "index": 1,
                "raw": "제가 오뚜기라면에 입사하게 된다면 생산 장애 요인 문제를 신속하고 빠르게 해결하여 생산 공급에 차질이 없도록 하겠습니다. 그렇게 하기 위하여 사전에 제품에 대한 재고 관리 및 모니터링을 확실히 하겠습니다. 또한 불필요한 프로세스가 있을 시, 이를 상급자에게 보고한 후 조율하여서 적기에 적량을 투입하도록 하여 품질향상과 원가절감에 이바지하겠습니다. 이러한 모든 과정을 국내에서 다해내고 해외 공장으로 발령받아서, 저의 노하우를 현지인들에게 전수해주어 인재양성에 보탬이 되고 싶습니다.",
                "class": "비즈니스 마인드를 갖춘"
            }
        ]
    }
}