{
    "meta": {
        "text_raw": "\"배우는 것을 두려워하지 않는 신입사원\"\n\n대학교를 졸업하기 전부터 프리랜서로 일하며 여러가지 분야를 골고루 배우며 발전해야 한다고 생각했습니다. 제 첫 직장이었던 OOOOOO에서 생소했던 아연 생산 플랜트에서 스페인어 통역을 했습니다. 대학교에서 경영학과 스페인어를 공부했기 때문에 플랜트 기계 설비 점검, 순도 높은 아연 생산을 위한 재료 혼합 비율 재설정과 같은 것이 모두 어렵게만 다가왔습니다. 화학적 지식이 필요한 일이었기에 매일 추가로 공부하였고 최종 회의 시간에서 오퍼레이터보다 공정을 잘 이해한다는 평가를 받았습니다.\n\n\n유니드글로벌상사에서 또한 폴리우레탄, 합성수지, 유기화합물 종류의 생소한 품목을 취급하고 있습니다. 하지만 회사에 들어가 지난 경험에서 배운 것처럼 어려운 분야지만 전문가에 준하는 수준이 될 수 있도록 배우는 것을 두려워 하지 않겠습니다. 또한, 언어 능력을 바탕으로 북미, 중남미 시장에서 시장을 넓혀갈 수 있는 상사맨이 되겠다는 포부를 가지고 지원했습니다."
    },
    "anno_text_data": {
        "data": [
            {
                "index": 0,
                "raw": "\"배우는 것을 두려워하지 않는 신입사원\"\n\n대학교를 졸업하기 전부터 프리랜서로 일하며 여러가지 분야를 골고루 배우며 발전해야 한다고 생각했습니다. 제 첫 직장이었던 OOOOOO에서 생소했던 아연 생산 플랜트에서 스페인어 통역을 했습니다. 대학교에서 경영학과 스페인어를 공부했기 때문에 플랜트 기계 설비 점검, 순도 높은 아연 생산을 위한 재료 혼합 비율 재설정과 같은 것이 모두 어렵게만 다가왔습니다. 화학적 지식이 필요한 일이었기에 매일 추가로 공부하였고 최종 회의 시간에서 오퍼레이터보다 공정을 잘 이해한다는 평가를 받았습니다.\n\n\n유니드글로벌상사에서 또한 폴리우레탄, 합성수지, 유기화합물 종류의 생소한 품목을 취급하고 있습니다. 하지만 회사에 들어가 지난 경험에서 배운 것처럼 어려운 분야지만 전문가에 준하는 수준이 될 수 있도록 배우는 것을 두려워 하지 않겠습니다. 또한, 언어 능력을 바탕으로 북미, 중남미 시장에서 시장을 넓혀갈 수 있는 상사맨이 되겠다는 포부를 가지고 지원했습니다.",
                "class": "지속적인 성장을 추구하는,적응력이 높은,고도의 자기주도성을 가진"
            }
        ]
    }
}