{
    "meta": {
        "text_raw": "\"위기를 기회로\"\n\n해외 봉사 당시 실패를 성공으로 바꿨던 경험이 있습니다. 우리 조는 출국 전에 태권무를 공연하기로 하여 미리 연습하고 베트남으로 떠났습니다. 건축 작업을 끝내고 저녁에 숙소로 돌아와서 잠자기 전까지 합을 맞추어 보며 연습하였습니다. 하지만 중간 점검 당시 우리 공연은 구성이 단순하고, 역동적인 동작이 추가되면 좋겠다며 혹평을 받았습니다. 1조원들은 당황하며 어찌할지 몰랐습니다. 하지만 시간이 없기에 최대한 빠르게 수정하고 연습을 하여야 했습니다. 이에 영상들을 보며 새로운 동작들을 의논하여 수정하고 최종 점검 날까지 밤새 연습하였습니다. 저는 동작을 빠르게 습득하여 더딘 조원들에게 알려주려고 노력하였습니다. 결국, 최종 점검 당시 우리의 노력은 호평으로 돌아왔고, 공연도 성공적으로 끝낼 수 있었습니다. 이 경험을 통하여 팀워크를 통해 같이 노력하면 결과를 바꿀 수 있다는 것을 배웠습니다. 어려움이 닥쳐도 협업을 통해 결과를 내는 직원이 되겠습니다."
    },
    "anno_text_data": {
        "data": [
            {
                "index": 0,
                "raw": "\"위기를 기회로\"\n\n해외 봉사 당시 실패를 성공으로 바꿨던 경험이 있습니다. 우리 조는 출국 전에 태권무를 공연하기로 하여 미리 연습하고 베트남으로 떠났습니다. 건축 작업을 끝내고 저녁에 숙소로 돌아와서 잠자기 전까지 합을 맞추어 보며 연습하였습니다. 하지만 중간 점검 당시 우리 공연은 구성이 단순하고, 역동적인 동작이 추가되면 좋겠다며 혹평을 받았습니다. 1조원들은 당황하며 어찌할지 몰랐습니다. 하지만 시간이 없기에 최대한 빠르게 수정하고 연습을 하여야 했습니다. 이에 영상들을 보며 새로운 동작들을 의논하여 수정하고 최종 점검 날까지 밤새 연습하였습니다. 저는 동작을 빠르게 습득하여 더딘 조원들에게 알려주려고 노력하였습니다. 결국, 최종 점검 당시 우리의 노력은 호평으로 돌아왔고, 공연도 성공적으로 끝낼 수 있었습니다. 이 경험을 통하여 팀워크를 통해 같이 노력하면 결과를 바꿀 수 있다는 것을 배웠습니다. 어려움이 닥쳐도 협업을 통해 결과를 내는 직원이 되겠습니다.",
                "class": "문제해결능력이 뛰어난,적응력이 높은,적극적인,긍정적인 태도를 갖춘"
            }
        ]
    }
}