{
    "meta": {
        "text_raw": "\"공익성과 적합성\"\n\n저는 직장을 선택할 때 해당 직장이 수행하는 업무가 얼마나 가치있는가, 그리고 직장에서 업무를 수행할 때 제가 갖춘 능력을 얼마나 발휘할 수 있는가를 중점적으로 고려합니다.\n저는 2019년 교육봉사활동을 경험하면서 제 역량이나 노력을 통해 사회에 기여하고 긍정적인 영향을 주는 일이 매우 가치 있다는 점을 깨달았습니다. 그래서 제가 수행하는 업무를 통해 사회와 국가에 도움을 드릴 수 있는 업무를 희망하게 되었습니다. 또한, 입학 후 꾸준히 회계와 재무 관련 지식을 길러왔기 때문에 추후 이를 활용할 수 있도록 금융업무를 수행하는 기관에서 근무하는 것을 희망하게 되었습니다. \n\n다양한 금융 기관들 중, 최근 우리 국민들의 삶에서 가장 중요한 요소로 떠오른 주거 복지와 관련된 업무를 수행하는 주택금융공사에 관심을 가지게 되었습니다. 주택금융공사가 수행하는 주택담보대출, 보증, 주택연금 등 국민들의 생애 주기에 맞는 다양한 주택 금융 상품들을 통해 국민들의 삶의 질에 기여하고 있습니다. 이러한 공사의 업무에 참여하게 된다면 우리나라 국민들의 주거복지 향상에 기여한다는 책임감과 성취감을 가지고 일을 수행할 수 있으며, 주택금융과 관련된 다양한 상품을 다루면서 제가 갖춰온 회계 및 재무적인 지식을 활용할 수 있다는 점에서 주택금융공사가 제 선택 기준에 맞는 최적의 기관이라 생각하였습니다. 제가 학습해온 직무 지식과 역량을 바탕으로, 입사 후 다양한 주택금융 상품을 빠르고 정확하게 학습하여 최적의 서비스로 주거복지 향상에 기여할 수 있는 직원이 되겠습니다."
    },
    "anno_text_data": {
        "data": [
            {
                "index": 0,
                "raw": "\"공익성과 적합성\"\n\n저는 직장을 선택할 때 해당 직장이 수행하는 업무가 얼마나 가치있는가, 그리고 직장에서 업무를 수행할 때 제가 갖춘 능력을 얼마나 발휘할 수 있는가를 중점적으로 고려합니다.\n저는 2019년 교육봉사활동을 경험하면서 제 역량이나 노력을 통해 사회에 기여하고 긍정적인 영향을 주는 일이 매우 가치 있다는 점을 깨달았습니다. 그래서 제가 수행하는 업무를 통해 사회와 국가에 도움을 드릴 수 있는 업무를 희망하게 되었습니다. 또한, 입학 후 꾸준히 회계와 재무 관련 지식을 길러왔기 때문에 추후 이를 활용할 수 있도록 금융업무를 수행하는 기관에서 근무하는 것을 희망하게 되었습니다. \n\n다양한 금융 기관들 중, 최근 우리 국민들의 삶에서 가장 중요한 요소로 떠오른 주거 복지와 관련된 업무를 수행하는 주택금융공사에 관심을 가지게 되었습니다. 주택금융공사가 수행하는 주택담보대출, 보증, 주택연금 등 국민들의 생애 주기에 맞는 다양한 주택 금융 상품들을 통해 국민들의 삶의 질에 기여하고 있습니다. 이러한 공사의 업무에 참여하게 된다면 우리나라 국민들의 주거복지 향상에 기여한다는 책임감과 성취감을 가지고 일을 수행할 수 있으며, 주택금융과 관련된 다양한 상품을 다루면서 제가 갖춰온 회계 및 재무적인 지식을 활용할 수 있다는 점에서 주택금융공사가 제 선택 기준에 맞는 최적의 기관이라 생각하였습니다. 제가 학습해온 직무 지식과 역량을 바탕으로, 입사 후 다양한 주택금융 상품을 빠르고 정확하게 학습하여 최적의 서비스로 주거복지 향상에 기여할 수 있는 직원이 되겠습니다.",
                "class": "선한 영향력을 행사하는,비즈니스 마인드를 갖춘"
            }
        ]
    }
}