{
    "meta": {
        "text_raw": "한국철도공사의 차량 전기 직무는 차량 정비와 기계설비 유지보수 등의 임무를 수행합니다. 관련 분야를 전공하며 전기설비 공학, 전기기기 등의 강의를 수강하였고 이를 통해 다양한 이론을 배우고 실험하였습니다. 졸업 후에는 전기기사 자격을 취득하며 전문성을 더했습니다. 또한, 저는 적극적으로 배우려는 자세를 갖추고 있습니다. 배우려는 자세를 장점이라고 생각한 이유는 이론에 대해 알고 있더라도 현장에서는 차이가 있기에 새롭게 배워야 할 많은 부분을 적극적으로 배우려는 자세가 필요하다고 생각하기 때문입니다. 저는 소대장으로 임무 수행 간 부사관, 용사 등 계급과 관계없이 실제 현장과 군사이론의 차이를 이해하고 이를 적극적으로 배워가며 군 생활을 잘 끝마친 경험이 있습니다. 제가 가진 전문성을 바탕으로 입사 후, 단 한 건의 차량 고장 없이 코레일을 믿고 이용하는 시민들이 안전하게 열차를 이용할 수 있도록 이바지하겠습니다."
    },
    "anno_text_data": {
        "data": [
            {
                "index": 0,
                "raw": "한국철도공사의 차량 전기 직무는 차량 정비와 기계설비 유지보수 등의 임무를 수행합니다. 관련 분야를 전공하며 전기설비 공학, 전기기기 등의 강의를 수강하였고 이를 통해 다양한 이론을 배우고 실험하였습니다. 졸업 후에는 전기기사 자격을 취득하며 전문성을 더했습니다. 또한, 저는 적극적으로 배우려는 자세를 갖추고 있습니다. 배우려는 자세를 장점이라고 생각한 이유는 이론에 대해 알고 있더라도 현장에서는 차이가 있기에 새롭게 배워야 할 많은 부분을 적극적으로 배우려는 자세가 필요하다고 생각하기 때문입니다. 저는 소대장으로 임무 수행 간 부사관, 용사 등 계급과 관계없이 실제 현장과 군사이론의 차이를 이해하고 이를 적극적으로 배워가며 군 생활을 잘 끝마친 경험이 있습니다. 제가 가진 전문성을 바탕으로 입사 후, 단 한 건의 차량 고장 없이 코레일을 믿고 이용하는 시민들이 안전하게 열차를 이용할 수 있도록 이바지하겠습니다.",
                "class": "지속적인 성장을 추구하는"
            }
        ]
    }
}