{
    "meta": {
        "text_raw": "미래 소재 연구를 선도하며 최고의 연구 실적을 내고 있는 LG화학과 함께 성장하고 싶습니다.\n저는 미래 신소재를 연구하는데 필요한 요소를 2 가지 가지고 있습니다.\n\n첫째, 고분자 공학을 전공하고 유기 합성 연구를 수행하며 단량체부터 고분자까지 어우르는 지식을 가지고 있습니다.\n다양한 고분자의 물성과 특성, 중합법 및 가공법을 배우며 상위 10%의 성적을 얻었습니다. 석사 과정에는 유기 합성 연구를 하며 하루에 많게는 5 번의 합성과 워크업, 컬럼 크로마토그래피, 재침전 등의 정제 과정을 수행했습니다. 그 결과 23 개의 단량체를 합성 성공했습니다.\n\n둘째, 분석 장비의 사용과 분석 프로그램의 사용이 능숙합니다.\nproton NMR, carbon NMR, HMQC을 통해 각각의 peak를 적분하여 합성 결과물을 확인했습니다. EI-Mass, MALDI-TOF를 통해 질량 분석을 진행했고, 특정 작용기를 ATR을 통해 분석했습니다. 측정한 데이터는 Mnova, Origin, TA Universal Analysis 등의 프로그램을 이용하여 분석 결과를 얻었습니다. 합성 지식에 고분자 소재에 관한 지식을 접목시켜 차세대 기능성 소재를 만드는데 일조하겠습니다."
    },
    "anno_text_data": {
        "data": [
            {
                "index": 0,
                "raw": "미래 소재 연구를 선도하며 최고의 연구 실적을 내고 있는 LG화학과 함께 성장하고 싶습니다.\n저는 미래 신소재를 연구하는데 필요한 요소를 2 가지 가지고 있습니다.\n\n첫째, 고분자 공학을 전공하고 유기 합성 연구를 수행하며 단량체부터 고분자까지 어우르는 지식을 가지고 있습니다.\n다양한 고분자의 물성과 특성, 중합법 및 가공법을 배우며 상위 10%의 성적을 얻었습니다. 석사 과정에는 유기 합성 연구를 하며 하루에 많게는 5 번의 합성과 워크업, 컬럼 크로마토그래피, 재침전 등의 정제 과정을 수행했습니다. 그 결과 23 개의 단량체를 합성 성공했습니다.\n\n둘째, 분석 장비의 사용과 분석 프로그램의 사용이 능숙합니다.\nproton NMR, carbon NMR, HMQC을 통해 각각의 peak를 적분하여 합성 결과물을 확인했습니다. EI-Mass, MALDI-TOF를 통해 질량 분석을 진행했고, 특정 작용기를 ATR을 통해 분석했습니다. 측정한 데이터는 Mnova, Origin, TA Universal Analysis 등의 프로그램을 이용하여 분석 결과를 얻었습니다. 합성 지식에 고분자 소재에 관한 지식을 접목시켜 차세대 기능성 소재를 만드는데 일조하겠습니다.",
                "class": "데이터 기반의 의사결정을 하는,지속적인 성장을 추구하는,고도의 자기주도성을 가진"
            }
        ]
    }
}