{
    "meta": {
        "text_raw": "\"책임감과 함께한 학창시절\"\n\n어린시절부터 부모님께서는 책임감을 가장 강조하셨습니다. 어떤 일을 수행하던지 주인의식을 가지고 책임감 있게 수행해야 한다고 가르침을 받으며 성장했습니다. 항상 리더로서 주변의 기대에 부응하기 위해 희생하는 생활이 몸에 배게 되었습니다. 그 결과 주위의 부탁을 쉽게 거절하지 못하는 단점을 가지게 되었습니다. 이러한 부분이 단점이라는 것을 인지하고 있지만 함께하는 사람들에게 거절로 인해 부정적인 인식을 주게 될까 하는 마음이 앞서 거절을 하지 못하게 되었습니다. 그러나 저의 장점인 책임감과 함께 주도적인 업무진행을 위해 현재에는 미움받으려는 용기를 가지고 무리한 부탁은 거절하도록 노력하고 있습니다. 무조건 Yes로 답하는 것이 아닌 효율적인 시간분배를 통해 맡은 업무를 수행 후 주위에 도움을 필요로 하는 곳에 적극적으로 손을 내밀며 동료들이 신뢰할 수 있는 인재가 되도록 노력하겠습니다."
    },
    "anno_text_data": {
        "data": [
            {
                "index": 0,
                "raw": "\"책임감과 함께한 학창시절\"\n\n어린시절부터 부모님께서는 책임감을 가장 강조하셨습니다. 어떤 일을 수행하던지 주인의식을 가지고 책임감 있게 수행해야 한다고 가르침을 받으며 성장했습니다. 항상 리더로서 주변의 기대에 부응하기 위해 희생하는 생활이 몸에 배게 되었습니다. 그 결과 주위의 부탁을 쉽게 거절하지 못하는 단점을 가지게 되었습니다. 이러한 부분이 단점이라는 것을 인지하고 있지만 함께하는 사람들에게 거절로 인해 부정적인 인식을 주게 될까 하는 마음이 앞서 거절을 하지 못하게 되었습니다. 그러나 저의 장점인 책임감과 함께 주도적인 업무진행을 위해 현재에는 미움받으려는 용기를 가지고 무리한 부탁은 거절하도록 노력하고 있습니다. 무조건 Yes로 답하는 것이 아닌 효율적인 시간분배를 통해 맡은 업무를 수행 후 주위에 도움을 필요로 하는 곳에 적극적으로 손을 내밀며 동료들이 신뢰할 수 있는 인재가 되도록 노력하겠습니다.",
                "class": "탄탄한 의사소통 능력을 가진,고도의 책임감을 가진,적극적인,고도의 자기주도성을 가진"
            }
        ]
    }
}