{
    "meta": {
        "text_raw": "저의 비전은 제 위치에서 최선을 다하며 자기 계발을 소홀히 하지 않는 것입니다. 재작년 5월 제가 관할하고 있던 OO 지역 유통 매장에서 미입점 행사를 진행할 때 해당 행사를 총괄한 적이 있습니다. 우선 해당 점포에 방문하여 매대 행사 자리를 협의하였습니다. 점포 당당을 만나기 전 미리 홈페이지에서 해당 층 안내도를 출력한 뒤 고객 주동선을 미리 파악하였습니다. 그리고 점포 담당을 만나 행사 기획안, 예상 매출을 보여드리며 미리 봐두었던 고객이 많이 다니는 자리를 달라 어필하였고, 이에 따라 원하는 자리를 얻을 수 있었습니다. 또한, 행사 전날 저녁 직접 매대 두 동을 디피하면서 가격 POP를 제작하는 등 세심하게 준비하였습니다. 그 결과 비가 오는 악조건에도 불구하고 당일 행사 매출 500만 원을 달성할 수 있었습니다."
    },
    "anno_text_data": {
        "data": [
            {
                "index": 0,
                "raw": "저의 비전은 제 위치에서 최선을 다하며 자기 계발을 소홀히 하지 않는 것입니다. 재작년 5월 제가 관할하고 있던 OO 지역 유통 매장에서 미입점 행사를 진행할 때 해당 행사를 총괄한 적이 있습니다. 우선 해당 점포에 방문하여 매대 행사 자리를 협의하였습니다. 점포 당당을 만나기 전 미리 홈페이지에서 해당 층 안내도를 출력한 뒤 고객 주동선을 미리 파악하였습니다. 그리고 점포 담당을 만나 행사 기획안, 예상 매출을 보여드리며 미리 봐두었던 고객이 많이 다니는 자리를 달라 어필하였고, 이에 따라 원하는 자리를 얻을 수 있었습니다. 또한, 행사 전날 저녁 직접 매대 두 동을 디피하면서 가격 POP를 제작하는 등 세심하게 준비하였습니다. 그 결과 비가 오는 악조건에도 불구하고 당일 행사 매출 500만 원을 달성할 수 있었습니다.",
                "class": "적극적인,긍정적인 태도를 갖춘"
            }
        ]
    }
}