{
    "meta": {
        "text_raw": "\"신뢰받을 수 있는\"\n\n저는 고등학교 졸업 이후 부모님에게 기대고 싶지 않아서 아르바이트를 시작하였습니다. 대학교 졸업 전까지 해왔던 아르바이트는 편의점, 식당 서빙, 제조공장, 물류센터 등이 있습니다. 아르바이트를 하며 공통적으로 “성실해서, 어딜 가서 무슨 일을 하더라도 잘 할 것이다.”라는 말들을 들었습니다. 이를 통해 혼자 용돈을 벌고, 대학 등록금까지 혼자 해결하며 자립심을 길렀고, 자신감을 얻는 계기가 되었습니다. 이후, 대학교 2학년을 마치고 입대를 하게 되었습니다.\n\nOO훈련소에서 1사단으로 전입신고를 받았으며, 그때 당시 북한의 목함지뢰도발로 인하여 우리 사단의 간부가 사고를 당하는 사건이 발생하였습니다. 이에 경계 태세가 강화되었으며, 몇 달 후 GOP로 올라가 몇 년 만에 대북 확성기를 재가동하는 등 북한도발에 대한 강경대책으로 긴장감을 유지하며 경계를 하였습니다. 이 당시 애국심이 어느 때보다 강하며, 끈끈한 전우애로 모두가 하나 되는 경험을 하였습니다. 이 경험을 통해 책임감을 더욱 기르고, 주변 사람들에 대한 감사함을 느낄 수 있었습니다. \n\n전역 후 사회에 기여할 수 있는 활동을 하고자 OOOOO에서 진행하는 해외 봉사에 참여하였습니다. OOO에서 학교 건축 작업과 교육봉사, 문화공연을 진행하며 그동안 느껴 보지 못한 힘들지만 보람찬 감정을 느낄 수 있었습니다. 이 활동을 통해 국제문제를 실제로 겪어봄으로써 아직도 도움이 필요한 곳이 많다는 것을 깨닫고 더 많은 관심을 가져야겠다고 생각했습니다. 이에 한국에 돌아온 후 저개발국가에 도움을 줄 수 있는 방법을 찾아보다가 공정무역에 관심이 생겨 공부를 하였습니다. 또한, 공부로 끝나는 것이 아닌 ‘세계 공정무역의 날’과 ‘OOOOOO 달성행사’에 staff로 참여하여 저개발국가에 도움이 될 수 있도록 시민들이 공정무역에 관심을 가질 수 있게 홍보하였습니다.\n\n이후, 인턴 활동을 하며 임직원들과의 거리낌 없는 커뮤니케이션과 신뢰감으로 성과를 냈었던 경험이 있습니다. 총무팀 인턴 당시 저는 34개 부서의 71명의 PA 들과 매일 대면하며 업무를 하였습니다. 처음에 PA들은 저를 잠깐 있다가 떠날 사람으로 인지하고 거리를 두어 편하게 대해주시지 않았습니다. 이에 저는 항상 웃으며 적극적으로 먼저 다가가고, 그들이 필요로 하는 것들에 귀 기울이며, 부탁한 일을 깔끔히 처리해 주며 신뢰를 얻고 인정받기 시작하였습니다. 이러한 노력을 바탕으로 팀에서도 인정을 받아 세미나 참여와 모든 임원이 참여하는 워크숍에 인솔자로 참여하게 되었습니다. 임원분들에게 공지를 전달하고, 안내하는 역할을 맡았고 성공적으로 마무리하며 팀 전체가 상여금을 받는 결과를 얻는 것에 일조하였습니다. 이러한 다양한 경험을 통하여 넥슨네트웍스에서 책임감 있는 모습과 커뮤니케이션 능력을 바탕으로 임직원들에게 신뢰받을 수 있는 직원이 될 수 있도록 노력하겠습니다."
    },
    "anno_text_data": {
        "data": [
            {
                "index": 0,
                "raw": "\"신뢰받을 수 있는\"\n\n저는 고등학교 졸업 이후 부모님에게 기대고 싶지 않아서 아르바이트를 시작하였습니다. 대학교 졸업 전까지 해왔던 아르바이트는 편의점, 식당 서빙, 제조공장, 물류센터 등이 있습니다. 아르바이트를 하며 공통적으로 “성실해서, 어딜 가서 무슨 일을 하더라도 잘 할 것이다.”라는 말들을 들었습니다. 이를 통해 혼자 용돈을 벌고, 대학 등록금까지 혼자 해결하며 자립심을 길렀고, 자신감을 얻는 계기가 되었습니다. 이후, 대학교 2학년을 마치고 입대를 하게 되었습니다.\n\nOO훈련소에서 1사단으로 전입신고를 받았으며, 그때 당시 북한의 목함지뢰도발로 인하여 우리 사단의 간부가 사고를 당하는 사건이 발생하였습니다. 이에 경계 태세가 강화되었으며, 몇 달 후 GOP로 올라가 몇 년 만에 대북 확성기를 재가동하는 등 북한도발에 대한 강경대책으로 긴장감을 유지하며 경계를 하였습니다. 이 당시 애국심이 어느 때보다 강하며, 끈끈한 전우애로 모두가 하나 되는 경험을 하였습니다. 이 경험을 통해 책임감을 더욱 기르고, 주변 사람들에 대한 감사함을 느낄 수 있었습니다. \n\n전역 후 사회에 기여할 수 있는 활동을 하고자 OOOOO에서 진행하는 해외 봉사에 참여하였습니다. OOO에서 학교 건축 작업과 교육봉사, 문화공연을 진행하며 그동안 느껴 보지 못한 힘들지만 보람찬 감정을 느낄 수 있었습니다. 이 활동을 통해 국제문제를 실제로 겪어봄으로써 아직도 도움이 필요한 곳이 많다는 것을 깨닫고 더 많은 관심을 가져야겠다고 생각했습니다. 이에 한국에 돌아온 후 저개발국가에 도움을 줄 수 있는 방법을 찾아보다가 공정무역에 관심이 생겨 공부를 하였습니다. 또한, 공부로 끝나는 것이 아닌 ‘세계 공정무역의 날’과 ‘OOOOOO 달성행사’에 staff로 참여하여 저개발국가에 도움이 될 수 있도록 시민들이 공정무역에 관심을 가질 수 있게 홍보하였습니다.\n\n이후, 인턴 활동을 하며 임직원들과의 거리낌 없는 커뮤니케이션과 신뢰감으로 성과를 냈었던 경험이 있습니다. 총무팀 인턴 당시 저는 34개 부서의 71명의 PA 들과 매일 대면하며 업무를 하였습니다. 처음에 PA들은 저를 잠깐 있다가 떠날 사람으로 인지하고 거리를 두어 편하게 대해주시지 않았습니다. 이에 저는 항상 웃으며 적극적으로 먼저 다가가고, 그들이 필요로 하는 것들에 귀 기울이며, 부탁한 일을 깔끔히 처리해 주며 신뢰를 얻고 인정받기 시작하였습니다. 이러한 노력을 바탕으로 팀에서도 인정을 받아 세미나 참여와 모든 임원이 참여하는 워크숍에 인솔자로 참여하게 되었습니다. 임원분들에게 공지를 전달하고, 안내하는 역할을 맡았고 성공적으로 마무리하며 팀 전체가 상여금을 받는 결과를 얻는 것에 일조하였습니다. 이러한 다양한 경험을 통하여 넥슨네트웍스에서 책임감 있는 모습과 커뮤니케이션 능력을 바탕으로 임직원들에게 신뢰받을 수 있는 직원이 될 수 있도록 노력하겠습니다.",
                "class": "신뢰를 주는 리더,탄탄한 의사소통 능력을 가진,적극적인,고도의 책임감을 가진"
            }
        ]
    }
}