{
    "meta": {
        "text_raw": "①관련경험\n① 관련 경험\n- 관련 경험 및 수행 기간\n- 직무 역량과 관련 있는 객관적 증빙 가능한 경험 작성 (100 자 3 단락 이내)\n약 3개월 간의 기간동안 재무회계, 세무회계, 원가관리회계 과목을 학습하여 재경관리사 자격증을 취득하였습니다.\n\n② 상세 내용\n- 해당 경험에서의 역할/실행과정/성공 시 성과/실패 시 과정상의 노력/얻게 된 역량/느낀점 등에 대해 상세히 작성 (500 자 10 단락 이내)\n재경관리사 자격증 수행을 위해 우선 과거 교내에서 전공 강의를 수강하며 공부하였던 중급회계와 관리회계 지식을 다시 한번 점검하였습니다. 또한, 과거 수강한 경험이 없던 고급회계와 세무회계 분야는 관련 온라인 강의를 수강하고 해당 분야의 교과서를 참조하여 공부하였습니다.\n이를 통해 법인세, 부가세 및 소득세와 관련된 기본적인 지식, 그리고 고급회계 분야의 합병 및 연결재무제표 작성 요령 및 외화거래와 파생상품 회계 등 본 직무에서 다루게 될 회계 및 세무와 관련된 다양한 분야의 지식을 폭넓게 학습할 수 있는 기회가 되었다 생각합니다.\n\n① 관련 경험\n- 관련 경험 및 수행 기간\n- 직무 역량과 관련 있는 객관적 증빙 가능한 경험 작성 (100 자 3 단락 이내)\n교내 전공 강의 중 회계학원리, 중급회계, 관리회계 등 회계학과 관련된 전공 과목들을 수강하였습니다.\n\n② 상세 내용\n- 해당 경험에서의 역할/실행과정/성공 시 성과/실패 시 과정상의 노력/얻게 된 역량/느낀점 등에 대해 상세히 작성 (500 자 10 단락 이내)\n경영학 전공 과목 중 회계학원리, 중급회계, 관리회계의 회계 관련 과목을 수강하였습니다. 회계학원리 과목을 수강하며 대차평균의 원리 및 재무상태표, 포괄손익 계산서 작성 과정을 학습하였으며, 중급회계 과목을 수강하면서 K-IFRS 기준 하의 수익 인식, 자산과 부채, 자본과 관련된 회계 처리 과정에 대해 학습할 수 있었습니다. 마지막으로 관리회계를 수강하며 기업 내부 의사결정을 위한 예산 분석, 성과 평과 기법 등에 대해 학습하였습니다.\n\n각 과목을 수강하면서 주요 개념에 대한 완벽한 숙지를 위해 별도의 외부 강의를 수강하면서 공부하였고, 교과서의 모든 필수 문제들을 풀어보면서 학습 상태를 점검하였습니다. 이를 통해 각 과목에서 우수한 성적을 취득할 수 있었으며, 본 직무의 기초가 될 회계 분야의 기반 지식을 갖추게 되었습니다."
    },
    "anno_text_data": {
        "data": [
            {
                "index": 0,
                "raw": "①관련경험\n① 관련 경험\n- 관련 경험 및 수행 기간\n- 직무 역량과 관련 있는 객관적 증빙 가능한 경험 작성 (100 자 3 단락 이내)\n약 3개월 간의 기간동안 재무회계, 세무회계, 원가관리회계 과목을 학습하여 재경관리사 자격증을 취득하였습니다.\n\n② 상세 내용\n- 해당 경험에서의 역할/실행과정/성공 시 성과/실패 시 과정상의 노력/얻게 된 역량/느낀점 등에 대해 상세히 작성 (500 자 10 단락 이내)\n재경관리사 자격증 수행을 위해 우선 과거 교내에서 전공 강의를 수강하며 공부하였던 중급회계와 관리회계 지식을 다시 한번 점검하였습니다. 또한, 과거 수강한 경험이 없던 고급회계와 세무회계 분야는 관련 온라인 강의를 수강하고 해당 분야의 교과서를 참조하여 공부하였습니다.\n이를 통해 법인세, 부가세 및 소득세와 관련된 기본적인 지식, 그리고 고급회계 분야의 합병 및 연결재무제표 작성 요령 및 외화거래와 파생상품 회계 등 본 직무에서 다루게 될 회계 및 세무와 관련된 다양한 분야의 지식을 폭넓게 학습할 수 있는 기회가 되었다 생각합니다.",
                "class": "지속적인 성장을 추구하는,고도의 자기주도성을 가진"
            },
            {
                "index": 1,
                "raw": "① 관련 경험\n- 관련 경험 및 수행 기간\n- 직무 역량과 관련 있는 객관적 증빙 가능한 경험 작성 (100 자 3 단락 이내)\n교내 전공 강의 중 회계학원리, 중급회계, 관리회계 등 회계학과 관련된 전공 과목들을 수강하였습니다.\n\n② 상세 내용\n- 해당 경험에서의 역할/실행과정/성공 시 성과/실패 시 과정상의 노력/얻게 된 역량/느낀점 등에 대해 상세히 작성 (500 자 10 단락 이내)\n경영학 전공 과목 중 회계학원리, 중급회계, 관리회계의 회계 관련 과목을 수강하였습니다. 회계학원리 과목을 수강하며 대차평균의 원리 및 재무상태표, 포괄손익 계산서 작성 과정을 학습하였으며, 중급회계 과목을 수강하면서 K-IFRS 기준 하의 수익 인식, 자산과 부채, 자본과 관련된 회계 처리 과정에 대해 학습할 수 있었습니다. 마지막으로 관리회계를 수강하며 기업 내부 의사결정을 위한 예산 분석, 성과 평과 기법 등에 대해 학습하였습니다.\n\n각 과목을 수강하면서 주요 개념에 대한 완벽한 숙지를 위해 별도의 외부 강의를 수강하면서 공부하였고, 교과서의 모든 필수 문제들을 풀어보면서 학습 상태를 점검하였습니다. 이를 통해 각 과목에서 우수한 성적을 취득할 수 있었으며, 본 직무의 기초가 될 회계 분야의 기반 지식을 갖추게 되었습니다.",
                "class": "고도의 자기주도성을 가진"
            }
        ]
    }
}