{
    "meta": {
        "text_raw": "현실에 안주하지 않는 것은 개인의 발전에 필수적입니다.\n여행을 통해 많은 것을 배울 수 있다는 이야기에 홀로 배낭여행을 계획했습니다. 부모님의 반대와 비용이라는 현실적인 벽에 부딪혀 포기를 생각하기도 했지만 다양한 경험으로 발전할 미래를 위해 여행 일정을 1시간 단위로 계획하는 포트폴리오를 제작하고 예산을 직접 모으는 철저한 1년의 계획을 토대로 여행에 대한 의지를 부모님께 보여드려 허락을 얻을 수 있었습니다\n\n현실에 대한 도전과 이루고자 하는 굳건한 의지는 하고자 하는 일의 중요한 원동력이 되고, 해낼 수 있다는 자신감은 스스로에 대한 신뢰에서 시작합니다. 여행의 준비 과정은 길고 힘들었지만 철저한 계획 하에 무엇이든 이룰 수 있다는 믿음으로 해냈습니다. 이 경험으로 계획하는 습관을 길러 행하는 의지를 기를 수 있었습니다. 실천에 대한 결과의 가치를 안다면 지속적으로 행하고 발전할 수 있습니다. 우리에게 할 수 없는 것은 존재하지 않습니다. 다만 우리는 실천하지 않을 뿐입니다. 시도하지 않는 것을 할 때 우린 어제보다 더 성장할 수 있습니다."
    },
    "anno_text_data": {
        "data": [
            {
                "index": 0,
                "raw": "현실에 안주하지 않는 것은 개인의 발전에 필수적입니다.\n여행을 통해 많은 것을 배울 수 있다는 이야기에 홀로 배낭여행을 계획했습니다. 부모님의 반대와 비용이라는 현실적인 벽에 부딪혀 포기를 생각하기도 했지만 다양한 경험으로 발전할 미래를 위해 여행 일정을 1시간 단위로 계획하는 포트폴리오를 제작하고 예산을 직접 모으는 철저한 1년의 계획을 토대로 여행에 대한 의지를 부모님께 보여드려 허락을 얻을 수 있었습니다\n\n현실에 대한 도전과 이루고자 하는 굳건한 의지는 하고자 하는 일의 중요한 원동력이 되고, 해낼 수 있다는 자신감은 스스로에 대한 신뢰에서 시작합니다. 여행의 준비 과정은 길고 힘들었지만 철저한 계획 하에 무엇이든 이룰 수 있다는 믿음으로 해냈습니다. 이 경험으로 계획하는 습관을 길러 행하는 의지를 기를 수 있었습니다. 실천에 대한 결과의 가치를 안다면 지속적으로 행하고 발전할 수 있습니다. 우리에게 할 수 없는 것은 존재하지 않습니다. 다만 우리는 실천하지 않을 뿐입니다. 시도하지 않는 것을 할 때 우린 어제보다 더 성장할 수 있습니다.",
                "class": "문제해결능력이 뛰어난,고도의 자기주도성을 가진,적극적인,목표를 달성하는 능력을 갖춘"
            }
        ]
    }
}