{
    "meta": {
        "text_raw": "\"궁금증부터 웹서비스 운영까지\"\n코로나가 끝나감에 따라 해외여행 가는 인원이 늘었고, 최근 일본 무비자 입국 중단 조치가 해제되면서 일본으로 여행 가는 사람들이 급격히 늘었습니다. 이에 저는 ‘어느 나라로 가장 여행을 많이 갈까?’라는 궁금증이 생겨 공공 API를 사용해 월별 인기 여행 국가를 제공하는 웹서비스를 제작해 운영 중입니다. 또한 인천국제공항 주차장을 사용하는 여행자를 위해 실시간 주차장 현황과 공항 혼잡도를 제공하고 있습니다. 이처럼 자기개발을 통해 학습한 기술에서 끝나지 않고 프로젝트에 적용해 봄으로써 꾸준히 성장하는 개발자가 되겠습니다."
    },
    "anno_text_data": {
        "data": [
            {
                "index": 0,
                "raw": "\"궁금증부터 웹서비스 운영까지\"\n코로나가 끝나감에 따라 해외여행 가는 인원이 늘었고, 최근 일본 무비자 입국 중단 조치가 해제되면서 일본으로 여행 가는 사람들이 급격히 늘었습니다. 이에 저는 ‘어느 나라로 가장 여행을 많이 갈까?’라는 궁금증이 생겨 공공 API를 사용해 월별 인기 여행 국가를 제공하는 웹서비스를 제작해 운영 중입니다. 또한 인천국제공항 주차장을 사용하는 여행자를 위해 실시간 주차장 현황과 공항 혼잡도를 제공하고 있습니다. 이처럼 자기개발을 통해 학습한 기술에서 끝나지 않고 프로젝트에 적용해 봄으로써 꾸준히 성장하는 개발자가 되겠습니다.",
                "class": "창의력을 가진,데이터 기반의 의사결정을 하는,문제해결능력이 뛰어난,지속적인 성장을 추구하는"
            }
        ]
    }
}