{
    "meta": {
        "text_raw": "​[환경문제 속 비즈니스 기회 찾기]\n\n사회·문화적 기대가 끊임없이 변화하면서 기업은 그에 맞는 사회적 책임(CSR)을 지고 있습니다. 세계적으로 기후변화와 탄소중립이 주요 의제로 논의되면서 소비자들은 '에코웨이크닝', 즉 환경인식이 점점 커지고 있습니다. 이에 따라 기업들은 사회적 기대를 제품 및 서비스에 반영하기 위해 친환경 소재를 사용한 제품을 생산하고 있습니다.\n\n환경문제를 해결하는 주체가 국가적 차원만이 아닌, 기업차원으로 확대되고 있는 것은 바람직한 방향이라고 생각합니다. 기업은 경제적 가치를 추구하면 환경문제 해결을 포기해야 한다는 생각때문에 환경오염을 일으키면서 경제적 가치를 극대화하고자 하였습니다. 하지만 이 두 가지는 서로 상충관계가 아닌 시너지를 줄 수 있는 보완적 관계임을 인식해야 합니다. 그렇기 때문에 기업 스스로 비즈니스를 새롭게 정의하는 관점의 변화가 필요합니다. 기업이 환경문제 해결에 앞장서고, 이 속에서 비즈니스 기회를 찾는다면 경제적 이윤과 사회적 가치 창출을 동시에 얻을 수 있을 것입니다."
    },
    "anno_text_data": {
        "data": [
            {
                "index": 0,
                "raw": "​[환경문제 속 비즈니스 기회 찾기]\n\n사회·문화적 기대가 끊임없이 변화하면서 기업은 그에 맞는 사회적 책임(CSR)을 지고 있습니다. 세계적으로 기후변화와 탄소중립이 주요 의제로 논의되면서 소비자들은 '에코웨이크닝', 즉 환경인식이 점점 커지고 있습니다. 이에 따라 기업들은 사회적 기대를 제품 및 서비스에 반영하기 위해 친환경 소재를 사용한 제품을 생산하고 있습니다.\n\n환경문제를 해결하는 주체가 국가적 차원만이 아닌, 기업차원으로 확대되고 있는 것은 바람직한 방향이라고 생각합니다. 기업은 경제적 가치를 추구하면 환경문제 해결을 포기해야 한다는 생각때문에 환경오염을 일으키면서 경제적 가치를 극대화하고자 하였습니다. 하지만 이 두 가지는 서로 상충관계가 아닌 시너지를 줄 수 있는 보완적 관계임을 인식해야 합니다. 그렇기 때문에 기업 스스로 비즈니스를 새롭게 정의하는 관점의 변화가 필요합니다. 기업이 환경문제 해결에 앞장서고, 이 속에서 비즈니스 기회를 찾는다면 경제적 이윤과 사회적 가치 창출을 동시에 얻을 수 있을 것입니다.",
                "class": "유연한 사고를 가진,비전을 제시하는,비즈니스 마인드를 갖춘"
            }
        ]
    }
}