{
    "meta": {
        "text_raw": "\"멀티형 전문가: 공정과정 & 발광재료\"\n\n저는 학부 시절 전공수업을 수강하며 배운 이론을 과목마다 유기적으로 연결하며 학습하였습니다. 반도체 재료 수업에서 P-N juction과 금속과 반도체 접합으로 나타나는 매커니즘인 오믹접합과, 쇼트키 접합을 배웠습니다. 디스플레이 재료 수업에서는 OLED의 HOMO 와 LUMO 구조를 배우고 3중항 구조를 이해하며 형광(fluorescence)과 인광(Phosphorescence) 원리를 배웠습니다. 여기서 저는 두 개의 수업 이론을 배운것에 그치지 않고 반도체 TFT 소자 구동원리와 OLED의 발광재료의 발광원리를 서로 연관지어 보았습니다. 예를 들어 OLED의 패널에서 TFT소자는 어떤 역할을 하고 OLED의 발광재료는 TFT 소자로 인해 어떤 메커니즘이 작동하는지를 찾아보았습니다. 궁금증 중 일부는 전공 서적에서 해답을 찾을 수 있었지만, 대다수 해답은 학부 이상의 전문지식을 요구하였습니다. 그래서 교수님의 선행 연구논문을 찾아보고 기업 홈페이지 내용(삼성디스플레이 뉴스룸, 톺아보기)을 보며 발광재료 직무에 대한 이해도를 높였고 청색 발광재료의 합성을 통해 내 손으로 QLED를 만들고 싶은 목표가 생겼습니다.\n\n발광재료 개발직무는 물질을 합성하고 실험을 통해 데이터를 수집하고, 분석하는 것이 중요합니다. 또한, 개발한 재료가 공정 양산기술에 잘 적용할 수 있는지를 고려해야 합니다. Photoregistance 실험과 Polymerization 용액공정 실험 공정과정분야 전문가인 저는 잉크젯 프린터 기술을 바탕으로 양산할 QLED패널 생산에 2가지 역량이 이바지할 것입니다. 첫 번째로 발광재료 합성물질 디자인능력입니다. 3성분계 상태도 해석능력을 통해 도펀트와 발광물질의 수명과 성능이 우수한 재료의 조성을 찾을 것입니다. 2번째는 자료수집과 분석능력입니다. 매트랩을 사용하여 물질합성으로 얻은 데이터를 정리하고 분석하여 광 반응에 대한 내구성을 확보하겠습니다."
    },
    "anno_text_data": {
        "data": [
            {
                "index": 0,
                "raw": "\"멀티형 전문가: 공정과정 & 발광재료\"\n\n저는 학부 시절 전공수업을 수강하며 배운 이론을 과목마다 유기적으로 연결하며 학습하였습니다. 반도체 재료 수업에서 P-N juction과 금속과 반도체 접합으로 나타나는 매커니즘인 오믹접합과, 쇼트키 접합을 배웠습니다. 디스플레이 재료 수업에서는 OLED의 HOMO 와 LUMO 구조를 배우고 3중항 구조를 이해하며 형광(fluorescence)과 인광(Phosphorescence) 원리를 배웠습니다. 여기서 저는 두 개의 수업 이론을 배운것에 그치지 않고 반도체 TFT 소자 구동원리와 OLED의 발광재료의 발광원리를 서로 연관지어 보았습니다. 예를 들어 OLED의 패널에서 TFT소자는 어떤 역할을 하고 OLED의 발광재료는 TFT 소자로 인해 어떤 메커니즘이 작동하는지를 찾아보았습니다. 궁금증 중 일부는 전공 서적에서 해답을 찾을 수 있었지만, 대다수 해답은 학부 이상의 전문지식을 요구하였습니다. 그래서 교수님의 선행 연구논문을 찾아보고 기업 홈페이지 내용(삼성디스플레이 뉴스룸, 톺아보기)을 보며 발광재료 직무에 대한 이해도를 높였고 청색 발광재료의 합성을 통해 내 손으로 QLED를 만들고 싶은 목표가 생겼습니다.",
                "class": "유연한 사고를 가진,지속적인 성장을 추구하는,적극적인,고도의 자기주도성을 가진"
            },
            {
                "index": 1,
                "raw": "발광재료 개발직무는 물질을 합성하고 실험을 통해 데이터를 수집하고, 분석하는 것이 중요합니다. 또한, 개발한 재료가 공정 양산기술에 잘 적용할 수 있는지를 고려해야 합니다. Photoregistance 실험과 Polymerization 용액공정 실험 공정과정분야 전문가인 저는 잉크젯 프린터 기술을 바탕으로 양산할 QLED패널 생산에 2가지 역량이 이바지할 것입니다. 첫 번째로 발광재료 합성물질 디자인능력입니다. 3성분계 상태도 해석능력을 통해 도펀트와 발광물질의 수명과 성능이 우수한 재료의 조성을 찾을 것입니다. 2번째는 자료수집과 분석능력입니다. 매트랩을 사용하여 물질합성으로 얻은 데이터를 정리하고 분석하여 광 반응에 대한 내구성을 확보하겠습니다.",
                "class": "고도의 자기주도성을 가진"
            }
        ]
    }
}