{
    "meta": {
        "text_raw": "2019년 교육봉사활동을 수행하면서 학생 모집을 담당했습니다. 봄 학기를 맞아 중학교 신입생들을 대상으로 새로운 반을 편성해야 했습니다. 기존에 제작해둔 포스터와 공문을 학교에 발송하여 여덟 명에서 열 명을 목표로 모집을 시작했습니다.\n하지만 모집 시작 후 한 달간 지원자가 두세 명에 불과했습니다. 설상가상으로 학생들의 출석률과 참여율도 저조했습니다. 학생 모집이 계속 부진할 경우 정해진 수업 시수나 학생수에 미달하여 구청에서 교육 장소를 제공받지 못할 위험이 생겼습니다.\n학생 모집을 담당했던 교사들과 함께 새로운 방안을 찾기로 했습니다. 저는 모집의 직접적인 수단이 되는 공문이나 포스터에 문제가 있다 생각했습니다. 포스터를 새로 만들자는 의견을 냈으나 다른 교사들로부터 효과에 대한 의구심과 기존 제작분이 있는데 낭비가 아니냐는 지적을 받았고, 구체적인 개선안에 대한 질문을 받았습니다.\n\n우선 당시 저희 단체에서 수업을 받는 2,3학년 멘티들에게 다른 학생들의 의견을 물어봐달라 부탁했습니다. 그리고 학원과 같은 전문적 교육 기관이 아니기 때문에 수업의 질에 믿음이 가지 않는다는 의견을 들었습니다. 이를 바탕으로, 학생들에게 수업의 장점을 더 효율적으로 제시할 수 있는 포스터 개선안을 제시했습니다. 기존의 공익성을 강조했던 문구 대신 학생들의 문제풀이를 일대일로 점검해준다는 방식을 강조하고 수업의 질을 보여주기 위해 샘플 강의 영상을 촬영하여 포스터에 QR코드를 삽입했습니다. 학생들의 의견을 바탕으로 제시된 개선안이었기 때문에 다른 교사들도 의견에 동의하였습니다. 예산의 제약을 고려하여 홍보물은 50장만 제작하여 학교에 전달하기로 하였습니다. 새로운 포스터와 공문을 학교에 전달하고 홍보 활동을 지속한 결과 2주만에 6명의 학생을 추가로 모집하여 계획했던 인원을 채울 수 있었습니다."
    },
    "anno_text_data": {
        "data": [
            {
                "index": 0,
                "raw": "2019년 교육봉사활동을 수행하면서 학생 모집을 담당했습니다. 봄 학기를 맞아 중학교 신입생들을 대상으로 새로운 반을 편성해야 했습니다. 기존에 제작해둔 포스터와 공문을 학교에 발송하여 여덟 명에서 열 명을 목표로 모집을 시작했습니다.\n하지만 모집 시작 후 한 달간 지원자가 두세 명에 불과했습니다. 설상가상으로 학생들의 출석률과 참여율도 저조했습니다. 학생 모집이 계속 부진할 경우 정해진 수업 시수나 학생수에 미달하여 구청에서 교육 장소를 제공받지 못할 위험이 생겼습니다.\n학생 모집을 담당했던 교사들과 함께 새로운 방안을 찾기로 했습니다. 저는 모집의 직접적인 수단이 되는 공문이나 포스터에 문제가 있다 생각했습니다. 포스터를 새로 만들자는 의견을 냈으나 다른 교사들로부터 효과에 대한 의구심과 기존 제작분이 있는데 낭비가 아니냐는 지적을 받았고, 구체적인 개선안에 대한 질문을 받았습니다.\n\n우선 당시 저희 단체에서 수업을 받는 2,3학년 멘티들에게 다른 학생들의 의견을 물어봐달라 부탁했습니다. 그리고 학원과 같은 전문적 교육 기관이 아니기 때문에 수업의 질에 믿음이 가지 않는다는 의견을 들었습니다. 이를 바탕으로, 학생들에게 수업의 장점을 더 효율적으로 제시할 수 있는 포스터 개선안을 제시했습니다. 기존의 공익성을 강조했던 문구 대신 학생들의 문제풀이를 일대일로 점검해준다는 방식을 강조하고 수업의 질을 보여주기 위해 샘플 강의 영상을 촬영하여 포스터에 QR코드를 삽입했습니다. 학생들의 의견을 바탕으로 제시된 개선안이었기 때문에 다른 교사들도 의견에 동의하였습니다. 예산의 제약을 고려하여 홍보물은 50장만 제작하여 학교에 전달하기로 하였습니다. 새로운 포스터와 공문을 학교에 전달하고 홍보 활동을 지속한 결과 2주만에 6명의 학생을 추가로 모집하여 계획했던 인원을 채울 수 있었습니다.",
                "class": "문제해결능력이 뛰어난,다양한 의견을 수렴하는,적극적인"
            }
        ]
    }
}