{
    "meta": {
        "text_raw": "안정성이 있는 기업은 정보이용자들의 신뢰를 받아 긍정적인 관계를 형성할 수 있습니다. 그리고 그 관계를 연결하는 것은 재무제표를 공시하는 재무 부서의 역할입니다. 따라서 보유한 역량을 발휘해 정확하고 투명한 공시를 이행하겠습니다.\n\n정보이용자들은 공시를 통해 중대한 의사결정을 하기 때문에 책임감을 기반으로 업무 처리를 이행해야 합니다. 다수의 아르바이트와 학생회의 예산 편성 업무로 돈을 직접적으로 관리하면서 역할에 대한 책임감을 가질 수 있었습니다. 또한 회계는 공시 일정이 정해져 있어 적시성을 위해 계획 하에 업무를 수행해야 합니다. 저는 42일간의 배낭여행을 1시간 단위로 계획, 실천한 경험으로 일정에 차질을 유발하지 않아 팀 내 원활한 업무 처리가 가능합니다.\n\n마지막으로 정보의 중요성을 위해 전문성으로 업무를 수행해야 합니다. 다수의 자격증은 회계에 대한 깊은 이해와 전산 처리 능력을 증명합니다. 재무의 인과관계를 파악해 질적 특성을 보존하는, SK브로드밴드의 인재가 되겠습니다."
    },
    "anno_text_data": {
        "data": [
            {
                "index": 0,
                "raw": "안정성이 있는 기업은 정보이용자들의 신뢰를 받아 긍정적인 관계를 형성할 수 있습니다. 그리고 그 관계를 연결하는 것은 재무제표를 공시하는 재무 부서의 역할입니다. 따라서 보유한 역량을 발휘해 정확하고 투명한 공시를 이행하겠습니다.\n\n정보이용자들은 공시를 통해 중대한 의사결정을 하기 때문에 책임감을 기반으로 업무 처리를 이행해야 합니다. 다수의 아르바이트와 학생회의 예산 편성 업무로 돈을 직접적으로 관리하면서 역할에 대한 책임감을 가질 수 있었습니다. 또한 회계는 공시 일정이 정해져 있어 적시성을 위해 계획 하에 업무를 수행해야 합니다. 저는 42일간의 배낭여행을 1시간 단위로 계획, 실천한 경험으로 일정에 차질을 유발하지 않아 팀 내 원활한 업무 처리가 가능합니다.\n\n마지막으로 정보의 중요성을 위해 전문성으로 업무를 수행해야 합니다. 다수의 자격증은 회계에 대한 깊은 이해와 전산 처리 능력을 증명합니다. 재무의 인과관계를 파악해 질적 특성을 보존하는, SK브로드밴드의 인재가 되겠습니다.",
                "class": "자원을 효율적으로 활용하는"
            }
        ]
    }
}