{
    "meta": {
        "text_raw": "\"배움 = 확실한 기초\"\n\n직무에 있어 확실한 체계를 구축하기 위해 배움이 더딥니다. 이 과정을 통해 기초가 가장 중요한 것을 알고 맡은 바 직무에 있어 실수를 최대한 줄일 수 있는 해결책이 되어주었습니다. 언제나 배움을 갈망하고 기초를 탄탄히 하여 추후 후배들에게 보탬이 되는 삼성인이 되겠습니다."
    },
    "anno_text_data": {
        "data": [
            {
                "index": 0,
                "raw": "\"배움 = 확실한 기초\"\n\n직무에 있어 확실한 체계를 구축하기 위해 배움이 더딥니다. 이 과정을 통해 기초가 가장 중요한 것을 알고 맡은 바 직무에 있어 실수를 최대한 줄일 수 있는 해결책이 되어주었습니다. 언제나 배움을 갈망하고 기초를 탄탄히 하여 추후 후배들에게 보탬이 되는 삼성인이 되겠습니다.",
                "class": "지속적인 성장을 추구하는"
            }
        ]
    }
}