{
    "meta": {
        "text_raw": "\"유체와 열에 대한 이해도\"\n\n설비의 유지보수를 위해선 유체와 열에 대한 이해도가 필수적입니다. OOOO공학을 전공하며 유체역학, 항공역학 등의 학습을 통해 유체에 대한 이해도를 높였습니다. 더 나아가 졸업 프로젝트로 지금까지 배운 이론을 적용한 공력 해석 프로그램을 개발했습니다. 결과적으로 유의미한 시뮬레이션 프로그램임을 인정받아 A+학점을 받았습니다. 한발 나아가, 현재 일반기계기사와 공조냉동기계기사 자격증 취득 중입니다. 열역학의 기본 이론부터 냉동이론 등을 학습했습니다. 이를 통해 설비 부하율을 관리하고 유지관리 프로세스를 개선하는 역할에 필요한 역량을 키웠습니다. 이렇게 관심 분야에 대한 끊임없는 학습 의지를 바탕으로 삼성전자 반도체 연구소 설비기술 전문가로 지속 성장하겠습니다.\n\n\"가능성을 만들기 위한 도전\"\n\n불가능해 보이는 목표라도 끊임없이 도전한다면 가능성을 만든다고 생각합니다. 3학년 시절 해체 직전 동아리를 교내 인기 동아리로 성장시킨 경험이 있습니다. 발명 동아리 OOOO에는 신입 부원의 90%가 탈퇴하는 문제가 있었습니다. 이를 극복하고자 동아리 회장으로 출마해 동아리원 100명 이상 유지라는 목표를 세웠습니다. 먼저 신입생 대상 설계 교육을 했습니다. 교육에 열정을 보인 결과 참여한 동아리원들은 설계 프로그램을 능숙하게 다루게 되었습니다. 다음으로 학습한 설계 프로그램을 응용할 수 있는 해커톤을 기획했습니다. 여러 기관과 연락 끝에 OO OOOO으로부터 지원을 받아 스마트시티 해커톤을 개최할 수 있었습니다. 이러한 목표를 향한 끊임없는 도전은 160명이 넘는 대규모 인기 동아리로 성장하는 성공을 이끌었습니다.\n\n삼성전자 반도체 연구소는 세계 최고의, 세계 최초의 기술을 다루는 곳인 만큼 더 높은 성장 목표와 새로운 도전의식을 지닌 사람이 필요하다 생각합니다. 발전을 위해 끊임없이 도전하는 자세를 통해 삼성전자의 무한한 가능성을 만들겠습니다."
    },
    "anno_text_data": {
        "data": [
            {
                "index": 0,
                "raw": "\"유체와 열에 대한 이해도\"\n\n설비의 유지보수를 위해선 유체와 열에 대한 이해도가 필수적입니다. OOOO공학을 전공하며 유체역학, 항공역학 등의 학습을 통해 유체에 대한 이해도를 높였습니다. 더 나아가 졸업 프로젝트로 지금까지 배운 이론을 적용한 공력 해석 프로그램을 개발했습니다. 결과적으로 유의미한 시뮬레이션 프로그램임을 인정받아 A+학점을 받았습니다. 한발 나아가, 현재 일반기계기사와 공조냉동기계기사 자격증 취득 중입니다. 열역학의 기본 이론부터 냉동이론 등을 학습했습니다. 이를 통해 설비 부하율을 관리하고 유지관리 프로세스를 개선하는 역할에 필요한 역량을 키웠습니다. 이렇게 관심 분야에 대한 끊임없는 학습 의지를 바탕으로 삼성전자 반도체 연구소 설비기술 전문가로 지속 성장하겠습니다.",
                "class": "지속적인 성장을 추구하는,고도의 자기주도성을 가진"
            },
            {
                "index": 1,
                "raw": "\"가능성을 만들기 위한 도전\"\n\n불가능해 보이는 목표라도 끊임없이 도전한다면 가능성을 만든다고 생각합니다. 3학년 시절 해체 직전 동아리를 교내 인기 동아리로 성장시킨 경험이 있습니다. 발명 동아리 OOOO에는 신입 부원의 90%가 탈퇴하는 문제가 있었습니다. 이를 극복하고자 동아리 회장으로 출마해 동아리원 100명 이상 유지라는 목표를 세웠습니다. 먼저 신입생 대상 설계 교육을 했습니다. 교육에 열정을 보인 결과 참여한 동아리원들은 설계 프로그램을 능숙하게 다루게 되었습니다. 다음으로 학습한 설계 프로그램을 응용할 수 있는 해커톤을 기획했습니다. 여러 기관과 연락 끝에 OO OOOO으로부터 지원을 받아 스마트시티 해커톤을 개최할 수 있었습니다. 이러한 목표를 향한 끊임없는 도전은 160명이 넘는 대규모 인기 동아리로 성장하는 성공을 이끌었습니다.\n\n삼성전자 반도체 연구소는 세계 최고의, 세계 최초의 기술을 다루는 곳인 만큼 더 높은 성장 목표와 새로운 도전의식을 지닌 사람이 필요하다 생각합니다. 발전을 위해 끊임없이 도전하는 자세를 통해 삼성전자의 무한한 가능성을 만들겠습니다.",
                "class": "비전을 제시하는,목표를 달성하는 능력을 갖춘,적극적인"
            }
        ]
    }
}