{
    "meta": {
        "text_raw": "저는 군대에서 조교로서 대화와 의사소통을 통해 내 생각을 전달하고 팀원의 생각을 이해하며 함께 목표를 이루는 능력을 키웠고 이를 통해 이후에 대학교에서 이루어졌던 졸업을 위한 종합설계과목에서 팀장의 역할을 하며 팀 성적 1등과 팀원 모두 A+를 받게 된 결과를 얻었습니다. 팀 프로젝트를 진행하면서 가장 먼저 과목의 중점적인 평가 요소를 파악하고 최초의 프로젝트 연구 과제를 선택하는 데 노력을 많이 했습니다. 최대한 팀의 목적이 이루어지는 과정에서 우리의 노력이 잘 드러나고 결과에 따른 우리만의 분석과 보완 방법을 나타낼 수 있는 주제를 정하는 것, 그리고 연구 방향을 수정해야 할 때 조금 더 폭넓게 수정 가능한 소재를 연구 목적으로 정하려 노력했습니다.\n\n프로젝트 수행에 있어서 저는 전체적인 방향과 개개인의 일정을 종합하여 계획을 세웠고 의견을 모으는 역할을 했습니다. 전체적인 진행 상황을 아는 것이 계획을 세우고 문제 발생 시에 이를 해결하면서도 팀을 방향성을 유지할 수 있으므로 리더로서 그 역할을 제가 하였고 세부적으로는 팀원들의 장, 단점을 파악해서 자료 수집, 이론에 따른 실험 진행, 데이터 분석, 발표 자료 준비 등등 각자의 업무를 분배해주었고 각 단계의 진행에 부족한 부분을 도와주고 나온 결과에 따른 피드백을 담당했습니다. 그러면서 단계가 진행될 때마다 정보와 진행 상황을 팀원 전원이 인지할 수 있도록 알려주고 의사소통을 잘하는 것에 집중했습니다. 이러한 팀을 이끌며 목표를 향하는 것과 가진 능력과 자료를 통해 판단하고 문제를 해결하는 능력이 있다고 생각했고 이 능력들이 LX 하우시스의 생산 시 문제 해결과 관리에서 활용 가능하다고 생각합니다.\n\n또한 고분자 구조 물성이라는 과목을 수강하면서 DSC등의 열분석 데이터를 통한 고분자의 특성 분석이나 stress - strain 분석을 통한 강도 측정 등을 배우며 흥미를 느끼고 좋은 성적을 받으며 데이터 분석의 경우도 실무에서의 경험을 통해 더 발전할 수 있다고 생각합니다."
    },
    "anno_text_data": {
        "data": [
            {
                "index": 0,
                "raw": "저는 군대에서 조교로서 대화와 의사소통을 통해 내 생각을 전달하고 팀원의 생각을 이해하며 함께 목표를 이루는 능력을 키웠고 이를 통해 이후에 대학교에서 이루어졌던 졸업을 위한 종합설계과목에서 팀장의 역할을 하며 팀 성적 1등과 팀원 모두 A+를 받게 된 결과를 얻었습니다. 팀 프로젝트를 진행하면서 가장 먼저 과목의 중점적인 평가 요소를 파악하고 최초의 프로젝트 연구 과제를 선택하는 데 노력을 많이 했습니다. 최대한 팀의 목적이 이루어지는 과정에서 우리의 노력이 잘 드러나고 결과에 따른 우리만의 분석과 보완 방법을 나타낼 수 있는 주제를 정하는 것, 그리고 연구 방향을 수정해야 할 때 조금 더 폭넓게 수정 가능한 소재를 연구 목적으로 정하려 노력했습니다.",
                "class": "다양한 의견을 수렴하는,탄탄한 의사소통 능력을 가진"
            },
            {
                "index": 1,
                "raw": "프로젝트 수행에 있어서 저는 전체적인 방향과 개개인의 일정을 종합하여 계획을 세웠고 의견을 모으는 역할을 했습니다. 전체적인 진행 상황을 아는 것이 계획을 세우고 문제 발생 시에 이를 해결하면서도 팀을 방향성을 유지할 수 있으므로 리더로서 그 역할을 제가 하였고 세부적으로는 팀원들의 장, 단점을 파악해서 자료 수집, 이론에 따른 실험 진행, 데이터 분석, 발표 자료 준비 등등 각자의 업무를 분배해주었고 각 단계의 진행에 부족한 부분을 도와주고 나온 결과에 따른 피드백을 담당했습니다. 그러면서 단계가 진행될 때마다 정보와 진행 상황을 팀원 전원이 인지할 수 있도록 알려주고 의사소통을 잘하는 것에 집중했습니다. 이러한 팀을 이끌며 목표를 향하는 것과 가진 능력과 자료를 통해 판단하고 문제를 해결하는 능력이 있다고 생각했고 이 능력들이 LX 하우시스의 생산 시 문제 해결과 관리에서 활용 가능하다고 생각합니다.",
                "class": "데이터 기반의 의사결정을 하는,다양성을 존중하는,탄탄한 의사소통 능력을 가진"
            },
            {
                "index": 2,
                "raw": "또한 고분자 구조 물성이라는 과목을 수강하면서 DSC등의 열분석 데이터를 통한 고분자의 특성 분석이나 stress - strain 분석을 통한 강도 측정 등을 배우며 흥미를 느끼고 좋은 성적을 받으며 데이터 분석의 경우도 실무에서의 경험을 통해 더 발전할 수 있다고 생각합니다.",
                "class": "데이터 기반의 의사결정을 하는"
            }
        ]
    }
}