{
    "meta": {
        "text_raw": "\"차세대 예지 보전 설비기술 도입\"\n\n21살 때, 삼성전자 화성캠퍼스 신설 현장에서 일하며 반도체 설비에 관한 관심을 키우게 되었습니다. 당시, 공장 내부 가스관 설치 현장에서 배관 시공을 간접적으로 경험하며 설비 유지 보수에 관심을 키우게 되었습니다. 아무리 완벽한 반도체 이론이 있더라도 원활한 설비 공급 없이는 제품을 구현할 수 없다는 점을 느꼈습니다. 삼성전자 반도체 연구소는 세계 최고의 기술을 연구하여 글로벌 메모리 반도체 1위 자리를 30년간 지켜내고 있습니다. 이런 설비기술의 선구자인 삼성전자에서 차세대 예지 보전 설비관리 특허보유라는 꿈을 이루고 싶습니다.\n\n먼저, 반도체 제조의 핵심인 단위공정 설비팀에서 근무하며 경험을 쌓고 싶습니다. 특히, 열역학적 지식이 필요한 산화 및 증착 공정 설비기술팀에서 근무하며 세계 최고의 전문가들로부터 설비 지식을 배우겠습니다. 또한, 삼성전자의 직무 심화 양성프로그램을 활용하여 설비 전문가로 성장하겠습니다. 이후 항상 현장에 관심을 두고 문제점을 파헤쳐 유지관리 프로세스를 개선하기 위해 노력하겠습니다. 특히, 차세대 예지 보전 기술도입을 통해 유지비용을 절감하고 예지 보전 분야 특허 확보를 위해 노력하겠습니다. 세계 유일 종합반도체 연구소의 선행개발 엔지니어라는 자부심을 쌓고 최첨단 설비 전문가로 성장하여 종합 반도체 부분 세계 1위 목표를 함께 이루고 싶습니다."
    },
    "anno_text_data": {
        "data": [
            {
                "index": 0,
                "raw": "\"차세대 예지 보전 설비기술 도입\"\n\n21살 때, 삼성전자 화성캠퍼스 신설 현장에서 일하며 반도체 설비에 관한 관심을 키우게 되었습니다. 당시, 공장 내부 가스관 설치 현장에서 배관 시공을 간접적으로 경험하며 설비 유지 보수에 관심을 키우게 되었습니다. 아무리 완벽한 반도체 이론이 있더라도 원활한 설비 공급 없이는 제품을 구현할 수 없다는 점을 느꼈습니다. 삼성전자 반도체 연구소는 세계 최고의 기술을 연구하여 글로벌 메모리 반도체 1위 자리를 30년간 지켜내고 있습니다. 이런 설비기술의 선구자인 삼성전자에서 차세대 예지 보전 설비관리 특허보유라는 꿈을 이루고 싶습니다.\n\n먼저, 반도체 제조의 핵심인 단위공정 설비팀에서 근무하며 경험을 쌓고 싶습니다. 특히, 열역학적 지식이 필요한 산화 및 증착 공정 설비기술팀에서 근무하며 세계 최고의 전문가들로부터 설비 지식을 배우겠습니다. 또한, 삼성전자의 직무 심화 양성프로그램을 활용하여 설비 전문가로 성장하겠습니다. 이후 항상 현장에 관심을 두고 문제점을 파헤쳐 유지관리 프로세스를 개선하기 위해 노력하겠습니다. 특히, 차세대 예지 보전 기술도입을 통해 유지비용을 절감하고 예지 보전 분야 특허 확보를 위해 노력하겠습니다. 세계 유일 종합반도체 연구소의 선행개발 엔지니어라는 자부심을 쌓고 최첨단 설비 전문가로 성장하여 종합 반도체 부분 세계 1위 목표를 함께 이루고 싶습니다.",
                "class": "지속적인 성장을 추구하는"
            }
        ]
    }
}