{
    "meta": {
        "text_raw": "많은 경험 중, 해외의료봉사활동을 통해 진정성 있는 소통을 배웠습니다. OOOO에서 진료 시 인원 통제와 기념품 증정을 하며 현지인들을 도왔습니다. 진료를 기다리고 있는 아이와 부모를 위해 즉석 사진 출력기를 이용해서 사진을 선물로 줬습니다. 아이와 찍은 사진을 보고 너무나 좋아하는 모습을 보며 진심이 전제된다면 굳이 말하지 않아도 훌륭한 대화가 가능하다는 것을 배울 수 있었고 저에겐 사소한 것들이 남에겐 중요한 것이 될 수 있다는 것을 느꼈습니다. 이처럼 소통을 통해 고객의 니즈를 정확하게 파악하고 충족시켜준다면 회사성장에 큰 도움이 될 것입니다. 개인의 노력과 동료와의 협업을 통해 매출의 압박을 이겨내도록 하겠습니다."
    },
    "anno_text_data": {
        "data": [
            {
                "index": 0,
                "raw": "많은 경험 중, 해외의료봉사활동을 통해 진정성 있는 소통을 배웠습니다. OOOO에서 진료 시 인원 통제와 기념품 증정을 하며 현지인들을 도왔습니다. 진료를 기다리고 있는 아이와 부모를 위해 즉석 사진 출력기를 이용해서 사진을 선물로 줬습니다. 아이와 찍은 사진을 보고 너무나 좋아하는 모습을 보며 진심이 전제된다면 굳이 말하지 않아도 훌륭한 대화가 가능하다는 것을 배울 수 있었고 저에겐 사소한 것들이 남에겐 중요한 것이 될 수 있다는 것을 느꼈습니다. 이처럼 소통을 통해 고객의 니즈를 정확하게 파악하고 충족시켜준다면 회사성장에 큰 도움이 될 것입니다. 개인의 노력과 동료와의 협업을 통해 매출의 압박을 이겨내도록 하겠습니다.",
                "class": "문제해결능력이 뛰어난,탄탄한 의사소통 능력을 가진,선한 영향력을 행사하는,다양성을 존중하는,적극적인"
            }
        ]
    }
}