{
    "meta": {
        "text_raw": "\"현대엔지니어링의 예비 에이스( A C E ) 사원\"\n\n회사를 선택할 때의 기준은 ‘회사와 저의 지속적인 동반성장’입니다. 현대엔지니어링은 일반건축사업 분야에서 중앙아시아와 동남아시아로의 시장을 확대하고 있으며 주택건축사업 분야에서 국내 노후 아파트 재개발 등 정비 사업을 중심으로 성장하고 있습니다. 이러한 현대엔지니어링의 지속적인 성장은 공사관리에서 최고의 전문가가 되려는 저에게 동기부여가 되었습니다. 저의 3가지 역량을 바탕으로 현대엔지니어링과 동반성장하는 사원이 되겠습니다. \n\"최선을 다하고 최고를 만드는 분석 능력\"\n\noo건설 인턴 당시 아파트 현장은 층별 반복 공사라는 분석을 통해 2명이 했던 일을 혼자 해낸 경험이 있습니다. Autocad와 Excel을 이용하여 각 기둥, 벽, 슬래브 등을 부재별로 정리하고 그룹화하여 콘크리트 타설량과 벽돌 조적량을 쉽게 계산할 수 있도록 만들었습니다. 1공구, 2공구 나눠서 계산하던 방식을 하나의 템플릿으로 만들어 효율성을 높였습니다. 저의 이런 분석 능력을 통해 공법이나 공정관리에도 적용하여 공기를 단축할 수 있도록 하겠습니다.\n\n\"과감하게 시도하고 끝까지 완수하는 OOO\"\n\no번의 CM 프로젝트를 진행한 경험이 있습니다. 첫 도전에 끝내지 않고 실패의 원인을 분석하고 교수님, 실무자분들께 피드백을 받아 보완하였습니다. 그 결과 oo 프로젝트라는 주제로 15개 팀 중에 전체 2등이라는 성적을 낼 수 있었습니다. 또한, 여기서 멈추지 않고 2021 대학생 OO 경진대회를 준비하여 기존의 한계를 극복하려 하고 있습니다. 업무를 하다가 난관에 부딪히더라도 포기하지 않고 과거 시공 사례 참고 및 사수의 도움을 받으면서 능력을 키우고 끝까지 완수하겠습니다.\n\n\"최고를 향해 도전하는 열정쟁이\"\n\n건축공학 전공에서 최고가 되기 위해 다음과 같은 노력을 하였습니다. 전공학점 o.oo, 전공학점 oo학점을 이수하였고 o번의 성적장학금을 받았습니다. o번의 직무교육과 o번의 프로젝트를 통해 전공의 이해를 높였습니다. 이론뿐만 아니라 2번의 인턴십을 통해 현장에서의 경험을 쌓았습니다. 제가 맡은 분야에서는 최고가 되려는 열정을 가지고 있습니다. 이런 열정 덕분에 다양한 경험을 하게 되었고 건설산업의 프로세스를 이해할 수 있었습니다. 현대엔지니어링 공사관리에서도 최고가 되기 위해 노력하겠습니다."
    },
    "anno_text_data": {
        "data": [
            {
                "index": 0,
                "raw": "\"현대엔지니어링의 예비 에이스( A C E ) 사원\"\n\n회사를 선택할 때의 기준은 ‘회사와 저의 지속적인 동반성장’입니다. 현대엔지니어링은 일반건축사업 분야에서 중앙아시아와 동남아시아로의 시장을 확대하고 있으며 주택건축사업 분야에서 국내 노후 아파트 재개발 등 정비 사업을 중심으로 성장하고 있습니다. 이러한 현대엔지니어링의 지속적인 성장은 공사관리에서 최고의 전문가가 되려는 저에게 동기부여가 되었습니다. 저의 3가지 역량을 바탕으로 현대엔지니어링과 동반성장하는 사원이 되겠습니다.",
                "class": "고도의 자기주도성을 가진"
            },
            {
                "index": 1,
                "raw": "\"최선을 다하고 최고를 만드는 분석 능력\"\n\noo건설 인턴 당시 아파트 현장은 층별 반복 공사라는 분석을 통해 2명이 했던 일을 혼자 해낸 경험이 있습니다. Autocad와 Excel을 이용하여 각 기둥, 벽, 슬래브 등을 부재별로 정리하고 그룹화하여 콘크리트 타설량과 벽돌 조적량을 쉽게 계산할 수 있도록 만들었습니다. 1공구, 2공구 나눠서 계산하던 방식을 하나의 템플릿으로 만들어 효율성을 높였습니다. 저의 이런 분석 능력을 통해 공법이나 공정관리에도 적용하여 공기를 단축할 수 있도록 하겠습니다.",
                "class": "데이터 기반의 의사결정을 하는,문제해결능력이 뛰어난,자원을 효율적으로 활용하는"
            },
            {
                "index": 2,
                "raw": "\"과감하게 시도하고 끝까지 완수하는 OOO\"\n\no번의 CM 프로젝트를 진행한 경험이 있습니다. 첫 도전에 끝내지 않고 실패의 원인을 분석하고 교수님, 실무자분들께 피드백을 받아 보완하였습니다. 그 결과 oo 프로젝트라는 주제로 15개 팀 중에 전체 2등이라는 성적을 낼 수 있었습니다. 또한, 여기서 멈추지 않고 2021 대학생 OO 경진대회를 준비하여 기존의 한계를 극복하려 하고 있습니다. 업무를 하다가 난관에 부딪히더라도 포기하지 않고 과거 시공 사례 참고 및 사수의 도움을 받으면서 능력을 키우고 끝까지 완수하겠습니다.",
                "class": "지속적인 성장을 추구하는,적극적인"
            },
            {
                "index": 3,
                "raw": "\"최고를 향해 도전하는 열정쟁이\"\n\n건축공학 전공에서 최고가 되기 위해 다음과 같은 노력을 하였습니다. 전공학점 o.oo, 전공학점 oo학점을 이수하였고 o번의 성적장학금을 받았습니다. o번의 직무교육과 o번의 프로젝트를 통해 전공의 이해를 높였습니다. 이론뿐만 아니라 2번의 인턴십을 통해 현장에서의 경험을 쌓았습니다. 제가 맡은 분야에서는 최고가 되려는 열정을 가지고 있습니다. 이런 열정 덕분에 다양한 경험을 하게 되었고 건설산업의 프로세스를 이해할 수 있었습니다. 현대엔지니어링 공사관리에서도 최고가 되기 위해 노력하겠습니다.",
                "class": "지속적인 성장을 추구하는,고도의 자기주도성을 가진,목표를 달성하는 능력을 갖춘"
            }
        ]
    }
}