{
    "meta": {
        "text_raw": "\"저의 강점인 꾸준함과 의사소통 능력으로 핵심 인재로 성장하겠습니다\"\n\n티맥스티베로는 차별화된 아키텍처와 다양한 기능이 반영되어 국내 최고의 데이터베이스 전문 기업입니다. 또한 오라클이 독점해온 TAC(DB 클러스트 기술)을 세계적으로 두 번째로 개발에 성공했습니다. 국내 시장에서 매년 10% 이상의 꾸준한 성장률을 기록하고 있습니다. 앞으로 소프트웨어는 개발도 중요하지만, 소프트웨어 QA 서비스를 통한 지속적인 관리, 운영이 더 중요하다고 생각합니다. 이러한 점에서 고객과 소통할 수 있는 능력이 중요하다고 생각합니다. 저의 강점인 꾸준함과 의사소통 능력을 잘 보여줄 수 있다고 생각하여 티맥스티베로에 지원했습니다.\n\n입사 후 단기적으로는 제가 배운 전공 지식을 실무 화로 다지고 실무에 필요한 지식과 정보를 쌓고 업무에 적응하도록 노력하겠습니다.\n\n중기적으로 신입 사원을 관리하는 중간 지점의 역할을 하겠습니다. 제가 신입 사원이었을 때 겪었던 경험과 고충을 토대로 신입 사원들이 업무에 빠른 적응을 할 수 있도록 도와 인재 양성을 하겠습니다.\n\n장기적으로 QA 직무에 전문성을 가지고 있을 때입니다. 그만큼 맡은 업무에 책임감을 느끼고 꼼꼼하게 DBMS 제품을 검증하여 버그를 최소화하고 문제가 될 수 있는 부분에 대해 미리 고객에게 안내해 이슈를 최소화하여 만족하는 DBMS로 만들겠습니다."
    },
    "anno_text_data": {
        "data": [
            {
                "index": 0,
                "raw": "\"저의 강점인 꾸준함과 의사소통 능력으로 핵심 인재로 성장하겠습니다\"\n\n티맥스티베로는 차별화된 아키텍처와 다양한 기능이 반영되어 국내 최고의 데이터베이스 전문 기업입니다. 또한 오라클이 독점해온 TAC(DB 클러스트 기술)을 세계적으로 두 번째로 개발에 성공했습니다. 국내 시장에서 매년 10% 이상의 꾸준한 성장률을 기록하고 있습니다. 앞으로 소프트웨어는 개발도 중요하지만, 소프트웨어 QA 서비스를 통한 지속적인 관리, 운영이 더 중요하다고 생각합니다. 이러한 점에서 고객과 소통할 수 있는 능력이 중요하다고 생각합니다. 저의 강점인 꾸준함과 의사소통 능력을 잘 보여줄 수 있다고 생각하여 티맥스티베로에 지원했습니다.\n\n입사 후 단기적으로는 제가 배운 전공 지식을 실무 화로 다지고 실무에 필요한 지식과 정보를 쌓고 업무에 적응하도록 노력하겠습니다.\n\n중기적으로 신입 사원을 관리하는 중간 지점의 역할을 하겠습니다. 제가 신입 사원이었을 때 겪었던 경험과 고충을 토대로 신입 사원들이 업무에 빠른 적응을 할 수 있도록 도와 인재 양성을 하겠습니다.\n\n장기적으로 QA 직무에 전문성을 가지고 있을 때입니다. 그만큼 맡은 업무에 책임감을 느끼고 꼼꼼하게 DBMS 제품을 검증하여 버그를 최소화하고 문제가 될 수 있는 부분에 대해 미리 고객에게 안내해 이슈를 최소화하여 만족하는 DBMS로 만들겠습니다.",
                "class": "탄탄한 의사소통 능력을 가진,비전을 제시하는"
            }
        ]
    }
}