{
    "meta": {
        "text_raw": "입사 후 신뢰를 바탕으로 대화제약의 경쟁력을 더욱 높일 수 있도록 기여하고 싶습니다. 이를 위해, 대화제약에서 진행하는 다양한 서비스와 사업의 실질적 내용을 파악하고, 이를 업무와 접목할 수 있도록 꾸준히 학습하여 전문가로 성장해 나아갈 것입니다. 또한, 임직원에게 최고의 경영 환경을 제공할 방법을 제시하기 위해 늘 고민하겠습니다. 이에 임직원들이 겪는 불편 사항과 니즈가 무엇인지 다양한 커뮤니케이션을 통하여 파악하고, 개선하여 기업의 모든 업무들이 원활하게 운영될 수 있도록 만들고 싶습니다. 더 나아가, 형평성과 공평성의 균형을 갖춘 인사, 총무 담당자로 성장하겠습니다. 모두가 만족할 수 있는 것과 우수한 자를 위한 것의 조화를 이룰 수 있는 제도를 구축하여 모든 대화제약인이 만족하는 기업이 되도록 노력하겠습니다."
    },
    "anno_text_data": {
        "data": [
            {
                "index": 0,
                "raw": "입사 후 신뢰를 바탕으로 대화제약의 경쟁력을 더욱 높일 수 있도록 기여하고 싶습니다. 이를 위해, 대화제약에서 진행하는 다양한 서비스와 사업의 실질적 내용을 파악하고, 이를 업무와 접목할 수 있도록 꾸준히 학습하여 전문가로 성장해 나아갈 것입니다. 또한, 임직원에게 최고의 경영 환경을 제공할 방법을 제시하기 위해 늘 고민하겠습니다. 이에 임직원들이 겪는 불편 사항과 니즈가 무엇인지 다양한 커뮤니케이션을 통하여 파악하고, 개선하여 기업의 모든 업무들이 원활하게 운영될 수 있도록 만들고 싶습니다. 더 나아가, 형평성과 공평성의 균형을 갖춘 인사, 총무 담당자로 성장하겠습니다. 모두가 만족할 수 있는 것과 우수한 자를 위한 것의 조화를 이룰 수 있는 제도를 구축하여 모든 대화제약인이 만족하는 기업이 되도록 노력하겠습니다.",
                "class": "문제해결능력이 뛰어난,다양한 의견을 수렴하는,탄탄한 의사소통 능력을 가진,지속적인 성장을 추구하는,비즈니스 마인드를 갖춘"
            }
        ]
    }
}