{
    "meta": {
        "text_raw": "프로그래밍 언어/A0/1학년 때 처음으로 C언어 수업을 듣고 게임을 제작하는 프로젝트를 진행하였습니다. 게임을 제작하는 것은 어려웠지만 하나씩 기능을 완성하며 얻는 성취감이 프로그래밍에 흥미를 느끼게 만들었습니다.\n\n객체지향언어/B0/해당 수업을 들었을 때에는 C 언어를 완벽하게 이해하지 못한 상태였기 때문에 객체지향언어가 생소하게 느껴졌습니다. 하지만 4학년 때 졸업 프로젝트로 Java를 사용한 수화 번역기를 개발하면서 객체지향 프로그래밍에 매력을 느끼게 되었고, Java 기반 개발 방법론을 찾아보던 중 웹 개발에 대해 관심을 갖게 되었습니다.\n\n데이터베이스/A0/개체, 관계, 속성의 개념에 대해 이해 할 수 있게된 수업이었습니다. 이해한 개념들을 바탕으로 개체들 사이의 일대일, 다대일, 다대다 관계를 파악하고 ERD를 그리는 방법을 터득할 수 있었습니다. 또한, SQL을 사용하여 DB 데이터를 CRUD 하며, INNER JOIN, LEFT/RIGHT OUTER JOIN에 대해 이해하고 Query를 작성할 수 있게 되었습니다.\n\n자료구조/B+/배열 스택 큐 트리 및 그래프 등에 대한 다양한 자료구조의 설계 및 구현 방식에 대해 배울 수 있었습니다. 이러한 자료구조가 어떠한 상황에 적용될 수 있는지 알고리즘의 예도 학습하며 기초를 탄탄히 갖출 수 있는 수업이었습니다.\n\n알고리즘 분석/A+/해당 수업을 통해 알고리즘 표기법, 정렬, 탐색, 그래프 등을 이해할 수 있었다. 다양한 자료구조를 사용하여 상황에 따라 문제를 해결하기 위한 효율적인 알고리즘을 선택하는 방법을 학습하였습니다."
    },
    "anno_text_data": {
        "data": [
            {
                "index": 0,
                "raw": "프로그래밍 언어/A0/1학년 때 처음으로 C언어 수업을 듣고 게임을 제작하는 프로젝트를 진행하였습니다. 게임을 제작하는 것은 어려웠지만 하나씩 기능을 완성하며 얻는 성취감이 프로그래밍에 흥미를 느끼게 만들었습니다.\n\n객체지향언어/B0/해당 수업을 들었을 때에는 C 언어를 완벽하게 이해하지 못한 상태였기 때문에 객체지향언어가 생소하게 느껴졌습니다. 하지만 4학년 때 졸업 프로젝트로 Java를 사용한 수화 번역기를 개발하면서 객체지향 프로그래밍에 매력을 느끼게 되었고, Java 기반 개발 방법론을 찾아보던 중 웹 개발에 대해 관심을 갖게 되었습니다.\n\n데이터베이스/A0/개체, 관계, 속성의 개념에 대해 이해 할 수 있게된 수업이었습니다. 이해한 개념들을 바탕으로 개체들 사이의 일대일, 다대일, 다대다 관계를 파악하고 ERD를 그리는 방법을 터득할 수 있었습니다. 또한, SQL을 사용하여 DB 데이터를 CRUD 하며, INNER JOIN, LEFT/RIGHT OUTER JOIN에 대해 이해하고 Query를 작성할 수 있게 되었습니다.\n\n자료구조/B+/배열 스택 큐 트리 및 그래프 등에 대한 다양한 자료구조의 설계 및 구현 방식에 대해 배울 수 있었습니다. 이러한 자료구조가 어떠한 상황에 적용될 수 있는지 알고리즘의 예도 학습하며 기초를 탄탄히 갖출 수 있는 수업이었습니다.\n\n알고리즘 분석/A+/해당 수업을 통해 알고리즘 표기법, 정렬, 탐색, 그래프 등을 이해할 수 있었다. 다양한 자료구조를 사용하여 상황에 따라 문제를 해결하기 위한 효율적인 알고리즘을 선택하는 방법을 학습하였습니다.",
                "class": "지속적인 성장을 추구하는"
            }
        ]
    }
}