{
    "meta": {
        "text_raw": "저는 두 가지 강점을 가지고 있습니다.\n\n첫째, 데이터 분석 툴에 익숙합니다.\n\n엑셀에 능숙합니다. \"OOO\" 스타트업에서 인턴 생활을 하며 \"vlook up\", \"count\" 등 함수를 활용하는, 엑셀에 익숙해 질 수 있었습니다. 또한 mos excel를 취득하며 다양한 엑셀 함수에 대해 공부했습니다.\n다음으로, SPSS 입니다. 학부 수업에서 PCA, 요인 분석 등 빅데이터 분석에 필요한 다양한 기법들을 실습했습니다. 통계 전공인 \"표본론\" 에서는 적절한 표본을 추출하는 방법과 추출된 표본들의 대표성 검정법 등을 SPSS로 실습했습니다.\n마지막으로, R입니다. \"다변량 분석\",\"범주형 자료 분석\" 등 통계 이론과 R 실습을 함께 배웠습니다. 또한 빅데이터 과정에서 분류 분석 등 정형 데이터 실습 뿐 아니라 비정형 데이터인 SNS 데이터 분석 기법을 배웠습니다.\n\n둘째, 마케팅 기획안 작성 경험이 많아 최신 트렌드에 민감하고 그에 맞춰 적절한 전략을 수립하는 데에 강점이 있습니다.\n\nOOO 컨설팅의 연구원으로서 OOO OOOO에 상권 실사를 나가게 되었습니다. 환경분석과 소상공인들의 설문조사를 통해, \"손님들이 SNS에서 유명한 맛집만 왔다가 다른 곳으로 간다\"는 사실을 알게 되었습니다. 저는 \"얼마나 예쁜가\"가 당시 유행하는 트렌드임을 인지했습니다. 그래서 전체 상권의 매력도를 높여 관광객들이 맛집 뿐 아니라 놀거리, 산책 등을 통해서 OOOO에 머무는 시간을 높이면 어떨까 라는 생각을 하게 되었습니다. 따라서 해리단길의 전체 분위기를 바꾸기 위해 벽화 꾸미기와 OOOO 만을 나타내는 포토존 만드는 것을 제안하게 되었습니다.\n\n저는 LG 디스플레이 TV 사업부 마케터로써, 소비자의 마음 속에 잠재되어 있는 소비욕구를 뽑아낼 수 있도록 조사 설계하고 최적화된 분석을 할 것입니다. 이를 통해 소비 수요를 창출하고 시장 트렌드를 선도하는 LG 디스플레이가 될 수 있도록 최선을 다하겠습니다."
    },
    "anno_text_data": {
        "data": [
            {
                "index": 0,
                "raw": "저는 두 가지 강점을 가지고 있습니다.\n\n첫째, 데이터 분석 툴에 익숙합니다.\n\n엑셀에 능숙합니다. \"OOO\" 스타트업에서 인턴 생활을 하며 \"vlook up\", \"count\" 등 함수를 활용하는, 엑셀에 익숙해 질 수 있었습니다. 또한 mos excel를 취득하며 다양한 엑셀 함수에 대해 공부했습니다.\n다음으로, SPSS 입니다. 학부 수업에서 PCA, 요인 분석 등 빅데이터 분석에 필요한 다양한 기법들을 실습했습니다. 통계 전공인 \"표본론\" 에서는 적절한 표본을 추출하는 방법과 추출된 표본들의 대표성 검정법 등을 SPSS로 실습했습니다.\n마지막으로, R입니다. \"다변량 분석\",\"범주형 자료 분석\" 등 통계 이론과 R 실습을 함께 배웠습니다. 또한 빅데이터 과정에서 분류 분석 등 정형 데이터 실습 뿐 아니라 비정형 데이터인 SNS 데이터 분석 기법을 배웠습니다.",
                "class": "지속적인 성장을 추구하는"
            },
            {
                "index": 1,
                "raw": "둘째, 마케팅 기획안 작성 경험이 많아 최신 트렌드에 민감하고 그에 맞춰 적절한 전략을 수립하는 데에 강점이 있습니다.\n\nOOO 컨설팅의 연구원으로서 OOO OOOO에 상권 실사를 나가게 되었습니다. 환경분석과 소상공인들의 설문조사를 통해, \"손님들이 SNS에서 유명한 맛집만 왔다가 다른 곳으로 간다\"는 사실을 알게 되었습니다. 저는 \"얼마나 예쁜가\"가 당시 유행하는 트렌드임을 인지했습니다. 그래서 전체 상권의 매력도를 높여 관광객들이 맛집 뿐 아니라 놀거리, 산책 등을 통해서 OOOO에 머무는 시간을 높이면 어떨까 라는 생각을 하게 되었습니다. 따라서 해리단길의 전체 분위기를 바꾸기 위해 벽화 꾸미기와 OOOO 만을 나타내는 포토존 만드는 것을 제안하게 되었습니다.\n\n저는 LG 디스플레이 TV 사업부 마케터로써, 소비자의 마음 속에 잠재되어 있는 소비욕구를 뽑아낼 수 있도록 조사 설계하고 최적화된 분석을 할 것입니다. 이를 통해 소비 수요를 창출하고 시장 트렌드를 선도하는 LG 디스플레이가 될 수 있도록 최선을 다하겠습니다.",
                "class": "데이터 기반의 의사결정을 하는,유연한 사고를 가진"
            }
        ]
    }
}