{
    "meta": {
        "text_raw": "\"아무것도 하지 않으면 아무 일도 일어나지 않지만 무언가를 도전하면 반드시 변화가 있다.\"\n\n횟집 홀 서빙 아르바이트를 3년간 하면서 한 달 매출이 일, 월, 화, 수, 목요일은 보통 평균 100만 원에서 200만 원이 나왔습니다. 금, 토요일은 200만 원에서 300만 원 정도 나왔었습니다. 하지만 코로나로 인해서 가게에 인원 제한 및 시간제한이 생기면서 매출이 반으로 줄어들었습니다. 제가 일했던 가게는 주로 홀에서 매출이 나왔고 배달은 하루에 평균 5개 정도였습니다.\n매출을 올리기 위해서 생각을 해본 결과 학교 주변에서 장사하는 가게이다 보니까 주변에 혼자서 자취하는 학생들이 많았습니다. 배달을 주문하면 혼자서 먹기에는 너무 많은 양이었습니다. 사장님께 배달 메뉴에 1인 메뉴를 추가해서 팔자고 제안을 하고 같이 나가는 기본 반찬을 더 추가하자고 했습니다. 기본 반찬의 경우 손님들이 가게에 찾아올 때 찾는 백김치와 염교, 쌈장을 추가하고 리뷰이벤트로는 손님이 맛있다고 하는 새우튀김을 2개 제공하자고 제안했습니다. 이렇게 1인 메뉴와 기본 반찬 및 리뷰이벤트를 추가했습니다. 평소 배달이 5~10개 정도 들어오던 것이 시간이 점차 지나 평일에는 30~40개 주말에는 약 60개가 들어오면서 코로나 전에 매출과 비슷해졌습니다.\n\n비록 배달비와 기본 반찬 추가 및 리뷰 이벤트로 인한 재룟값으로 순이익은 코로나 전보다는 줄어들었지만, 매출은 비슷하게 나왔습니다. 시간이 지나 코로나가 완화된다면 매출은 더욱 늘어날 것이라고 생각합니다."
    },
    "anno_text_data": {
        "data": [
            {
                "index": 0,
                "raw": "\"아무것도 하지 않으면 아무 일도 일어나지 않지만 무언가를 도전하면 반드시 변화가 있다.\"\n\n횟집 홀 서빙 아르바이트를 3년간 하면서 한 달 매출이 일, 월, 화, 수, 목요일은 보통 평균 100만 원에서 200만 원이 나왔습니다. 금, 토요일은 200만 원에서 300만 원 정도 나왔었습니다. 하지만 코로나로 인해서 가게에 인원 제한 및 시간제한이 생기면서 매출이 반으로 줄어들었습니다. 제가 일했던 가게는 주로 홀에서 매출이 나왔고 배달은 하루에 평균 5개 정도였습니다.\n매출을 올리기 위해서 생각을 해본 결과 학교 주변에서 장사하는 가게이다 보니까 주변에 혼자서 자취하는 학생들이 많았습니다. 배달을 주문하면 혼자서 먹기에는 너무 많은 양이었습니다. 사장님께 배달 메뉴에 1인 메뉴를 추가해서 팔자고 제안을 하고 같이 나가는 기본 반찬을 더 추가하자고 했습니다. 기본 반찬의 경우 손님들이 가게에 찾아올 때 찾는 백김치와 염교, 쌈장을 추가하고 리뷰이벤트로는 손님이 맛있다고 하는 새우튀김을 2개 제공하자고 제안했습니다. 이렇게 1인 메뉴와 기본 반찬 및 리뷰이벤트를 추가했습니다. 평소 배달이 5~10개 정도 들어오던 것이 시간이 점차 지나 평일에는 30~40개 주말에는 약 60개가 들어오면서 코로나 전에 매출과 비슷해졌습니다.\n\n비록 배달비와 기본 반찬 추가 및 리뷰 이벤트로 인한 재룟값으로 순이익은 코로나 전보다는 줄어들었지만, 매출은 비슷하게 나왔습니다. 시간이 지나 코로나가 완화된다면 매출은 더욱 늘어날 것이라고 생각합니다.",
                "class": "창의력을 가진,문제해결능력이 뛰어난,적응력이 높은,적극적인"
            }
        ]
    }
}