{
    "meta": {
        "text_raw": "\"디스플레이: 함께의 가치\"\n\n저는 일손이 부족한 농촌에서 농산물을 효과적으로 재배할 수 있는 QLED&IOT 디스플레이를 생각해 보았습니다. 2000년대 이후 많은 산업화와 도시화가 진행됨에 따라 일자리를 얻기 위해 젊은 인구 층이 대도시로 진출하고, 시골에는 나이 많으신 어른들만 남는 이촌향도 현상이 뚜렷하게 나타나고 있습니다. 더군다나 작년에는 코로나로 부족한 일손을 도와주는 외국인 인부들이 고국으로 돌아가 지방 작업인력이 부족한 상황이 발생하였습니다. 그 결과 농협 기준 대파의 가격은 3배 넘게 급등하였고 사과 역시 50% 넘게 올랐습니다. 서울시는 이를 해결하기 위해 일손이 부족해 어려움을 겪고 있는 농촌 지역 농가에 서울시민을 연결해주는 서울-농촌 일손 교류 프로젝트를 시작하였습니다. 농촌에 일손이 되는 것은 분명한 도움이 될 수 있지만 저는 전문화된 농업지식을 바탕으로 농가를 돕는다면 더욱 효율적이라 생각하였습니다. 그래서 논과 밭 입구에 자체발광 QLED&IOT 디스플레이가 있으면 어떨까 하는 상상을 해보았습니다.\n\n디스플레이는 첫 번째로 바람의 세기, 습도, 온도, 새벽에 야생동물의 피해 정보를 농산물과 같은 시점으로 디스플레이가 보고 기록합니다. 두번째로 QLED에 탑재된 인공지능프로세서 메모리 반도체 HBM-PIM가 빅데이터를 기반으로 분석하고 농민들에게 전날 기록된 데이터를 보고하게 됩니다. 이를 통해 농부들은 데이터를 보며 효과적으로 업무의 방향을 설정하고 농가를 돕는 일꾼들에게도 효율적인 업무를 분배하며 농가의 일손 부족문제를 해결할 수 있을 것으로 생각합니다.\n\n우리는 많은 시간을 디스플레이와 함께하고 있습니다. 즉 일상생활 속에 디스플레이가 꼭 필요하고 많은 도움을 받고 있다는 뜻을 말해주기도 합니다. 저는 여기에 더해 디스플레이를 통해 사회문제를 해결하고 싶습니다. 빠르게 발전하는 기술에 비해 습득하는 속도가 느린 사회 취약계층분들에게 필요한 기술을 연구하고 제품을 개발하며 사회문제 해결에 기여하는 도전적인 인재가 되겠습니다."
    },
    "anno_text_data": {
        "data": [
            {
                "index": 0,
                "raw": "\"디스플레이: 함께의 가치\"\n\n저는 일손이 부족한 농촌에서 농산물을 효과적으로 재배할 수 있는 QLED&IOT 디스플레이를 생각해 보았습니다. 2000년대 이후 많은 산업화와 도시화가 진행됨에 따라 일자리를 얻기 위해 젊은 인구 층이 대도시로 진출하고, 시골에는 나이 많으신 어른들만 남는 이촌향도 현상이 뚜렷하게 나타나고 있습니다. 더군다나 작년에는 코로나로 부족한 일손을 도와주는 외국인 인부들이 고국으로 돌아가 지방 작업인력이 부족한 상황이 발생하였습니다. 그 결과 농협 기준 대파의 가격은 3배 넘게 급등하였고 사과 역시 50% 넘게 올랐습니다. 서울시는 이를 해결하기 위해 일손이 부족해 어려움을 겪고 있는 농촌 지역 농가에 서울시민을 연결해주는 서울-농촌 일손 교류 프로젝트를 시작하였습니다. 농촌에 일손이 되는 것은 분명한 도움이 될 수 있지만 저는 전문화된 농업지식을 바탕으로 농가를 돕는다면 더욱 효율적이라 생각하였습니다. 그래서 논과 밭 입구에 자체발광 QLED&IOT 디스플레이가 있으면 어떨까 하는 상상을 해보았습니다.\n\n디스플레이는 첫 번째로 바람의 세기, 습도, 온도, 새벽에 야생동물의 피해 정보를 농산물과 같은 시점으로 디스플레이가 보고 기록합니다. 두번째로 QLED에 탑재된 인공지능프로세서 메모리 반도체 HBM-PIM가 빅데이터를 기반으로 분석하고 농민들에게 전날 기록된 데이터를 보고하게 됩니다. 이를 통해 농부들은 데이터를 보며 효과적으로 업무의 방향을 설정하고 농가를 돕는 일꾼들에게도 효율적인 업무를 분배하며 농가의 일손 부족문제를 해결할 수 있을 것으로 생각합니다.\n\n우리는 많은 시간을 디스플레이와 함께하고 있습니다. 즉 일상생활 속에 디스플레이가 꼭 필요하고 많은 도움을 받고 있다는 뜻을 말해주기도 합니다. 저는 여기에 더해 디스플레이를 통해 사회문제를 해결하고 싶습니다. 빠르게 발전하는 기술에 비해 습득하는 속도가 느린 사회 취약계층분들에게 필요한 기술을 연구하고 제품을 개발하며 사회문제 해결에 기여하는 도전적인 인재가 되겠습니다.",
                "class": "창의력을 가진,데이터 기반의 의사결정을 하는,선한 영향력을 행사하는"
            }
        ]
    }
}