{
    "meta": {
        "text_raw": "“변화에 맞설 수 있는 건 꾸준한 발전뿐”\n\n디스플레이 분야는 폼팩터나 재료 측면에서 끊임없이 변화하는 분야로 현재에 안주하지 않고 항상 발전을 멈추지 않아야 합니다. 특히 차세대 디스플레이 기술의 개발을 담당하고 있는 IT사업부 패널분야라면 그 중요성은 더욱 클 것입니다. 패널에 대한 꾸준한 관심을 가지고 지식과 경험을 쌓아왔으며 이러한 노력이 가져다주는 성취의 즐거움을 아는 사람입니다.\n\n패널 소자와 장비에 대한 관심은 고등학교 재학 당시 ‘전이금속 산화물 박막 증착 및 특성 분석’을 주제로 소논문을 작성하면서 시작됐으며 그 관심은 ‘물리전자’, ‘전기전자재료및초전도’ 등의 과목을 수강하며 확신이 됐습니다. 수업 중 ‘OLED에 사용되는 LTPS, IGZO, LTPO TFT’를 주제로 팀프로젝트를 진행하면서 LTPO TFT의 상용화가 바로 몇 달 전에 처음 이루어졌다는 사실을 알게 되었습니다. 수업시간에 이론으로만 배운 내용이 현업에서도 활발하게 쓰이고 있는 기술임을 알게 됐을 때 쾌감이 느껴졌습니다. 하루가 다르게 기술이 발전하는 이 시대에 그 변화의 최전방에서 시대를 이끌어가고 싶다는 생각이 설렘을 불러왔기 때문이었습니다.\n\n이는 공부에 있어서 좋은 동력으로 작용했습니다. 수업에서 배우고 있는 ALD, oxide TFT 등의 이론 하나하나가 살아있는 지식이라는 생각이 들었습니다. 지금 배우고 있는 것들이 현업에 뛰어들기 전 마지막으로 볼 수 있는 지침서처럼 느껴졌고 놓칠 수 없는 소중한 기회로 다가왔습니다. 그 결과 두 과목 모두에서 A+라는 좋은 성적을 얻을 수 있었습니다. 이후 현업에서 직접 참여하여 성과를 내보고 싶다는 생각이 들었고 그 갈증을 해소하고자 삼성전자에서 진행하는 장기현장실습에 참여해 SiO2 물성 분석을 위한 모델을 직접 구현해보기도 했습니다.\n\n이처럼 관심을 단순한 관심에서 그치지 않고 역량으로 만들기 위해 꾸준히 지식과 경험을 쌓아왔습니다. 아직 남아있는 성취에 대한 갈증을 LG디스플레이 IT사업부 패널분야에서 쏟아내고 싶습니다."
    },
    "anno_text_data": {
        "data": [
            {
                "index": 0,
                "raw": "“변화에 맞설 수 있는 건 꾸준한 발전뿐”\n\n디스플레이 분야는 폼팩터나 재료 측면에서 끊임없이 변화하는 분야로 현재에 안주하지 않고 항상 발전을 멈추지 않아야 합니다. 특히 차세대 디스플레이 기술의 개발을 담당하고 있는 IT사업부 패널분야라면 그 중요성은 더욱 클 것입니다. 패널에 대한 꾸준한 관심을 가지고 지식과 경험을 쌓아왔으며 이러한 노력이 가져다주는 성취의 즐거움을 아는 사람입니다.\n\n패널 소자와 장비에 대한 관심은 고등학교 재학 당시 ‘전이금속 산화물 박막 증착 및 특성 분석’을 주제로 소논문을 작성하면서 시작됐으며 그 관심은 ‘물리전자’, ‘전기전자재료및초전도’ 등의 과목을 수강하며 확신이 됐습니다. 수업 중 ‘OLED에 사용되는 LTPS, IGZO, LTPO TFT’를 주제로 팀프로젝트를 진행하면서 LTPO TFT의 상용화가 바로 몇 달 전에 처음 이루어졌다는 사실을 알게 되었습니다. 수업시간에 이론으로만 배운 내용이 현업에서도 활발하게 쓰이고 있는 기술임을 알게 됐을 때 쾌감이 느껴졌습니다. 하루가 다르게 기술이 발전하는 이 시대에 그 변화의 최전방에서 시대를 이끌어가고 싶다는 생각이 설렘을 불러왔기 때문이었습니다.\n\n이는 공부에 있어서 좋은 동력으로 작용했습니다. 수업에서 배우고 있는 ALD, oxide TFT 등의 이론 하나하나가 살아있는 지식이라는 생각이 들었습니다. 지금 배우고 있는 것들이 현업에 뛰어들기 전 마지막으로 볼 수 있는 지침서처럼 느껴졌고 놓칠 수 없는 소중한 기회로 다가왔습니다. 그 결과 두 과목 모두에서 A+라는 좋은 성적을 얻을 수 있었습니다. 이후 현업에서 직접 참여하여 성과를 내보고 싶다는 생각이 들었고 그 갈증을 해소하고자 삼성전자에서 진행하는 장기현장실습에 참여해 SiO2 물성 분석을 위한 모델을 직접 구현해보기도 했습니다.\n\n이처럼 관심을 단순한 관심에서 그치지 않고 역량으로 만들기 위해 꾸준히 지식과 경험을 쌓아왔습니다. 아직 남아있는 성취에 대한 갈증을 LG디스플레이 IT사업부 패널분야에서 쏟아내고 싶습니다.",
                "class": "지속적인 성장을 추구하는,고도의 자기주도성을 가진,비즈니스 마인드를 갖춘"
            }
        ]
    }
}