{
    "meta": {
        "text_raw": "\"건강한 대기환경에 기여하다\"\n\n한국지역난방공사에서 매년 미세먼지 배출 감소를 위해 역량을 집중 중이라는 뉴스 기사를 접할 수 있었습니다. 질소산화물 저감을 위해 저녹스 버너를 개체하고 황산화물 저감을 위해서 탈황설비를 추가로 설치하는 등 공사에서는 국민의 건강한 대기환경을 위해 노력하고 있습니다.\n\n따라서 대기오염방지를 꾀하면서 친환경에너지를 생산하는 것이 공사의 목표이며 국민과 함께 세상을 가꾸는 친환경 에너지 리더라는 공사의 비전에 맞는 행동일 것입니다. 아쉬운점 1그러므로 이러한 전기설비들의 철저한 관리 및 보수의 중요성은 매우 높아질 것입니다. 제가 한국지역난방공사에 입사하게 된다면 전기기능사 취득을 위해 학습한 전기이론을 학습한 경험과 과에서 보유한 전기장비와 공구를 관리하기 위한 방법을 연구한 저의 경험을 바탕으로 공사의 건강한 대기환경이라는 목표에 이바지하도록 하겠습니다."
    },
    "anno_text_data": {
        "data": [
            {
                "index": 0,
                "raw": "\"건강한 대기환경에 기여하다\"\n\n한국지역난방공사에서 매년 미세먼지 배출 감소를 위해 역량을 집중 중이라는 뉴스 기사를 접할 수 있었습니다. 질소산화물 저감을 위해 저녹스 버너를 개체하고 황산화물 저감을 위해서 탈황설비를 추가로 설치하는 등 공사에서는 국민의 건강한 대기환경을 위해 노력하고 있습니다.\n\n따라서 대기오염방지를 꾀하면서 친환경에너지를 생산하는 것이 공사의 목표이며 국민과 함께 세상을 가꾸는 친환경 에너지 리더라는 공사의 비전에 맞는 행동일 것입니다. 아쉬운점 1그러므로 이러한 전기설비들의 철저한 관리 및 보수의 중요성은 매우 높아질 것입니다. 제가 한국지역난방공사에 입사하게 된다면 전기기능사 취득을 위해 학습한 전기이론을 학습한 경험과 과에서 보유한 전기장비와 공구를 관리하기 위한 방법을 연구한 저의 경험을 바탕으로 공사의 건강한 대기환경이라는 목표에 이바지하도록 하겠습니다.",
                "class": "선한 영향력을 행사하는"
            }
        ]
    }
}