{
    "meta": {
        "text_raw": "CJ제일제당은 ‘믿고 먹는 CJ’라는 별명이 있습니다. 신제품이 나와도 높은 브랜드 가치와 충성도를 기반으로 고객들이 구매하게 된다는 뜻입니다. 이는 지속적인 시장 분석과 고객과의 커뮤니케이션으로 만든 신뢰의 결과입니다. 이 신뢰를 재무적으로 이어지게 하는 재무/회계 전문가가 되고 싶습니다. 재무적 신뢰는 흔들림 없는 내부 구조에서 시작합니다. 식품 산업 군의 특성상 다양한 변화 요인이 존재하기 때문에 모든 이슈를 파악하는 전문가가 필요합니다. 이런 전문가가 되기 위해 단계별 성장을 계획하겠습니다.\n\n첫 번째 보유 역량을 기반으로 한 업무 처리를 하겠습니다. 이를 통해 정보이용자들의 의사결정을 지원하여 신뢰를 쌓겠습니다.\n두 번째 넓은 시각을 가지겠습니다. 금융위원회의 ‘2021년 녹색금융 추진안’ 발표는 2030년 코스피 기업의 기후 리스크 관련 정보 공시를 의무화했습니다. ESG 경영의 중요성이 증대됨에 따라 재경 부문에서도 변화에 대응하는 능력을 갖춰야 합니다. 이처럼 기업 외부 요인을 분석하여 재무구조에 적용하겠습니다.\n\n마지막, 발생한 리스크를 회복하겠습니다. CJ제일제당이 13기 700억의 손실에서 14기 3,400억 이익으로 재무 리스크를 극복한 것처럼 어떤 요인의 위험이 발생해도 다시 회복하는 것이 재무/회계 전문가의 역할입니다. 재무부문 내의 집단지성 활용, CJ제일제당의 영업활동 및 부채의 현황 등을 파악하는 전문성과 사고력을 갖추겠습니다.\n\n재무적 신뢰 구축으로 고객과 투자자 모두의 만족을 극대화하는 것이 저의 목표입니다. 각 계획의 실천으로 CJ제일제당의 재무/회계 전문가로 성장하겠습니다."
    },
    "anno_text_data": {
        "data": [
            {
                "index": 0,
                "raw": "CJ제일제당은 ‘믿고 먹는 CJ’라는 별명이 있습니다. 신제품이 나와도 높은 브랜드 가치와 충성도를 기반으로 고객들이 구매하게 된다는 뜻입니다. 이는 지속적인 시장 분석과 고객과의 커뮤니케이션으로 만든 신뢰의 결과입니다. 이 신뢰를 재무적으로 이어지게 하는 재무/회계 전문가가 되고 싶습니다. 재무적 신뢰는 흔들림 없는 내부 구조에서 시작합니다. 식품 산업 군의 특성상 다양한 변화 요인이 존재하기 때문에 모든 이슈를 파악하는 전문가가 필요합니다. 이런 전문가가 되기 위해 단계별 성장을 계획하겠습니다.\n\n첫 번째 보유 역량을 기반으로 한 업무 처리를 하겠습니다. 이를 통해 정보이용자들의 의사결정을 지원하여 신뢰를 쌓겠습니다.\n두 번째 넓은 시각을 가지겠습니다. 금융위원회의 ‘2021년 녹색금융 추진안’ 발표는 2030년 코스피 기업의 기후 리스크 관련 정보 공시를 의무화했습니다. ESG 경영의 중요성이 증대됨에 따라 재경 부문에서도 변화에 대응하는 능력을 갖춰야 합니다. 이처럼 기업 외부 요인을 분석하여 재무구조에 적용하겠습니다.\n\n마지막, 발생한 리스크를 회복하겠습니다. CJ제일제당이 13기 700억의 손실에서 14기 3,400억 이익으로 재무 리스크를 극복한 것처럼 어떤 요인의 위험이 발생해도 다시 회복하는 것이 재무/회계 전문가의 역할입니다. 재무부문 내의 집단지성 활용, CJ제일제당의 영업활동 및 부채의 현황 등을 파악하는 전문성과 사고력을 갖추겠습니다.\n\n재무적 신뢰 구축으로 고객과 투자자 모두의 만족을 극대화하는 것이 저의 목표입니다. 각 계획의 실천으로 CJ제일제당의 재무/회계 전문가로 성장하겠습니다.",
                "class": "유연한 사고를 가진,비즈니스 마인드를 갖춘"
            }
        ]
    }
}