{
    "meta": {
        "text_raw": "최근 생활가전 분야에서 큰 관심사항은 스마트가 전/홈이며, LG전자 역시 ThinQ를 서비스하고 있으며, 의장사로써 HCA 표준화를 이끌며, 동시의 Matter 개발 및 표준 제정에 적극 참여하고 있습니다. 또한 오는 11월부터 일부 가전 라인업에 대해 표준 연동을 할 예정입니다.\nH&A 사업부에 입사하여 ThinQ 표준화에 참여하여 개선된 경험을 통해 타 플랫폼 사용자들이 LG전자 가전 사용에 만족하고, 다른 가전을 구매할 때 LG전자 제품을 우선 고려할 수 있게 만들고 싶습니다. 동시에 UP가 전과 같이 LG ThinQ만의 기능 제공에도 참여하여, LG전자 가전을 이용한 사용자들이라면 ThinQ 플랫폼을 사용하게 만들고 싶습니다. 이를 통해 최종적으로 가전의 측면과 플랫폼의 측면에서 고객들의 LG전자에 대한 낙인 효과와 충성심을 이끌고 싶습니다.\n알고리즘에 대한 학습을 지속하여 제품 개발에 있어서 최적화에 기여하고 싶으며, 동료들과 나눔으로써 동료/회사 개발에 함께하고 싶습니다."
    },
    "anno_text_data": {
        "data": [
            {
                "index": 0,
                "raw": "최근 생활가전 분야에서 큰 관심사항은 스마트가 전/홈이며, LG전자 역시 ThinQ를 서비스하고 있으며, 의장사로써 HCA 표준화를 이끌며, 동시의 Matter 개발 및 표준 제정에 적극 참여하고 있습니다. 또한 오는 11월부터 일부 가전 라인업에 대해 표준 연동을 할 예정입니다.\nH&A 사업부에 입사하여 ThinQ 표준화에 참여하여 개선된 경험을 통해 타 플랫폼 사용자들이 LG전자 가전 사용에 만족하고, 다른 가전을 구매할 때 LG전자 제품을 우선 고려할 수 있게 만들고 싶습니다. 동시에 UP가 전과 같이 LG ThinQ만의 기능 제공에도 참여하여, LG전자 가전을 이용한 사용자들이라면 ThinQ 플랫폼을 사용하게 만들고 싶습니다. 이를 통해 최종적으로 가전의 측면과 플랫폼의 측면에서 고객들의 LG전자에 대한 낙인 효과와 충성심을 이끌고 싶습니다.\n알고리즘에 대한 학습을 지속하여 제품 개발에 있어서 최적화에 기여하고 싶으며, 동료들과 나눔으로써 동료/회사 개발에 함께하고 싶습니다.",
                "class": "비전을 제시하는"
            }
        ]
    }
}