{
    "meta": {
        "text_raw": "건국대학교 병원은 고령시대를 대비한 시니어 친화 병원을 도입하였습니다. 어르신 도움센터의 동행서비스 운영은 환자의 입장에서 환자의 편의를 생각하는 병원임을 느낄 수 있었습니다. 다른 병원에서는 볼 수 없는 지하철역에서의 빠른 원내 접근, 물품보관소 및 휴대폰 충전소 제공은 환자와 보호자들을 위한 세심한 배려로 느껴졌습니다. 빠르게 변화하는 시대에 맞춰 병원 홈페이지 및 유튜브를 통해 건강 정보를 제공하는 활동을 보았습니다. 병원 전용 어플 서비스를 개발하는 등 다방면으로 고민하고, 연구하는 병원이기 때문에 앞으로가 더욱 기대되는 병원이라 생각합니다.\n\n앞으로는 시대를 리드하는 병원으로서 각국의 환자들을 위한 서비스 또한 환자 맞춤으로 고민하고 서비스를 보다 넓게 제공한다면 재한 외국인들이 가장 먼저 떠올릴 수 있는, 더욱 글로벌한 건국대학교 병원이 될 수 있을 거라 확신합니다."
    },
    "anno_text_data": {
        "data": [
            {
                "index": 0,
                "raw": "건국대학교 병원은 고령시대를 대비한 시니어 친화 병원을 도입하였습니다. 어르신 도움센터의 동행서비스 운영은 환자의 입장에서 환자의 편의를 생각하는 병원임을 느낄 수 있었습니다. 다른 병원에서는 볼 수 없는 지하철역에서의 빠른 원내 접근, 물품보관소 및 휴대폰 충전소 제공은 환자와 보호자들을 위한 세심한 배려로 느껴졌습니다. 빠르게 변화하는 시대에 맞춰 병원 홈페이지 및 유튜브를 통해 건강 정보를 제공하는 활동을 보았습니다. 병원 전용 어플 서비스를 개발하는 등 다방면으로 고민하고, 연구하는 병원이기 때문에 앞으로가 더욱 기대되는 병원이라 생각합니다.\n\n앞으로는 시대를 리드하는 병원으로서 각국의 환자들을 위한 서비스 또한 환자 맞춤으로 고민하고 서비스를 보다 넓게 제공한다면 재한 외국인들이 가장 먼저 떠올릴 수 있는, 더욱 글로벌한 건국대학교 병원이 될 수 있을 거라 확신합니다.",
                "class": "비전을 제시하는"
            }
        ]
    }
}