{
    "meta": {
        "text_raw": "저는 일동제약의 인재상 중 개성과 팀웍을 조화하는 면에서 더 부합한다고 생각합니다. 2016년 8월, 저는 2박 3일간의 지리산 종주를 다녀왔습니다. 인원은 약 18명 정도로 4개 조로 나눴고 한 개 조의 조장을 맡게 되었습니다. 막상 종주를 시작하니 조원 중 체력이 부족한 조원이 첫날부터 체력이 바닥나기 시작했습니다. 첫날을 다리 경련과 어지러움을 겪는 우여곡절 끝에 대피소에 도착했습니다. 하지만, 둘째 날에 그 조원이 더는 못 가겠다고 하였습니다. 이유는 본인의 체력이 많이 떨어져 팀에 해를 끼치기 때문이라고 하였습니다. 하지만 저는 개개인의 완주가 아닌 팀의 완주가 목적이었기에 다독이고 일으켜 다시 출발하였습니다. 다른 팀에 비해 속도도 느리고 쉬는 시간도 많았지만 조금씩 걸어나갔습니다. 힘들 때는 제가 가방을 메어주고 끌어주며 갔습니다. 완주의 목표를 이루었을 때, 그 어떤 등산과 목표를 이룬 것보다 더 뿌듯함과 성취감을 느낄 수 있었습니다. 저는 이처럼 팀웍과 조화를 무엇보다 우선시하여 일동제약의 목표에 함께 걸어나가는 사원이 되겠습니다."
    },
    "anno_text_data": {
        "data": [
            {
                "index": 0,
                "raw": "저는 일동제약의 인재상 중 개성과 팀웍을 조화하는 면에서 더 부합한다고 생각합니다. 2016년 8월, 저는 2박 3일간의 지리산 종주를 다녀왔습니다. 인원은 약 18명 정도로 4개 조로 나눴고 한 개 조의 조장을 맡게 되었습니다. 막상 종주를 시작하니 조원 중 체력이 부족한 조원이 첫날부터 체력이 바닥나기 시작했습니다. 첫날을 다리 경련과 어지러움을 겪는 우여곡절 끝에 대피소에 도착했습니다. 하지만, 둘째 날에 그 조원이 더는 못 가겠다고 하였습니다. 이유는 본인의 체력이 많이 떨어져 팀에 해를 끼치기 때문이라고 하였습니다. 하지만 저는 개개인의 완주가 아닌 팀의 완주가 목적이었기에 다독이고 일으켜 다시 출발하였습니다. 다른 팀에 비해 속도도 느리고 쉬는 시간도 많았지만 조금씩 걸어나갔습니다. 힘들 때는 제가 가방을 메어주고 끌어주며 갔습니다. 완주의 목표를 이루었을 때, 그 어떤 등산과 목표를 이룬 것보다 더 뿌듯함과 성취감을 느낄 수 있었습니다. 저는 이처럼 팀웍과 조화를 무엇보다 우선시하여 일동제약의 목표에 함께 걸어나가는 사원이 되겠습니다.",
                "class": "문제해결능력이 뛰어난,적극적인,고도의 책임감을 가진"
            }
        ]
    }
}