{
    "meta": {
        "text_raw": "‘2018 평창 동계올림픽’ OO 클리닉에서 영어 의료통역 봉사를 하면서 외국인 환자들과 의료진의 가교 역할을 하고, 타 부서와의 소통을 통한 다 학제적 지식을 쌓았습니다. 기상악화로 인한 시설 붕괴 대처와 올림픽 당시 유행했던 노로바이러스 확산 예방에 힘쓰는 등 치료적 환경 조성에 이바지할 수 있었습니다. 이를 통해 의료 상황 속에서 소통뿐만 아니라 위기 상황 시 대처 방법까지 배울 수 있었습니다. 또한 교내 생리학 동아리 활동과 인체 해부학 체험활동을 통하여 인체의 구조를 비롯하여 인체와 관련된 과학적, 생리학적 지식을 다졌습니다. BLS와 KALS 자격증 취득과정을 통해 응급간호를 준비하였고, ‘응급간호학’ 팀 활동에서는 응급상황 시나리오를 개발하고 술기를 수행하였습니다. 이를 바탕으로 동료들과 협업하여 보다 정확하고 신속한 간호를 제공할 수 있습니다."
    },
    "anno_text_data": {
        "data": [
            {
                "index": 0,
                "raw": "‘2018 평창 동계올림픽’ OO 클리닉에서 영어 의료통역 봉사를 하면서 외국인 환자들과 의료진의 가교 역할을 하고, 타 부서와의 소통을 통한 다 학제적 지식을 쌓았습니다. 기상악화로 인한 시설 붕괴 대처와 올림픽 당시 유행했던 노로바이러스 확산 예방에 힘쓰는 등 치료적 환경 조성에 이바지할 수 있었습니다. 이를 통해 의료 상황 속에서 소통뿐만 아니라 위기 상황 시 대처 방법까지 배울 수 있었습니다. 또한 교내 생리학 동아리 활동과 인체 해부학 체험활동을 통하여 인체의 구조를 비롯하여 인체와 관련된 과학적, 생리학적 지식을 다졌습니다. BLS와 KALS 자격증 취득과정을 통해 응급간호를 준비하였고, ‘응급간호학’ 팀 활동에서는 응급상황 시나리오를 개발하고 술기를 수행하였습니다. 이를 바탕으로 동료들과 협업하여 보다 정확하고 신속한 간호를 제공할 수 있습니다.",
                "class": "탄탄한 의사소통 능력을 가진,적응력이 높은,지속적인 성장을 추구하는,고도의 자기주도성을 가진"
            }
        ]
    }
}