{
    "meta": {
        "text_raw": "로나로 인한 펜트업 효과로 LCD 패널의 수요가 증가하고 있습니다. 특히 시장조사업체 위츠뷰에 따르면 모니터용 LCD 패널의 경우 6월 상반월에도 1.3~2.1%의 가격 상승을 보이며, 상승세를 이어가고 있습니다.\n\n그러나 단기적인 LCD 패널 수요의 증가를 이유로 OLED 패널 기술 개발의 중요성을 간과해서는 안 된다고 생각합니다.\n코로나 유행 이전 기존의 시장에서는 중국 디스플레이 업체의 저가 공세로 인해 LCD 패널의 점유율이 계속해서 감소하던 상황이었습니다. 따라서 코로나의 유행이 감소세에 들어가고 펜트업 효과가 사라지고 나면 LCD 패널의 사업성도 함께 사라질 수 있습니다.\n\n또한, 중국 업체들이 OLED 기술에서도 계속해서 발전하고 있는 만큼, OLED 패널 시장에서도 LCD 패널 시장에서와같이 추월당하지 않기 위해서는 빠른 속도로 OLED 패널의 시장 점유율을 선점하여야 한다고 생각합니다. LCD 패널 시장의 경우, 2011년 중국의 LCD 기술 특허 출원 수가 한국을 역전한 7년 뒤부터 시장 점유율이 추월당했습니다. OLED의 경우 2017년 특허 출원 수에서 역전을 당했기 때문에, 만약 시장 흐름이 LCD 패널과 같이 흘러간다면 2024년부터 역전될 가능성이 있습니다.\n\n따라서 장기적인 관점에서 보았을 때, 모니터·노트북용 OLED 패널의 기술을 안정화하고 이를 통해 상용화 시기를 앞당기는 것이 중요한 과제라고 생각합니다. 동일한 화면을 오래 출력하는 IT 기기의 특성상 상용화에서 가장 큰 문제는 번인 현상일 것이라고 생각합니다. 따라서 OLED의 소자 능력을 개선하여 이러한 번인 현상을 해결하는 것이 IT 사업부 패널 분야 근무자의 역할이라고 생각합니다. LG디스플레이가 대형 OLED 패널 분야뿐만 아니라 IT용 OLED 패널 분야에서도 시장을 장악하는 것을 목표로 삼고 이를 위해 함께 달려가는 LG디스플레이의 일원이 되고 싶습니다."
    },
    "anno_text_data": {
        "data": [
            {
                "index": 0,
                "raw": "로나로 인한 펜트업 효과로 LCD 패널의 수요가 증가하고 있습니다. 특히 시장조사업체 위츠뷰에 따르면 모니터용 LCD 패널의 경우 6월 상반월에도 1.3~2.1%의 가격 상승을 보이며, 상승세를 이어가고 있습니다.\n\n그러나 단기적인 LCD 패널 수요의 증가를 이유로 OLED 패널 기술 개발의 중요성을 간과해서는 안 된다고 생각합니다.\n코로나 유행 이전 기존의 시장에서는 중국 디스플레이 업체의 저가 공세로 인해 LCD 패널의 점유율이 계속해서 감소하던 상황이었습니다. 따라서 코로나의 유행이 감소세에 들어가고 펜트업 효과가 사라지고 나면 LCD 패널의 사업성도 함께 사라질 수 있습니다.\n\n또한, 중국 업체들이 OLED 기술에서도 계속해서 발전하고 있는 만큼, OLED 패널 시장에서도 LCD 패널 시장에서와같이 추월당하지 않기 위해서는 빠른 속도로 OLED 패널의 시장 점유율을 선점하여야 한다고 생각합니다. LCD 패널 시장의 경우, 2011년 중국의 LCD 기술 특허 출원 수가 한국을 역전한 7년 뒤부터 시장 점유율이 추월당했습니다. OLED의 경우 2017년 특허 출원 수에서 역전을 당했기 때문에, 만약 시장 흐름이 LCD 패널과 같이 흘러간다면 2024년부터 역전될 가능성이 있습니다.\n\n따라서 장기적인 관점에서 보았을 때, 모니터·노트북용 OLED 패널의 기술을 안정화하고 이를 통해 상용화 시기를 앞당기는 것이 중요한 과제라고 생각합니다. 동일한 화면을 오래 출력하는 IT 기기의 특성상 상용화에서 가장 큰 문제는 번인 현상일 것이라고 생각합니다. 따라서 OLED의 소자 능력을 개선하여 이러한 번인 현상을 해결하는 것이 IT 사업부 패널 분야 근무자의 역할이라고 생각합니다. LG디스플레이가 대형 OLED 패널 분야뿐만 아니라 IT용 OLED 패널 분야에서도 시장을 장악하는 것을 목표로 삼고 이를 위해 함께 달려가는 LG디스플레이의 일원이 되고 싶습니다.",
                "class": "데이터 기반의 의사결정을 하는,적응력이 높은"
            }
        ]
    }
}