{
    "meta": {
        "text_raw": "편리미엄 ; 편리하다면 기꺼이 비용을 더 지불하는 소비성향을 가르키는 말.\n\n많은 사람들은 도보 5분 거리에 있는 편의점이라도, 직접 가기보다는 배달을 통해 먹고는 합니다. 요즘 이슈인 편리미엄에 대한 이야기입니다. 편리미엄이란 편리성과 프리미엄의 합성어로 소비자들은 편리미엄을 추구하며 소비 트렌드를 변화시키고 있습니다. 이전부터 편리미엄 트렌드는 꾸준히 생활속에 녹아들고 있었지만 코로나19라는 특수한 상황에 맞물려 가속화되었습니다. 특히, 앞서 소개했던 편의점 배달과 같은 경우, 코로나19의 재확산과 폭염 등으로 사용 빈도가 큰 폭으로 증가했습니다. 뿐만 아니라 많은 기업들에서 편리미엄 추구를 위해 새로운 서비스를 앞다투어 기획하고 있습니다.\n\n이러한 트렌드에 따라 우리는 5,60대, 즉 베이비부머 세대를 타겟으로 설정하고 마케팅을 펼쳐야 한다고 생각합니다. 밀레니얼 세대도 분명 영향력이 있는 고객이지만 베이비부머 세대는 가장 소비력이 높은 집단입니다. 또한 그들은 지금까지 경험해보지 못한, 새로운 것들을 경험해보고 싶어하고 내 삶이 조금이나마 편리해질 수 있다면 과감하게 지갑을 열고 있습니다. 최근 LG 디스플레이의 OLED가 불티나게 팔렸던 것도 이러한 이유가 아닐까요? QLED와 비교했을 때, 비싸지만 선명한 화질과 색의 재현도가 뛰어난 OLED는 일명 \"편리미엄\"을 추구하는 소비자들에게 색다른 경험을 제공했기 때문에 많은 판매가 이뤄진 것이라고 생각합니다.\n\n더구나 4차 산업혁명이 빠르게 진행되고 있고 있는 요즘, 소비자들은 \"더 편리한\" 무언가를 찾아갈 것입니다. 이와 같은 이유로 LG디스플레이에서는 차량용 디스플레이에 집중하고 있습니다. 4차 산업혁명의 핵심인 완전자율주행이 시행된다면 뒷좌석은 물론 백미러까지도 디스플레이화되어질 것이고 장기적으로 수익을 얻을 수 있는 분야일 것입니다. 저는 앞으로 커질 차량용 디스플레이를 필요로 하는 소비자의 수요를 정확히 분석하여 LG 디스플레이가 최고를 계속 유지할 수 있도록 최선을 다하겠습니다."
    },
    "anno_text_data": {
        "data": [
            {
                "index": 0,
                "raw": "편리미엄 ; 편리하다면 기꺼이 비용을 더 지불하는 소비성향을 가르키는 말.\n\n많은 사람들은 도보 5분 거리에 있는 편의점이라도, 직접 가기보다는 배달을 통해 먹고는 합니다. 요즘 이슈인 편리미엄에 대한 이야기입니다. 편리미엄이란 편리성과 프리미엄의 합성어로 소비자들은 편리미엄을 추구하며 소비 트렌드를 변화시키고 있습니다. 이전부터 편리미엄 트렌드는 꾸준히 생활속에 녹아들고 있었지만 코로나19라는 특수한 상황에 맞물려 가속화되었습니다. 특히, 앞서 소개했던 편의점 배달과 같은 경우, 코로나19의 재확산과 폭염 등으로 사용 빈도가 큰 폭으로 증가했습니다. 뿐만 아니라 많은 기업들에서 편리미엄 추구를 위해 새로운 서비스를 앞다투어 기획하고 있습니다.\n\n이러한 트렌드에 따라 우리는 5,60대, 즉 베이비부머 세대를 타겟으로 설정하고 마케팅을 펼쳐야 한다고 생각합니다. 밀레니얼 세대도 분명 영향력이 있는 고객이지만 베이비부머 세대는 가장 소비력이 높은 집단입니다. 또한 그들은 지금까지 경험해보지 못한, 새로운 것들을 경험해보고 싶어하고 내 삶이 조금이나마 편리해질 수 있다면 과감하게 지갑을 열고 있습니다. 최근 LG 디스플레이의 OLED가 불티나게 팔렸던 것도 이러한 이유가 아닐까요? QLED와 비교했을 때, 비싸지만 선명한 화질과 색의 재현도가 뛰어난 OLED는 일명 \"편리미엄\"을 추구하는 소비자들에게 색다른 경험을 제공했기 때문에 많은 판매가 이뤄진 것이라고 생각합니다.\n\n더구나 4차 산업혁명이 빠르게 진행되고 있고 있는 요즘, 소비자들은 \"더 편리한\" 무언가를 찾아갈 것입니다. 이와 같은 이유로 LG디스플레이에서는 차량용 디스플레이에 집중하고 있습니다. 4차 산업혁명의 핵심인 완전자율주행이 시행된다면 뒷좌석은 물론 백미러까지도 디스플레이화되어질 것이고 장기적으로 수익을 얻을 수 있는 분야일 것입니다. 저는 앞으로 커질 차량용 디스플레이를 필요로 하는 소비자의 수요를 정확히 분석하여 LG 디스플레이가 최고를 계속 유지할 수 있도록 최선을 다하겠습니다.",
                "class": "비즈니스 마인드를 갖춘"
            }
        ]
    }
}