{
    "meta": {
        "text_raw": "\"불일치 0개\"\n\n성취감은 한 번의 행운이 아니라 꾸준하고 성실하게 임해서 원하는 목표에 도달할 때 얻는다고 생각합니다. 저는 OOOO 헬스케어 재고관리 담당자로서 매일 기록하는 재고 수불부를 꼼꼼하게 기입한 결과 12번의 월 마감과 4번의 분기 재고 실사에서 단 한 개의 불일치를 만들지 않았습니다. 당연한 말일 수도 있지만 저는 하루가 쌓여 월, 일 년이 된다고 믿습니다. 하루를 열심히 사는 자세는 1개라도 재고 수불이 불일치한다면 1영업일을 넘기지 않고 불일치 내역을 찾는 절차를 만들게 됐습니다. 하루의 꼼꼼함이 쌓이자 월, 분기 재고 마감에서도 특이사항이 없이 좋은 결과를 만들 수 있었습니다."
    },
    "anno_text_data": {
        "data": [
            {
                "index": 0,
                "raw": "\"불일치 0개\"\n\n성취감은 한 번의 행운이 아니라 꾸준하고 성실하게 임해서 원하는 목표에 도달할 때 얻는다고 생각합니다. 저는 OOOO 헬스케어 재고관리 담당자로서 매일 기록하는 재고 수불부를 꼼꼼하게 기입한 결과 12번의 월 마감과 4번의 분기 재고 실사에서 단 한 개의 불일치를 만들지 않았습니다. 당연한 말일 수도 있지만 저는 하루가 쌓여 월, 일 년이 된다고 믿습니다. 하루를 열심히 사는 자세는 1개라도 재고 수불이 불일치한다면 1영업일을 넘기지 않고 불일치 내역을 찾는 절차를 만들게 됐습니다. 하루의 꼼꼼함이 쌓이자 월, 분기 재고 마감에서도 특이사항이 없이 좋은 결과를 만들 수 있었습니다.",
                "class": "고도의 책임감을 가진,목표를 달성하는 능력을 갖춘"
            }
        ]
    }
}