{
    "meta": {
        "text_raw": "\"답은 소통\"\n\n단체생활에서 구성원에게 가장 필요한 태도는 소통하려는 마음인 것 같습니다. 저는 중학생 때, 약 일 년간 미국 고등학교에 교환학생 신분으로 재학하였습니다. 다양한 사람들을 만나고 언어를 배우면서 타 문화에 대한 이해를 넓히는 계기가 되었습니다. 미국에서 생활하면서 현지인들에게 많은 도움을 받았기에 이를 보답하기 위해, 대학을 다니면서 외국인 교환학생들이 한국 생활에 잘 적응하도록 도와주는 동아리 회장으로 활동한 적이 있습니다. 이를 통해, 외국어 향상에도 도움을 받았지만 같은 언어가 아니라도 마음만 있다면 소통을 할 수 있다는 것을 배웠습니다. 또한 같은 언어라도, 마음이 맞지 않는다면 소통이 되지 않는다는 것을 배웠습니다. 저는 이러한 경험을 통해 소통에 대해서 많이 고민해보았고 그 중요성을 누구보다 더 잘 안다고 생각합니다. 저의 이러한 역량이 직장 내 동료들과 협업할 때나 생산 활동을 총괄할 때, 일어날 수 있는 사람과의 마찰을 원활하게 해결 할 수 있을 것입니다."
    },
    "anno_text_data": {
        "data": [
            {
                "index": 0,
                "raw": "\"답은 소통\"\n\n단체생활에서 구성원에게 가장 필요한 태도는 소통하려는 마음인 것 같습니다. 저는 중학생 때, 약 일 년간 미국 고등학교에 교환학생 신분으로 재학하였습니다. 다양한 사람들을 만나고 언어를 배우면서 타 문화에 대한 이해를 넓히는 계기가 되었습니다. 미국에서 생활하면서 현지인들에게 많은 도움을 받았기에 이를 보답하기 위해, 대학을 다니면서 외국인 교환학생들이 한국 생활에 잘 적응하도록 도와주는 동아리 회장으로 활동한 적이 있습니다. 이를 통해, 외국어 향상에도 도움을 받았지만 같은 언어가 아니라도 마음만 있다면 소통을 할 수 있다는 것을 배웠습니다. 또한 같은 언어라도, 마음이 맞지 않는다면 소통이 되지 않는다는 것을 배웠습니다. 저는 이러한 경험을 통해 소통에 대해서 많이 고민해보았고 그 중요성을 누구보다 더 잘 안다고 생각합니다. 저의 이러한 역량이 직장 내 동료들과 협업할 때나 생산 활동을 총괄할 때, 일어날 수 있는 사람과의 마찰을 원활하게 해결 할 수 있을 것입니다.",
                "class": "탄탄한 의사소통 능력을 가진,다양성을 존중하는,선한 영향력을 행사하는,적응력이 높은"
            }
        ]
    }
}