{
    "meta": {
        "text_raw": "\"후공정 테스트 프로그램을 만들다\"\n\nVScode를 통해 후공정 테스트 프로그램을 구현해본 경험이 있습니다. 간단한 Hot&Cold Test 및 습기 테스트였고 웨이퍼 상에 일련번호를 갖고 생성된 Chip들이 랜덤한 Critical Temperature 및 Moisture 값을 가진다고 Setting해놓았었습니다. 스크립트 구현 과정을 간단히 설명하겠습니다. 먼저, 전처리문에 각종 헤더파일을 선언한 뒤, Array 함수를 통해 Chip의 일련번호를 출력했습니다. 그 후, 각각의 Chip이 갖는 고유값 (온도,습기)를 설정하기 위해 rand함수를 입력하였습니다. 그 후, while(1) 반복문을 통해 일정 온도값을 넘겼다면 Good Die 그렇지 않다면 Repair or Inking처리를 해야함을 if,else문으로 추가하여 모든 Chip이 선별되면 프로그램이 종료되도록 구현해보았습니다. 첫 프로젝트였었기 때문에 간단한 함수들을 응용한 수준이었습니다. 그러나 이에 만족하지 않고 프로그램의 퀄리티를 높이기 위해 다른 함수들도 공부를 해보았었습니다. 예를 들면 Malloc함수를 통해 메모리 할당을 해보았으면 어땠을까, Vector 함수를 활용해보았으면 어땠을까? 라는 고찰입니다. 지금보다도 더욱 훌륭한 테스트 엔지니어가 되기 위해 꾸준히 자기계발을 이어나가겠습니다."
    },
    "anno_text_data": {
        "data": [
            {
                "index": 0,
                "raw": "\"후공정 테스트 프로그램을 만들다\"\n\nVScode를 통해 후공정 테스트 프로그램을 구현해본 경험이 있습니다. 간단한 Hot&Cold Test 및 습기 테스트였고 웨이퍼 상에 일련번호를 갖고 생성된 Chip들이 랜덤한 Critical Temperature 및 Moisture 값을 가진다고 Setting해놓았었습니다. 스크립트 구현 과정을 간단히 설명하겠습니다. 먼저, 전처리문에 각종 헤더파일을 선언한 뒤, Array 함수를 통해 Chip의 일련번호를 출력했습니다. 그 후, 각각의 Chip이 갖는 고유값 (온도,습기)를 설정하기 위해 rand함수를 입력하였습니다. 그 후, while(1) 반복문을 통해 일정 온도값을 넘겼다면 Good Die 그렇지 않다면 Repair or Inking처리를 해야함을 if,else문으로 추가하여 모든 Chip이 선별되면 프로그램이 종료되도록 구현해보았습니다. 첫 프로젝트였었기 때문에 간단한 함수들을 응용한 수준이었습니다. 그러나 이에 만족하지 않고 프로그램의 퀄리티를 높이기 위해 다른 함수들도 공부를 해보았었습니다. 예를 들면 Malloc함수를 통해 메모리 할당을 해보았으면 어땠을까, Vector 함수를 활용해보았으면 어땠을까? 라는 고찰입니다. 지금보다도 더욱 훌륭한 테스트 엔지니어가 되기 위해 꾸준히 자기계발을 이어나가겠습니다.",
                "class": "문제해결능력이 뛰어난,유연한 사고를 가진,지속적인 성장을 추구하는,고도의 자기주도성을 가진"
            }
        ]
    }
}