{
    "meta": {
        "text_raw": "학부시절 지역아동센터에서 멘토링 활동을 하며 공간의 중요성을 실감하였습니다. 문화체험 활동으로 멘티와 에버랜드에 가면서 아이의 새로운 면을 볼 수 있었습니다. 내성적이였던 멘티는 평소에 감정 표현을 잘 하지 않았기 때문에 멘토링에 어려움이 있었습니다. 하지만 에버랜드 카니발 퍼레이드를 함께 보면서 멘티가 활짝 웃는 모습을 처음 볼 수 있었습니다. 이를 계기로 멘티가 느꼈던 감정과 속 이야기를 하면서 급속도로 가까워질 수 있었습니다.\n\n제가 에스원에 지원하는 이유는 공간을 통해 이용객들에게 행복을 전할 수 있기 때문입니다. 'DESIGN HAPPINESS' 라는 서비스 철학을 바탕으로 많은 사람들이 이 공간에서 만큼은 행복과 즐거움을 느끼게 하고 싶습니다.\n\n에스원의 고객행복이라는 궁극적 목표달성을 위해 다방면에서 지원하는 관리자가 되고 싶습니다. 첫째, 리조트 부문은 폭우, 폭염 등 이상 기후에 상당한 영향을 받습니다. 그러므로 사내 다양한 사업의 특성을 이해하고 분석하여 상황에 맞는 의사결정을 할 필요가 있습니다.\n\n둘째, 직원만족은 고객경영으로 직결되기 때문에, 직원들을 뒷받침해줄 수 있는 경험을 기획하고 싶습니다. 고객에게 행복을 주는 공간을 기획하는 것이 임직원의 역할이기 때문에, 직원들의 업무능력을 향상시킬 수 있도록 다양한 경험 및 교육을 제공하겠습니다."
    },
    "anno_text_data": {
        "data": [
            {
                "index": 0,
                "raw": "학부시절 지역아동센터에서 멘토링 활동을 하며 공간의 중요성을 실감하였습니다. 문화체험 활동으로 멘티와 에버랜드에 가면서 아이의 새로운 면을 볼 수 있었습니다. 내성적이였던 멘티는 평소에 감정 표현을 잘 하지 않았기 때문에 멘토링에 어려움이 있었습니다. 하지만 에버랜드 카니발 퍼레이드를 함께 보면서 멘티가 활짝 웃는 모습을 처음 볼 수 있었습니다. 이를 계기로 멘티가 느꼈던 감정과 속 이야기를 하면서 급속도로 가까워질 수 있었습니다.\n\n제가 에스원에 지원하는 이유는 공간을 통해 이용객들에게 행복을 전할 수 있기 때문입니다. 'DESIGN HAPPINESS' 라는 서비스 철학을 바탕으로 많은 사람들이 이 공간에서 만큼은 행복과 즐거움을 느끼게 하고 싶습니다.\n\n에스원의 고객행복이라는 궁극적 목표달성을 위해 다방면에서 지원하는 관리자가 되고 싶습니다. 첫째, 리조트 부문은 폭우, 폭염 등 이상 기후에 상당한 영향을 받습니다. 그러므로 사내 다양한 사업의 특성을 이해하고 분석하여 상황에 맞는 의사결정을 할 필요가 있습니다.\n\n둘째, 직원만족은 고객경영으로 직결되기 때문에, 직원들을 뒷받침해줄 수 있는 경험을 기획하고 싶습니다. 고객에게 행복을 주는 공간을 기획하는 것이 임직원의 역할이기 때문에, 직원들의 업무능력을 향상시킬 수 있도록 다양한 경험 및 교육을 제공하겠습니다.",
                "class": "선한 영향력을 행사하는"
            }
        ]
    }
}