{
    "meta": {
        "text_raw": "저는 SNS 광고/판매 회사에서 인턴으로 근무하면서 상품 소싱을 제안하여 매출 상승에 기여하였습니다. 저는 회사 온라인몰에 제품을 등록하고 그 제품을 SNS에서 판매할 스타들을 섭외하는 업무를 하였습니다. 하지만 다양한 상품에도 불구하고 팔 물건이 없다는 의견이 있었습니다. 저는 온라인 커머스의 인기 제품을 분석하여 여드름 압출기 판매를 제안하였습니다. 그리고 이 제품은 하루만에 5백 개 이상 팔리며 제가 MD에 관심을 갖게 한 계기가 되었습니다. GS리테일에서 저의 모바일 쇼핑몰 관리 경험을 바탕으로 시너지를 발휘하여 매출 상승에 기여하고자 지원하였습니다."
    },
    "anno_text_data": {
        "data": [
            {
                "index": 0,
                "raw": "저는 SNS 광고/판매 회사에서 인턴으로 근무하면서 상품 소싱을 제안하여 매출 상승에 기여하였습니다. 저는 회사 온라인몰에 제품을 등록하고 그 제품을 SNS에서 판매할 스타들을 섭외하는 업무를 하였습니다. 하지만 다양한 상품에도 불구하고 팔 물건이 없다는 의견이 있었습니다. 저는 온라인 커머스의 인기 제품을 분석하여 여드름 압출기 판매를 제안하였습니다. 그리고 이 제품은 하루만에 5백 개 이상 팔리며 제가 MD에 관심을 갖게 한 계기가 되었습니다. GS리테일에서 저의 모바일 쇼핑몰 관리 경험을 바탕으로 시너지를 발휘하여 매출 상승에 기여하고자 지원하였습니다.",
                "class": "비전을 제시하는,적극적인"
            }
        ]
    }
}