{
    "meta": {
        "text_raw": "어렸을 때부터 몸이 건강해야 무엇이든 건강하게 할 수 있다는 부모님의 가르침으로 발레, 한국무용, 롤러스케이팅 등 다양한 분야의 운동을 접하고 배워볼 수 있었습니다. 이를 통해 새로운 일에 도전하는 것을 두려워하지 않는 성격을 갖게 되었습니다. 학생 시절 체력의 증진과 자기보호를 위해 주짓수를 배우고자 마음먹었을 때에는 부모님의 권유로 운동을 시작한 이전과는 달리 주체적으로 선택하여 배움을 시작할 수 있었습니다. 주짓수를 배우면서 부족하다고 생각했던 신체적 능력이 노력을 통해 극복된다는 사실에 큰 성취감과 행복을 느꼈습니다. 꾸준한 자기성찰을 통한 성공은 내면적 성숙과 나에 대한 믿음, 자신감까지 함양시켰습니다. \n\n저의 의지와 도전 경험을 토대로 주어진 직무에 끈기 있게 임하여 책임감 있는 간호 제공에 힘쓰도록 하겠습니다. 더불어 스트레스 및 자기 관리를 통해 안정적인 간호를 제공하고, 임상에 긍정적인 영향을 주는 에너자이저가 되도록 하겠습니다."
    },
    "anno_text_data": {
        "data": [
            {
                "index": 0,
                "raw": "어렸을 때부터 몸이 건강해야 무엇이든 건강하게 할 수 있다는 부모님의 가르침으로 발레, 한국무용, 롤러스케이팅 등 다양한 분야의 운동을 접하고 배워볼 수 있었습니다. 이를 통해 새로운 일에 도전하는 것을 두려워하지 않는 성격을 갖게 되었습니다. 학생 시절 체력의 증진과 자기보호를 위해 주짓수를 배우고자 마음먹었을 때에는 부모님의 권유로 운동을 시작한 이전과는 달리 주체적으로 선택하여 배움을 시작할 수 있었습니다. 주짓수를 배우면서 부족하다고 생각했던 신체적 능력이 노력을 통해 극복된다는 사실에 큰 성취감과 행복을 느꼈습니다. 꾸준한 자기성찰을 통한 성공은 내면적 성숙과 나에 대한 믿음, 자신감까지 함양시켰습니다. \n\n저의 의지와 도전 경험을 토대로 주어진 직무에 끈기 있게 임하여 책임감 있는 간호 제공에 힘쓰도록 하겠습니다. 더불어 스트레스 및 자기 관리를 통해 안정적인 간호를 제공하고, 임상에 긍정적인 영향을 주는 에너자이저가 되도록 하겠습니다.",
                "class": "지속적인 성장을 추구하는,고도의 자기주도성을 가진,긍정적인 태도를 갖춘"
            }
        ]
    }
}