{
    "meta": {
        "text_raw": "\"서비스 업무를 통해 배운 소통역량\"\n\n서비스 업무를 수행하며 고객만족을 위해 일한 경험은 남들과는 차별된 고객과의 소통역량을 키우며 성장 할 수 있었습니다. 고등학교 졸업 후 부터 학비를 보조하기 위해 레스토랑에서 근무한 경험이 있습니다. 제가 일했던 레스토랑은 주로 특별한 기념일에 많이 찾아오시는 곳이었습니다. 좋은 추억을 만들어 드리기 위해 고객 한 분 한 분 소통하며 편안한 식사를 위해 노력했습니다. 커플이나 가족단위의 손님들의 만족도 높은 메뉴와 어울리는 와인을 파악해 추천했습니다. 또한, 식사 중 테이블을 체크하면서 부족 하거나 필요한 것들을 미리 파악해 고객님이 말씀하시기 전에 미리 제공했습니다. 고객입장에서 생각하고 일한결과 최우수 사원으로 선정되었고, 매장의 매출은 지역 1위를 달성하게 되었습니다. 고객만족이 목표 달성의 핵심이라고 생각하며 고객과의 소통으로 영업 직무를 수행하며 고객이 원하는 바를 정확히 파악 해 고객만족을 이끌어 내는 영업전문가가 되겠습니다."
    },
    "anno_text_data": {
        "data": [
            {
                "index": 0,
                "raw": "\"서비스 업무를 통해 배운 소통역량\"\n\n서비스 업무를 수행하며 고객만족을 위해 일한 경험은 남들과는 차별된 고객과의 소통역량을 키우며 성장 할 수 있었습니다. 고등학교 졸업 후 부터 학비를 보조하기 위해 레스토랑에서 근무한 경험이 있습니다. 제가 일했던 레스토랑은 주로 특별한 기념일에 많이 찾아오시는 곳이었습니다. 좋은 추억을 만들어 드리기 위해 고객 한 분 한 분 소통하며 편안한 식사를 위해 노력했습니다. 커플이나 가족단위의 손님들의 만족도 높은 메뉴와 어울리는 와인을 파악해 추천했습니다. 또한, 식사 중 테이블을 체크하면서 부족 하거나 필요한 것들을 미리 파악해 고객님이 말씀하시기 전에 미리 제공했습니다. 고객입장에서 생각하고 일한결과 최우수 사원으로 선정되었고, 매장의 매출은 지역 1위를 달성하게 되었습니다. 고객만족이 목표 달성의 핵심이라고 생각하며 고객과의 소통으로 영업 직무를 수행하며 고객이 원하는 바를 정확히 파악 해 고객만족을 이끌어 내는 영업전문가가 되겠습니다.",
                "class": "문제해결능력이 뛰어난,탄탄한 의사소통 능력을 가진,적극적인,고도의 책임감을 가진,고도의 자기주도성을 가진"
            }
        ]
    }
}