{
    "meta": {
        "text_raw": "빅데이터라는 새로운 분야의 도전에 막연한 두려움을 가지고 있던 때였습니다. 혼자가 아닌 셋이서, 'OO OOOO 아이디어 공모전'에 도전하며 그러한 선입관을 극복할 수 있었습니다.\n\n당시 저와 팀원들은 R 언어 초보자, 그리고 첫 공모전 활동이라는 공통점을 가지고 있었습니다. 이처럼 아이디어 제안부터 응모작을 완성하기 쉽지 않은 상황이지만, 공모전에 대한 열정만큼은 누구보다도 뜨거웠습니다.\n\n주제를 정한 후, 업무 분담을 통하여 맡은 분야에 대한 조사를 시작했습니다. 각자의 업무를 공유하고, 모르는 부분이 있으면 논문을 찾아보거나 관련 종사자와의 조언을 통해 부족한 지식을 채워나갔습니다. 한 땀 한 땀 정성 들여 마침내 '바이오데이터를 통한 OOOOO 예방방안'이라는 제안서를 만들 수 있었습니다.\n\n공모전의 경험을 통해, '협동'의 중요성을 깨달았습니다. 어떠한 난관이 오더라도 함께할 사람이 곁에 있다면, 개인의 한계를 뛰어넘는 능력을 발휘할 수 있다고 생각합니다. '포스트 코로나'라는 변화의 물결 속에서, 도시-농촌 간의 지속적인 협업으로 지역경제에 이바지하는 도전형 농협人이 되겠습니다."
    },
    "anno_text_data": {
        "data": [
            {
                "index": 0,
                "raw": "빅데이터라는 새로운 분야의 도전에 막연한 두려움을 가지고 있던 때였습니다. 혼자가 아닌 셋이서, 'OO OOOO 아이디어 공모전'에 도전하며 그러한 선입관을 극복할 수 있었습니다.\n\n당시 저와 팀원들은 R 언어 초보자, 그리고 첫 공모전 활동이라는 공통점을 가지고 있었습니다. 이처럼 아이디어 제안부터 응모작을 완성하기 쉽지 않은 상황이지만, 공모전에 대한 열정만큼은 누구보다도 뜨거웠습니다.\n\n주제를 정한 후, 업무 분담을 통하여 맡은 분야에 대한 조사를 시작했습니다. 각자의 업무를 공유하고, 모르는 부분이 있으면 논문을 찾아보거나 관련 종사자와의 조언을 통해 부족한 지식을 채워나갔습니다. 한 땀 한 땀 정성 들여 마침내 '바이오데이터를 통한 OOOOO 예방방안'이라는 제안서를 만들 수 있었습니다.\n\n공모전의 경험을 통해, '협동'의 중요성을 깨달았습니다. 어떠한 난관이 오더라도 함께할 사람이 곁에 있다면, 개인의 한계를 뛰어넘는 능력을 발휘할 수 있다고 생각합니다. '포스트 코로나'라는 변화의 물결 속에서, 도시-농촌 간의 지속적인 협업으로 지역경제에 이바지하는 도전형 농협人이 되겠습니다.",
                "class": "다양한 의견을 수렴하는,지속적인 성장을 추구하는"
            }
        ]
    }
}