{
    "meta": {
        "text_raw": "\"발표하실 분?\"\n\n전공 특성상 팀 과제가 많았고 다들 발표자를 꺼렸습니다. 과제 시작부터 일을 “미루는”모습은 팀 분위기를 저해했습니다. 반복되는 “발표자 미루기”를 경험한 뒤론 문제를 적극적으로 해결하고 싶었습니다. 좋은 발표를 보면서 공부하고 동아리에 가입해서 실제 발표 경험을 쌓았습니다. 자신감이 생기자 모든 팀 과제에서 발표를 자처했습니다. 그러자 팀원들도 맡은 일을 미루지 않는 분위기가 만들어졌으며 다들 적극적으로 참여했습니다. 만약 발표가 아닌 다른 것이 팀 과제 병목 지점이었다면 그것을 맡았을 겁니다. 팀 과제는 “남이 하기 싫어하는 일을 적극적으로 도맡는 자세”가 중요한 걸 배웠기 때문입니다."
    },
    "anno_text_data": {
        "data": [
            {
                "index": 0,
                "raw": "\"발표하실 분?\"\n\n전공 특성상 팀 과제가 많았고 다들 발표자를 꺼렸습니다. 과제 시작부터 일을 “미루는”모습은 팀 분위기를 저해했습니다. 반복되는 “발표자 미루기”를 경험한 뒤론 문제를 적극적으로 해결하고 싶었습니다. 좋은 발표를 보면서 공부하고 동아리에 가입해서 실제 발표 경험을 쌓았습니다. 자신감이 생기자 모든 팀 과제에서 발표를 자처했습니다. 그러자 팀원들도 맡은 일을 미루지 않는 분위기가 만들어졌으며 다들 적극적으로 참여했습니다. 만약 발표가 아닌 다른 것이 팀 과제 병목 지점이었다면 그것을 맡았을 겁니다. 팀 과제는 “남이 하기 싫어하는 일을 적극적으로 도맡는 자세”가 중요한 걸 배웠기 때문입니다.",
                "class": "탄탄한 의사소통 능력을 가진,적극적인,고도의 책임감을 가진"
            }
        ]
    }
}