{
    "meta": {
        "text_raw": "\"하고 싶은게 많은 아이\"\n\n저는 중학교 졸업앨범, 고등학교 졸업앨범에 적은 저의 장래희망을 보면 항상 바뀌어 있던, 호기심이 많은 아이였습니다. 심지어는 대학에 와서까지도 하고 싶은 일이 많아 갈피를 잡지 못하던 상황이었습니다. 카메라 모듈에서 렌즈 연구 분야와 전자기기에 들어갈 회로 Test Engineer을 두고 고민을 하고 있었기 때문입니다.\n\n그런 고민을 하던 도중, 교수님께서 저한테 OOO에서 열리는 기업 전시박람회에 다녀올 것을 추천해주셨고 그 곳을 다녀오게 되었습니다. 그곳에서 저는 T.E들이 하는 현업에 대해 자세히 듣게 되었습니다. 모든 전자기기는 회로의 성능이 중요하므로 이 업무에 자부심을 가진다는 말을 듣고, 그쪽 직무로 가기위해 어떠한 노력을 해야하는지 묻게 되었습니다. 그 결과 회로에 대한 지식을 바탕으로 설계 툴케치 및 분석이 가장 중요하다고 하였습니다. 그 때부터 저의 학업생활은 회로에 관한 공부로 이어지며 꾸준히 T.E로써의 성장력을 발휘하고 있습니다."
    },
    "anno_text_data": {
        "data": [
            {
                "index": 0,
                "raw": "\"하고 싶은게 많은 아이\"\n\n저는 중학교 졸업앨범, 고등학교 졸업앨범에 적은 저의 장래희망을 보면 항상 바뀌어 있던, 호기심이 많은 아이였습니다. 심지어는 대학에 와서까지도 하고 싶은 일이 많아 갈피를 잡지 못하던 상황이었습니다. 카메라 모듈에서 렌즈 연구 분야와 전자기기에 들어갈 회로 Test Engineer을 두고 고민을 하고 있었기 때문입니다.\n\n그런 고민을 하던 도중, 교수님께서 저한테 OOO에서 열리는 기업 전시박람회에 다녀올 것을 추천해주셨고 그 곳을 다녀오게 되었습니다. 그곳에서 저는 T.E들이 하는 현업에 대해 자세히 듣게 되었습니다. 모든 전자기기는 회로의 성능이 중요하므로 이 업무에 자부심을 가진다는 말을 듣고, 그쪽 직무로 가기위해 어떠한 노력을 해야하는지 묻게 되었습니다. 그 결과 회로에 대한 지식을 바탕으로 설계 툴케치 및 분석이 가장 중요하다고 하였습니다. 그 때부터 저의 학업생활은 회로에 관한 공부로 이어지며 꾸준히 T.E로써의 성장력을 발휘하고 있습니다.",
                "class": "적극적인"
            }
        ]
    }
}