{
    "meta": {
        "text_raw": "2019 OOOOOO 추계학술대회 발표 내용에서 재난방송 관련해 IT기술을 접목할 수 있습니다.\n재난 발생시 자동 자막 생성에 그치지 않고, 영상 편집 패턴을 프로그래밍하거나 학습 시켜 송출 영상을 제작할 수 있습니다. 재해, 사회재난, 민방위사태 등 상황별 송출 영상을 미리 학습해두어 상황별로 적합하게 처리할 수 있습니다. 영상이 어느정도 자동으로 완성되면 담당자가 빠르게 수정 후 송출해 촉박한 상황에서 효율적인 업무 처리가 가능해질 것입니다.\n\n이 기술은 재난뿐만 아니라 일반 프로그램 제작에도 활용할 수 있습니다. 시간 긴박성(time criticality) 요소를 제거하고, 다양한 선택지 옵션을 추가하여 훌륭한 영상 제작 보조 툴이 될 수 있습니다. 영상의 종류, 채널과 연관 자료 등을 분석해 실시간으로 효과와 자료를 편집 작업 중 실시간으로 추천하여, 연관 자료와 음악, 효과 등의 삽입 시간을 단축할 수 있습니다. 또한 음성인식으로 원본영상의 내용을 파악해 편집과 순서변경 추천 등이 가능합니다. 추천 선택 여부를 피드백하여 적중률을 상승시킬 수 있고, 일정 수준의 적중률이 완성된다면 반자동 영상 제작 시스템까지 나아갈 수 있을 것입니다."
    },
    "anno_text_data": {
        "data": [
            {
                "index": 0,
                "raw": "2019 OOOOOO 추계학술대회 발표 내용에서 재난방송 관련해 IT기술을 접목할 수 있습니다.\n재난 발생시 자동 자막 생성에 그치지 않고, 영상 편집 패턴을 프로그래밍하거나 학습 시켜 송출 영상을 제작할 수 있습니다. 재해, 사회재난, 민방위사태 등 상황별 송출 영상을 미리 학습해두어 상황별로 적합하게 처리할 수 있습니다. 영상이 어느정도 자동으로 완성되면 담당자가 빠르게 수정 후 송출해 촉박한 상황에서 효율적인 업무 처리가 가능해질 것입니다.\n\n이 기술은 재난뿐만 아니라 일반 프로그램 제작에도 활용할 수 있습니다. 시간 긴박성(time criticality) 요소를 제거하고, 다양한 선택지 옵션을 추가하여 훌륭한 영상 제작 보조 툴이 될 수 있습니다. 영상의 종류, 채널과 연관 자료 등을 분석해 실시간으로 효과와 자료를 편집 작업 중 실시간으로 추천하여, 연관 자료와 음악, 효과 등의 삽입 시간을 단축할 수 있습니다. 또한 음성인식으로 원본영상의 내용을 파악해 편집과 순서변경 추천 등이 가능합니다. 추천 선택 여부를 피드백하여 적중률을 상승시킬 수 있고, 일정 수준의 적중률이 완성된다면 반자동 영상 제작 시스템까지 나아갈 수 있을 것입니다.",
                "class": "창의력을 가진,유연한 사고를 가진,문제해결능력이 뛰어난,적응력이 높은,자원을 효율적으로 활용하는"
            }
        ]
    }
}