{
    "meta": {
        "text_raw": "매일 수많은 양의 뉴스가 보도되고 가짜뉴스가 판을 치다 보니 속보라고 할지라도 색안경은 끼고 보는 일이 많아졌습니다. 저와 같은 사람들이 많아져서 그런지 팩트체크를 하는 사이트가 나오기 시작했으며 JTBC 뉴스에서도 사실 여부가 확인된 뉴스를 표기해주는 서비스가 있으면 좋을 것 같습니다. 예를 들어 유튜브의 인증된 사용자임을 표기하는 체크 아이콘이 아이디 옆에 표기되는 것처럼 사실 여부가 확인되면 뉴스 제목 앞에 체크 표시를 두어서 사실 여부가 확인된 사항임을 사용자에게 알려줌으로써 사용자는 해당 뉴스를 믿고 볼 수 있으며 해당 서비스를 통해 타 언론사와 차별화된 서비스를 제공함으로써 보다 더 경쟁력 있는 JTBC가 될 수 있다고 생각합니다"
    },
    "anno_text_data": {
        "data": [
            {
                "index": 0,
                "raw": "매일 수많은 양의 뉴스가 보도되고 가짜뉴스가 판을 치다 보니 속보라고 할지라도 색안경은 끼고 보는 일이 많아졌습니다. 저와 같은 사람들이 많아져서 그런지 팩트체크를 하는 사이트가 나오기 시작했으며 JTBC 뉴스에서도 사실 여부가 확인된 뉴스를 표기해주는 서비스가 있으면 좋을 것 같습니다. 예를 들어 유튜브의 인증된 사용자임을 표기하는 체크 아이콘이 아이디 옆에 표기되는 것처럼 사실 여부가 확인되면 뉴스 제목 앞에 체크 표시를 두어서 사실 여부가 확인된 사항임을 사용자에게 알려줌으로써 사용자는 해당 뉴스를 믿고 볼 수 있으며 해당 서비스를 통해 타 언론사와 차별화된 서비스를 제공함으로써 보다 더 경쟁력 있는 JTBC가 될 수 있다고 생각합니다",
                "class": "창의력을 가진,유연한 사고를 가진"
            }
        ]
    }
}