{
    "meta": {
        "text_raw": "\"처음은 힘들어도 포기하지 않고 꾸준하게\"\n\n저의 장점은 꾸준함입니다. 인내심을 갖고 8년간 일주일에 5일 이상 헬스 등의 근력운동을 한 결과 175cm 55kg의 왜소한 몸으로 ‘OO’라는 별명을 가졌던 저의 몸은 현재 75kg의 근육형 몸매로 변화할 수 있었습니다.\n\n고등학생 때 왜소한 몸으로 자신감이 없었던 저는 외면의 변화와 자신감을 키우기 위해 무작정 팔굽혀펴기를 시작하였습니다. 아무리 귀찮고 몸이 힘든 날에도 일주일에 최소 5일 이상 하루에 100개씩 꾸준히 하였습니다. 군 입대 후에도 운동을 이어나가 특급전사를 취득할 수 있을 정도로 강한 체력을 얻게 되었습니다. 전역 후에는 운동을 체계적으로 하기 위해 유튜브에서 운동 영상을 보면서 계획을 세우고 3분할 운동을 시작하였습니다. 고등학생 때 입던 M사이즈의 티셔츠에서 현재는 XXL사이즈의 옷을 입게 되었습니다. 매일 사소해 보이는 일을 꾸준히 함으로 쌓이는 결과의 중요성에 대해서 다시 한번 깨달을 수 있었습니다.\n\n단점은 사람들 앞에서 긴장을 잘하는 편입니다. 중요한 발표나 무대에 올라가면 긴장을 하게 되어 준비한 만큼의 결과를 보여주지 못한 적이 많습니다. 이러한 단점을 보완하기 위해서 조별 과제를 할 때 발표를 해보고 과 학생회 활동을 하면서 처음 보는 많은 학생 앞에서 적극적으로 발표 경험을 쌓았습니다. 이 같은 경험을 통해서 과거보다 대중 앞에서의 긴장감을 많이 극복할 수 있었습니다.\n채용 분야의 전문성으로는 학부 시절 정보통신공학을 전공함으로써 C, JAVA, PYTHON 등 다양한 프로그래밍 언어를 접했습니다. 소프트웨어 설계 및 개발과 유지보수 등 부족한 지식을 배우기 위하여 정보처리기사 자격증을 취득했습니다. 아쉬운점 3또한 행사 아르바이트 및 홀 서빙 아르바이트를 3년간 하면서 고객이 마음에 들지 않아 하거나 가게의 불찰로 인하여 고객이 피해를 봤을 때 고객과 소통하면서 최대한 좋은 서비스를 제공하려고 노력하면서 의사소통 능력이 향상되었습니다.\n앞으로도 저의 장점인 꾸준함으로 많은 발표 경험과 다양한 활동을 통해 긴장감을 줄이겠습니다. 또한 품질관리에 필요한 지식과 정보를 꾸준하게 공부하여 전문성을 키우고 다양한 사람들과 소통하며 의사소통 능력을 향상해 성장하는 인재가 되겠습니다."
    },
    "anno_text_data": {
        "data": [
            {
                "index": 0,
                "raw": "\"처음은 힘들어도 포기하지 않고 꾸준하게\"\n\n저의 장점은 꾸준함입니다. 인내심을 갖고 8년간 일주일에 5일 이상 헬스 등의 근력운동을 한 결과 175cm 55kg의 왜소한 몸으로 ‘OO’라는 별명을 가졌던 저의 몸은 현재 75kg의 근육형 몸매로 변화할 수 있었습니다.\n\n고등학생 때 왜소한 몸으로 자신감이 없었던 저는 외면의 변화와 자신감을 키우기 위해 무작정 팔굽혀펴기를 시작하였습니다. 아무리 귀찮고 몸이 힘든 날에도 일주일에 최소 5일 이상 하루에 100개씩 꾸준히 하였습니다. 군 입대 후에도 운동을 이어나가 특급전사를 취득할 수 있을 정도로 강한 체력을 얻게 되었습니다. 전역 후에는 운동을 체계적으로 하기 위해 유튜브에서 운동 영상을 보면서 계획을 세우고 3분할 운동을 시작하였습니다. 고등학생 때 입던 M사이즈의 티셔츠에서 현재는 XXL사이즈의 옷을 입게 되었습니다. 매일 사소해 보이는 일을 꾸준히 함으로 쌓이는 결과의 중요성에 대해서 다시 한번 깨달을 수 있었습니다.",
                "class": "지속적인 성장을 추구하는"
            },
            {
                "index": 1,
                "raw": "단점은 사람들 앞에서 긴장을 잘하는 편입니다. 중요한 발표나 무대에 올라가면 긴장을 하게 되어 준비한 만큼의 결과를 보여주지 못한 적이 많습니다. 이러한 단점을 보완하기 위해서 조별 과제를 할 때 발표를 해보고 과 학생회 활동을 하면서 처음 보는 많은 학생 앞에서 적극적으로 발표 경험을 쌓았습니다. 이 같은 경험을 통해서 과거보다 대중 앞에서의 긴장감을 많이 극복할 수 있었습니다.\n채용 분야의 전문성으로는 학부 시절 정보통신공학을 전공함으로써 C, JAVA, PYTHON 등 다양한 프로그래밍 언어를 접했습니다. 소프트웨어 설계 및 개발과 유지보수 등 부족한 지식을 배우기 위하여 정보처리기사 자격증을 취득했습니다. 아쉬운점 3또한 행사 아르바이트 및 홀 서빙 아르바이트를 3년간 하면서 고객이 마음에 들지 않아 하거나 가게의 불찰로 인하여 고객이 피해를 봤을 때 고객과 소통하면서 최대한 좋은 서비스를 제공하려고 노력하면서 의사소통 능력이 향상되었습니다.\n앞으로도 저의 장점인 꾸준함으로 많은 발표 경험과 다양한 활동을 통해 긴장감을 줄이겠습니다. 또한 품질관리에 필요한 지식과 정보를 꾸준하게 공부하여 전문성을 키우고 다양한 사람들과 소통하며 의사소통 능력을 향상해 성장하는 인재가 되겠습니다.",
                "class": "탄탄한 의사소통 능력을 가진,지속적인 성장을 추구하는,적극적인"
            }
        ]
    }
}