{
    "meta": {
        "text_raw": "\"창조인 - 업무에 대한 고민\"\n\n기존의 업무 관행에 문제점을 찾고 개선하려는 모습은 창조인에게 중요한 덕목이라 생각합니다. 저는 교육봉사활동 학생모집 과정에서 학교에 발송하는 공문과 포스터를 학생들의 의견 수렴을 통해 보다 효과적인 방식으로 개선함으로써 단체의 목표 모집 인원을 빠르게 달성한 경험이 있습니다. 공사 입사 후에도 업무에 대한 관심과 고민을 바탕으로 개선안을 제시할 수 있는 창조인으로 성장하겠습니다.\n\n\"전문인 - 높은 성취동기와 열정\"\n\n제가 갖춘 높은 목표 설정과 성취동기는 최고를 추구하는 공사의 전문인에 부합한다 생각합니다. 저는 학부에서 수강한 회계 및 재무 과목들에 있어 수업이나 주어진 과제를 수행하는 데 그치지 않고 더 깊이있는 이해를 위해 자발적으로 관련 전문 서적을 통해 학습하고 외부 강좌를 수강하고 자격증을 취득하여 우수한 성적뿐 아니라 전문적인 지식을 습득할 수 있었습니다. 이러한 발전 의식과 성취동기를 바탕으로 공사 입사 후에도 특정 직무나 수준에 안주하지 않는 모습을 보이겠습니다. \n\"화합인 - 사회와 함께하는 인재\"\n\n공사의 화합인은 사회와 더불어 살아가는 사람입니다. 저는 2019년 저소득층 대상 교육 봉사활동을 수행하면서 제가 가지고 있는 것을 다른 사람들을 위해 활용하고 나누는 것이 얼마나 가치 있는 일인가를 깨달을 수 있었습니다. 이후 제가 갖춘 역량을 개인적인 요소보다 우리 사회와 국민 등 더 넓은 대상을 위해 활용할 수 있는 직무를 희망하였습니다. 주택금융공사의 사회적 중요성과 책임에 대한 충분한 이해를 바탕으로 업무에 대한 책임감과 열정을 가지고 임하도록 하겠습니다."
    },
    "anno_text_data": {
        "data": [
            {
                "index": 0,
                "raw": "\"창조인 - 업무에 대한 고민\"\n\n기존의 업무 관행에 문제점을 찾고 개선하려는 모습은 창조인에게 중요한 덕목이라 생각합니다. 저는 교육봉사활동 학생모집 과정에서 학교에 발송하는 공문과 포스터를 학생들의 의견 수렴을 통해 보다 효과적인 방식으로 개선함으로써 단체의 목표 모집 인원을 빠르게 달성한 경험이 있습니다. 공사 입사 후에도 업무에 대한 관심과 고민을 바탕으로 개선안을 제시할 수 있는 창조인으로 성장하겠습니다.",
                "class": "유연한 사고를 가진,다양한 의견을 수렴하는,적극적인"
            },
            {
                "index": 1,
                "raw": "\"전문인 - 높은 성취동기와 열정\"\n\n제가 갖춘 높은 목표 설정과 성취동기는 최고를 추구하는 공사의 전문인에 부합한다 생각합니다. 저는 학부에서 수강한 회계 및 재무 과목들에 있어 수업이나 주어진 과제를 수행하는 데 그치지 않고 더 깊이있는 이해를 위해 자발적으로 관련 전문 서적을 통해 학습하고 외부 강좌를 수강하고 자격증을 취득하여 우수한 성적뿐 아니라 전문적인 지식을 습득할 수 있었습니다. 이러한 발전 의식과 성취동기를 바탕으로 공사 입사 후에도 특정 직무나 수준에 안주하지 않는 모습을 보이겠습니다.",
                "class": "지속적인 성장을 추구하는,고도의 자기주도성을 가진,목표를 달성하는 능력을 갖춘"
            },
            {
                "index": 2,
                "raw": "\"화합인 - 사회와 함께하는 인재\"\n\n공사의 화합인은 사회와 더불어 살아가는 사람입니다. 저는 2019년 저소득층 대상 교육 봉사활동을 수행하면서 제가 가지고 있는 것을 다른 사람들을 위해 활용하고 나누는 것이 얼마나 가치 있는 일인가를 깨달을 수 있었습니다. 이후 제가 갖춘 역량을 개인적인 요소보다 우리 사회와 국민 등 더 넓은 대상을 위해 활용할 수 있는 직무를 희망하였습니다. 주택금융공사의 사회적 중요성과 책임에 대한 충분한 이해를 바탕으로 업무에 대한 책임감과 열정을 가지고 임하도록 하겠습니다.",
                "class": "선한 영향력을 행사하는,다양성을 존중하는"
            }
        ]
    }
}