{
    "meta": {
        "text_raw": "\"점차 중요성이 커지는 주택연금\"\n\n저는 한국주택금융공사의 상품 중 주택연금에 가장 관심을 가지고 있습니다. 우리나라는 세계적으로 가장 빠른 고령화 속도를 보이고 있으며, 고령층은 자산의 약 80%를 부동산으로 보유하고 있는 만큼 주택연금은 금융 상품으로써의 수요와 복지, 양 측면에서 중요성이 매우 커질 것이라고 생각하기 때문입니다. 실제로 주택연금은 지난 2020년 12월 말 기준으로 총 가입자 수가 9만 명을 돌파하였으며 가입자 수 또한 꾸준히 증가하는 추세를 보이고 있습니다.좋\n\n이러한 중요성이 높은 주택연금 업무를 수행하기 위해서는 첫째로 공사의 주택연금 상품과 업무 프로세스에 대한 철저한 학습이 필요하다 생각합니다. 입사 후 공사의 주택연금 및 내집연금 3종세트와 같은 상품 구조, 연금의 지급 유형과 지급 방식에 대해 꼼꼼히 공부하여 상품을 이용하는 고객들께 가장 적절한 방식을 설명드릴 수 있도록 준비하겠습니다.\n\n이후, 공사의 주택연금 업무 과정 중 가장 중요한 부분인 자격 요건 검증이나 담보 자산 가격 평가 등의 심사 업무 프로세스를 학습하겠습니다. 또한 이 과정에서 적절한 평가와 결정을 내릴 수 있도록 우리나라 주택 시장의 동향, 그리고 그에 영향을 미치는 국내외 다양한 거시경제적인 요인에 대한 관찰과 학습, 꾸준한 분석을 수행하고 싶습니다. 이러한 과정을 통해 최종적으로 주택연금의 신청부터 지급 전 과정에 관여되는 다양한 요소들에 대한 학습을 바탕으로 주택연금의 제도 운영과 리스크 관리에 기여할 수 있는 인재로 성장하겠습니다. "
    },
    "anno_text_data": {
        "data": [
            {
                "index": 0,
                "raw": "\"점차 중요성이 커지는 주택연금\"\n\n저는 한국주택금융공사의 상품 중 주택연금에 가장 관심을 가지고 있습니다. 우리나라는 세계적으로 가장 빠른 고령화 속도를 보이고 있으며, 고령층은 자산의 약 80%를 부동산으로 보유하고 있는 만큼 주택연금은 금융 상품으로써의 수요와 복지, 양 측면에서 중요성이 매우 커질 것이라고 생각하기 때문입니다. 실제로 주택연금은 지난 2020년 12월 말 기준으로 총 가입자 수가 9만 명을 돌파하였으며 가입자 수 또한 꾸준히 증가하는 추세를 보이고 있습니다.좋\n\n이러한 중요성이 높은 주택연금 업무를 수행하기 위해서는 첫째로 공사의 주택연금 상품과 업무 프로세스에 대한 철저한 학습이 필요하다 생각합니다. 입사 후 공사의 주택연금 및 내집연금 3종세트와 같은 상품 구조, 연금의 지급 유형과 지급 방식에 대해 꼼꼼히 공부하여 상품을 이용하는 고객들께 가장 적절한 방식을 설명드릴 수 있도록 준비하겠습니다.\n\n이후, 공사의 주택연금 업무 과정 중 가장 중요한 부분인 자격 요건 검증이나 담보 자산 가격 평가 등의 심사 업무 프로세스를 학습하겠습니다. 또한 이 과정에서 적절한 평가와 결정을 내릴 수 있도록 우리나라 주택 시장의 동향, 그리고 그에 영향을 미치는 국내외 다양한 거시경제적인 요인에 대한 관찰과 학습, 꾸준한 분석을 수행하고 싶습니다. 이러한 과정을 통해 최종적으로 주택연금의 신청부터 지급 전 과정에 관여되는 다양한 요소들에 대한 학습을 바탕으로 주택연금의 제도 운영과 리스크 관리에 기여할 수 있는 인재로 성장하겠습니다.",
                "class": "지속적인 성장을 추구하는"
            }
        ]
    }
}