{
    "meta": {
        "text_raw": "\"유튜브 시장에서 나 자신을 팔다\"\n\n유튜브를 통해서 제 자신을 상품화해 중남미 사람들 앞에 선 경험이 있습니다. 창업을 하고 싶었지만 다른 길을 걸어왔기 때문에 할 수 있는게 적었습니다. 내가 가진 어떤 것을 팔 수 있을지 고민했습니다. 마침, 중남미 시장에서는 BTS의 힘입어 한류가 인기를 끌고 있었습니다. 스페인어 실력, 기본적인 편집 능력을 가지고 있어 연예인처럼 내 자신을 상품화해 시장에 팔아보려는 생각을 했습니다. 처음에는 카메라 앞에 서는 것이 어려웠고 중남미 사람들이 좋아할만한 요소를 찾기가 어려웠습니다. 음식 체험, 한국 문화 관광과 관련된 콘텐츠를 진행하며 시행착오를 겪었습니다. 마침내 직접 작곡, 작사, 노래를 하는 중남미 노래 만들기 콘텐츠를 만들어 3개월만에 구독자 800명을 넘었습니다. 이후로는 도미니카공화국의 Roui Santana라는 가수와 협업하여 영상을 만들기도 했습니다. 한 개의 물건을 팔기 위해서 많은 시장조사와 치밀한 기획이 필요함을 몸소 깨달았습니다. 이 경험을 바탕으로 유니드글로벌상사에서 물건을 팔 때도 내 자신을 파는 것과 같이 정성을 들이겠습니다."
    },
    "anno_text_data": {
        "data": [
            {
                "index": 0,
                "raw": "\"유튜브 시장에서 나 자신을 팔다\"\n\n유튜브를 통해서 제 자신을 상품화해 중남미 사람들 앞에 선 경험이 있습니다. 창업을 하고 싶었지만 다른 길을 걸어왔기 때문에 할 수 있는게 적었습니다. 내가 가진 어떤 것을 팔 수 있을지 고민했습니다. 마침, 중남미 시장에서는 BTS의 힘입어 한류가 인기를 끌고 있었습니다. 스페인어 실력, 기본적인 편집 능력을 가지고 있어 연예인처럼 내 자신을 상품화해 시장에 팔아보려는 생각을 했습니다. 처음에는 카메라 앞에 서는 것이 어려웠고 중남미 사람들이 좋아할만한 요소를 찾기가 어려웠습니다. 음식 체험, 한국 문화 관광과 관련된 콘텐츠를 진행하며 시행착오를 겪었습니다. 마침내 직접 작곡, 작사, 노래를 하는 중남미 노래 만들기 콘텐츠를 만들어 3개월만에 구독자 800명을 넘었습니다. 이후로는 도미니카공화국의 Roui Santana라는 가수와 협업하여 영상을 만들기도 했습니다. 한 개의 물건을 팔기 위해서 많은 시장조사와 치밀한 기획이 필요함을 몸소 깨달았습니다. 이 경험을 바탕으로 유니드글로벌상사에서 물건을 팔 때도 내 자신을 파는 것과 같이 정성을 들이겠습니다.",
                "class": "창의력을 가진,유연한 사고를 가진,적응력이 높은,지속적인 성장을 추구하는,비즈니스 마인드를 갖춘"
            }
        ]
    }
}