{
    "meta": {
        "text_raw": "\"안전한 전기 발전의 중요성\"\n\n전기가 우리 삶에서 빠질 수 없는 요소로 자리 잡은 지금 그만큼 전력 생산 과정에서 감전·화재 등의 사고로 전기기술자와 국민의 편안한 전기사용을 위협한 사례가 보고되고 있습니다.\n저는 이를 예방하기 위해 전기기기의 전문적인 보수 및 메뉴얼 편성이 발전전기 분야에서 가장 중요시되어야 할 전문성이라 생각합니다. 아쉬운점 1\n\n\"안전한 전기작업 메뉴얼을 제작하다\"\n\n전기기능사의 실기 준비를 하던 때였습니다. 단자고정을 마친 뒤 단자배선시 전동드릴의 토크를 변경하지 않으면 과다 토크를 사용해 단자파손으로 배전 시 퓨즈 발화 등의 사고가 발생합니다. 그래서 저는 단자 배선 시에 최대토크가 낮은 별도의 드릴을 사용하게 하여 사고를 예방하였습니다. 이처럼 저는 전기작업에 임함에 있어 안전한 메뉴얼을 제작하는 능력이 있습니다. 제가 한국동서발전에 입사한다면 안전한 전기작업 메뉴얼을 제작하여 무의미한 손실 및 사고를 예방하도록 하겠습니다"
    },
    "anno_text_data": {
        "data": [
            {
                "index": 0,
                "raw": "\"안전한 전기 발전의 중요성\"\n\n전기가 우리 삶에서 빠질 수 없는 요소로 자리 잡은 지금 그만큼 전력 생산 과정에서 감전·화재 등의 사고로 전기기술자와 국민의 편안한 전기사용을 위협한 사례가 보고되고 있습니다.\n저는 이를 예방하기 위해 전기기기의 전문적인 보수 및 메뉴얼 편성이 발전전기 분야에서 가장 중요시되어야 할 전문성이라 생각합니다. 아쉬운점 1",
                "class": "문제해결능력이 뛰어난,고도의 책임감을 가진"
            },
            {
                "index": 1,
                "raw": "\"안전한 전기작업 메뉴얼을 제작하다\"\n\n전기기능사의 실기 준비를 하던 때였습니다. 단자고정을 마친 뒤 단자배선시 전동드릴의 토크를 변경하지 않으면 과다 토크를 사용해 단자파손으로 배전 시 퓨즈 발화 등의 사고가 발생합니다. 그래서 저는 단자 배선 시에 최대토크가 낮은 별도의 드릴을 사용하게 하여 사고를 예방하였습니다. 이처럼 저는 전기작업에 임함에 있어 안전한 메뉴얼을 제작하는 능력이 있습니다. 제가 한국동서발전에 입사한다면 안전한 전기작업 메뉴얼을 제작하여 무의미한 손실 및 사고를 예방하도록 하겠습니다",
                "class": "문제해결능력이 뛰어난,고도의 책임감을 가진,적극적인,자원을 효율적으로 활용하는"
            }
        ]
    }
}