{
    "meta": {
        "text_raw": "\"한독이란 넓은 무대에서\"\n\n저는 10년 뒤 제약 산업의 전문가를 목표합니다. 전문가는 해당 분야에서 넓고, 깊은 이해를 가져야 합니다. 현재 한독은 전문, 일반 의약품부터, 진단 기기, 건강식품 등 헬스케어 사업 영역을 넓게 확장 중입니다. 따라서 한독에서 일하게 된다면 다양한 제품을 계획을 세우고 세일즈 하는 경험을 가질 수 있습니다. 한독은 또한 깊이를 가지고 있습니다. 60년 넘게 제약 산업에서 쌓아온 노하우를 배우고 싶습니다. 이를 통해 10년 뒤에는 넓고 깊은 이해를 가진 전문가가 되어 회사에 기여하겠습니다."
    },
    "anno_text_data": {
        "data": [
            {
                "index": 0,
                "raw": "\"한독이란 넓은 무대에서\"\n\n저는 10년 뒤 제약 산업의 전문가를 목표합니다. 전문가는 해당 분야에서 넓고, 깊은 이해를 가져야 합니다. 현재 한독은 전문, 일반 의약품부터, 진단 기기, 건강식품 등 헬스케어 사업 영역을 넓게 확장 중입니다. 따라서 한독에서 일하게 된다면 다양한 제품을 계획을 세우고 세일즈 하는 경험을 가질 수 있습니다. 한독은 또한 깊이를 가지고 있습니다. 60년 넘게 제약 산업에서 쌓아온 노하우를 배우고 싶습니다. 이를 통해 10년 뒤에는 넓고 깊은 이해를 가진 전문가가 되어 회사에 기여하겠습니다.",
                "class": "지속적인 성장을 추구하는"
            }
        ]
    }
}