{
    "meta": {
        "text_raw": "(개인적인 연구 내용은 제외)\n유기 합성에서 중요한 것은 합성 단계 최소화 및 높은 수득률 입니다. 따라서 합성 단계를 최소화하는 방향으로 synthetic scheme을 설계했습니다. 선행 연구 분석을 통해 사용할 용매를 용해도 계산법을 적용하여 선택했고, 당량비와 온도 조건, 시간을 TLC로 모니터링하며 최적의 조건을 잡았습니다. 용매 추출 시 용매(DCM, EtOAc, Hx, MeOH, Ether, Water)의 종류와 전해질의 유무, 추출 횟수를 화합물의 특성에 맞게 조절했습니다. 컬럼 크로마토그래피는 packing, loading 과정과 이동상 조건 설계가 작업자에 의존적인 공정이기에 많은 시간과 경험을 통해 익혔습니다. 합성한 화합물은 NMR, 질량 분석, ATR, UV-Vis, DSC, TGA 분석을 통해 합성 여부 및 화학적 특성을 확인했습니다. 이러한 과정을 통해 5단계, 4단계의 중간 생성물을 갖는 화합물 2개를 합성 성공했고, 특허 출원의 결과를 얻었습니다.\n\n합성한 화합물의 응용 분야를 찾고 적용시켰습니다.\n과제의 방향 변경으로 인해 단량체의 응용 여부가 불분명해졌습니다. 하지만 유사 구조, 특성을 갖는 논문들을 분석하고 고분자와의 테스트를 진행하며 단량체의 응용 가능성을 피력한 결과, 의견이 채택되었습니다. 스마트 소재 제조를 통해 합성 화합물의 응용 가능성을 입증했습니다."
    },
    "anno_text_data": {
        "data": [
            {
                "index": 0,
                "raw": "(개인적인 연구 내용은 제외)\n유기 합성에서 중요한 것은 합성 단계 최소화 및 높은 수득률 입니다. 따라서 합성 단계를 최소화하는 방향으로 synthetic scheme을 설계했습니다. 선행 연구 분석을 통해 사용할 용매를 용해도 계산법을 적용하여 선택했고, 당량비와 온도 조건, 시간을 TLC로 모니터링하며 최적의 조건을 잡았습니다. 용매 추출 시 용매(DCM, EtOAc, Hx, MeOH, Ether, Water)의 종류와 전해질의 유무, 추출 횟수를 화합물의 특성에 맞게 조절했습니다. 컬럼 크로마토그래피는 packing, loading 과정과 이동상 조건 설계가 작업자에 의존적인 공정이기에 많은 시간과 경험을 통해 익혔습니다. 합성한 화합물은 NMR, 질량 분석, ATR, UV-Vis, DSC, TGA 분석을 통해 합성 여부 및 화학적 특성을 확인했습니다. 이러한 과정을 통해 5단계, 4단계의 중간 생성물을 갖는 화합물 2개를 합성 성공했고, 특허 출원의 결과를 얻었습니다.\n\n합성한 화합물의 응용 분야를 찾고 적용시켰습니다.\n과제의 방향 변경으로 인해 단량체의 응용 여부가 불분명해졌습니다. 하지만 유사 구조, 특성을 갖는 논문들을 분석하고 고분자와의 테스트를 진행하며 단량체의 응용 가능성을 피력한 결과, 의견이 채택되었습니다. 스마트 소재 제조를 통해 합성 화합물의 응용 가능성을 입증했습니다.",
                "class": "데이터 기반의 의사결정을 하는,목표를 달성하는 능력을 갖춘,고도의 자기주도성을 가진"
            }
        ]
    }
}