{
    "meta": {
        "text_raw": "\"최선의 결과를 위해 과정을 분석하는 능력\"\n\n과정을 분석해 최선의 결과를 얻어낸 경험을 보유하고 있습니다.전기기능사 취득을 위해 실기 시험을 연습하던 때였습니다. 실기시험은 크게 제어반,작도,배관 결선으로 나뉩니다. 따라서 작업별로 필요한 장비, 기술, 지식 또한 달라집니다, 저는 작업을 효율적으로 수행하는 데 필요한 장비 사용법,규칙에 대해 분석하여 과정별로 적합한 프로세스를 개발하였습니다. 예시를 들자면 작도에서 배관결선으로 넘어갈 때 필요한 전동드릴의 토크가 달라집니다. 이때 토크를 변경하지 않고 작업에 임해 필요 이상으로 큰 토크를 사용해 기구파손으로 실격당하거나 낮은 토크를 사용하여 시간을 소요하기도 합니다. 저는 집중력 저하 등의 이유로 인한 실수를 막도록 수동드라이버를 사용하도록 하여 실격과 시간 손해를 예방하였습니다. 이처럼 저는 최소의 시간과 노력을 들이며 최선의 결과를 얻어낼 수 있습니다. 입사 후 공단에서도 최선의 결과를 위해 과정을 분석하는 능력을 보이겠습니다"
    },
    "anno_text_data": {
        "data": [
            {
                "index": 0,
                "raw": "\"최선의 결과를 위해 과정을 분석하는 능력\"\n\n과정을 분석해 최선의 결과를 얻어낸 경험을 보유하고 있습니다.전기기능사 취득을 위해 실기 시험을 연습하던 때였습니다. 실기시험은 크게 제어반,작도,배관 결선으로 나뉩니다. 따라서 작업별로 필요한 장비, 기술, 지식 또한 달라집니다, 저는 작업을 효율적으로 수행하는 데 필요한 장비 사용법,규칙에 대해 분석하여 과정별로 적합한 프로세스를 개발하였습니다. 예시를 들자면 작도에서 배관결선으로 넘어갈 때 필요한 전동드릴의 토크가 달라집니다. 이때 토크를 변경하지 않고 작업에 임해 필요 이상으로 큰 토크를 사용해 기구파손으로 실격당하거나 낮은 토크를 사용하여 시간을 소요하기도 합니다. 저는 집중력 저하 등의 이유로 인한 실수를 막도록 수동드라이버를 사용하도록 하여 실격과 시간 손해를 예방하였습니다. 이처럼 저는 최소의 시간과 노력을 들이며 최선의 결과를 얻어낼 수 있습니다. 입사 후 공단에서도 최선의 결과를 위해 과정을 분석하는 능력을 보이겠습니다",
                "class": "문제해결능력이 뛰어난,데이터 기반의 의사결정을 하는,자원을 효율적으로 활용하는"
            }
        ]
    }
}