{
    "meta": {
        "text_raw": "저는 갈등을 해결할 때 약간의 시간을 두고나서 가운데에서 서로간의 의견을 조율하며 해결해 나가는 방식을 제일 좋아합니다. 시간이 흐르고 나면 감정이 가라앉기 때문에 왜 이런 갈등 상황이 되었는지 좀 더 객관적으로 판단할 수 있으며 이후 대화로 문제를 풀어나가기가 쉽기 때문입니다. 좋은점 1위에서 VR 업체에 관해 이야기를 할 때 단 1명의 아르바이트 직원이 퇴사를 했을 때 위와 같은 방법으로 해결을 했었습니다. 가게를 오픈한 지 약 5일이 지났을 때 오퍼레이팅 장비 때문에 아르바이트생 두명이 크게 다툰 적이 있습니다. 이야기를 들어보니 누구는 계속 쉬운 장비에만 배치가 되고 본인은 어려운 곳에만 배치가 된다며 불평을 하다가 말싸움으로까지 번진 케이스였습니다.\n\n저는 해당 직원 두명을 일단 퇴근을 시켰습니다. 다음날 출근했을 때 삼자대면을 통해 불만을 확인하고, 그 솔루션으로 장비의 운영 난이도를 1부터 5까지 나눈 후 해당 장비들에 아르바이트생들을 순환배치하기로 합의를 보았습니다. 이 과정에서 화를 냈던 아르바이트생이 미안하고 별것도 아닌 일에 화를 낸 것이 부끄럽다며 퇴직을 하게 되었고, 이는 제가 매니저로 재직할 당시 유일한 아르바이트생 퇴직이 되었습니다."
    },
    "anno_text_data": {
        "data": [
            {
                "index": 0,
                "raw": "저는 갈등을 해결할 때 약간의 시간을 두고나서 가운데에서 서로간의 의견을 조율하며 해결해 나가는 방식을 제일 좋아합니다. 시간이 흐르고 나면 감정이 가라앉기 때문에 왜 이런 갈등 상황이 되었는지 좀 더 객관적으로 판단할 수 있으며 이후 대화로 문제를 풀어나가기가 쉽기 때문입니다. 좋은점 1위에서 VR 업체에 관해 이야기를 할 때 단 1명의 아르바이트 직원이 퇴사를 했을 때 위와 같은 방법으로 해결을 했었습니다. 가게를 오픈한 지 약 5일이 지났을 때 오퍼레이팅 장비 때문에 아르바이트생 두명이 크게 다툰 적이 있습니다. 이야기를 들어보니 누구는 계속 쉬운 장비에만 배치가 되고 본인은 어려운 곳에만 배치가 된다며 불평을 하다가 말싸움으로까지 번진 케이스였습니다.\n\n저는 해당 직원 두명을 일단 퇴근을 시켰습니다. 다음날 출근했을 때 삼자대면을 통해 불만을 확인하고, 그 솔루션으로 장비의 운영 난이도를 1부터 5까지 나눈 후 해당 장비들에 아르바이트생들을 순환배치하기로 합의를 보았습니다. 이 과정에서 화를 냈던 아르바이트생이 미안하고 별것도 아닌 일에 화를 낸 것이 부끄럽다며 퇴직을 하게 되었고, 이는 제가 매니저로 재직할 당시 유일한 아르바이트생 퇴직이 되었습니다.",
                "class": "문제해결능력이 뛰어난,유연한 사고를 가진,다양한 의견을 수렴하는,탄탄한 의사소통 능력을 가진,위기 상황에서도 안정감을 주는"
            }
        ]
    }
}