{
    "meta": {
        "text_raw": "역지사지'할 수 있는 역량을 갖춰야 합니다. '역지사지'가 필요한 이유는 상대방의 처지에서 먼저 생각해보면 타인에 대한 이해심 넓어진다고 생각하기 때문입니다. 장교 임관 후 소대장 임무수행 간 30명의 소대원과 함께하며 다양한 유형의 사람을 만났습니다. 그중 어렸을 때부터 혼자 지내는 것에 익숙해 타인과 말 한마디 섞는 것을 어려워할 정도로 대인관계에 미숙한 소대원이 있었습니다. 만기 전역을 희망했기에 군 생활에 적응할 수 있도록 노력하였습니다. 먼저 그 소대원의 처지에서 생각해보았고 혼자만의 공간이 필요하다고 생각했습니다. 또한, 프라모델을 조립하는 취미가 있어 중대장에게 건의하여 일과 시간 이후 중대장실에서 혼자 조립할 수 있는 시간을 가질 수 있도록 조치하였습니다. 이후, 생활에 대한 적응은 주변 동료들도 놀랄 만큼 눈에 띄게 좋아졌고 소대원뿐만 아니라 부모님께서도 적절한 조치의 결과에 감사해 하셨습니다. "
    },
    "anno_text_data": {
        "data": [
            {
                "index": 0,
                "raw": "역지사지'할 수 있는 역량을 갖춰야 합니다. '역지사지'가 필요한 이유는 상대방의 처지에서 먼저 생각해보면 타인에 대한 이해심 넓어진다고 생각하기 때문입니다. 장교 임관 후 소대장 임무수행 간 30명의 소대원과 함께하며 다양한 유형의 사람을 만났습니다. 그중 어렸을 때부터 혼자 지내는 것에 익숙해 타인과 말 한마디 섞는 것을 어려워할 정도로 대인관계에 미숙한 소대원이 있었습니다. 만기 전역을 희망했기에 군 생활에 적응할 수 있도록 노력하였습니다. 먼저 그 소대원의 처지에서 생각해보았고 혼자만의 공간이 필요하다고 생각했습니다. 또한, 프라모델을 조립하는 취미가 있어 중대장에게 건의하여 일과 시간 이후 중대장실에서 혼자 조립할 수 있는 시간을 가질 수 있도록 조치하였습니다. 이후, 생활에 대한 적응은 주변 동료들도 놀랄 만큼 눈에 띄게 좋아졌고 소대원뿐만 아니라 부모님께서도 적절한 조치의 결과에 감사해 하셨습니다.",
                "class": "유연한 사고를 가진,다양한 의견을 수렴하는,탄탄한 의사소통 능력을 가진,선한 영향력을 행사하는,다양성을 존중하는"
            }
        ]
    }
}