{
    "meta": {
        "text_raw": "\"안전 우선\"\n\n저는 책임감과 리더십을 갖추기 위해 장교로 임관하였고, 임관 2년 차에 작전장교 직책으로 임무수행 하였습니다. 주된 업무로는 교육 및 훈련을 계획하여 부대의 전투력을 유지하는 것이었습니다. 이를 위해 주간훈련계획에서부터 혹한기훈련, 전술훈련, 행군훈련 등 수많은 훈련을 계획하였습니다. 계획은 인원과 장비 현황 종합뿐만 아니라 타 부대와의 훈련장 협조, 위험성 평가까지 훈련에 관한 모든 것을 준비하는 중요한 업무였습니다. 이 중 위험성 평가 단계는 훈련 간 예상되는 위험을 사전에 식별 및 조치하는 것이었는데 근 몇 년간 큰 사고가 없었고 방대한 업무량으로 형식적인 문서로만 처리되고 있었습니다. 하지만 저는 군대에서 발생하는 어떠한 사고든 인명피해로 이어질 수 있다고 판단했고 원리원칙을 준수하며 위험성 평가가 실질적으로 이루어질 수 있도록 노력했습니다. 우선 현장에 직접 나가 위험 요소를 식별 및 조치하였고 과거 사고사례를 구체화한 위험성 평가리스트로 부대의 전 인원에게 안전에 대한 경각심을 강조했습니다. 이러한 노력으로 사단 교육훈련 불시점검 간 교육훈련 최우수 부대로 선정되었습니다. 이러한 경험을 토대로 입사 후에도 안전 문제와 개선 필요사항에 대해 지속 고민하며 가스공사의 무사고 100% 달성에 이바지하겠습니다.\n현재 우리나라뿐만 아니라 전 세계는 탈석탄, 탈원전 등 신재생에너지의 확대를 뼈대로 하는 에너지 전환 정책을 추진하고 있습니다. 저는 가까운 미래에 수소에너지를 기반으로 한 수소 경제사회가 될 것이라고 생각합니다. 이는 한국가스공사가 나아가야 할 방향이라고 생각합니다. 과감하고 선제적인 수소에너지 사업을 통해 생산부터 유통까지의 전 과정에 참여하며 주도권을 가져야 합니다. 현재 구축 중인 창원·광주 거점형 수소생산기지를 기점으로 전국으로 확대해 나아가야 합니다.\n\n또한, 수소 운반과정에 있어 현재는 기체상태 수소를 탱크로리로 운반하는 것이 일반적인데 대용량이나 장거리 운반에는 배관을 이용하는 것이 더 경제적입니다. 대용량, 장거리 운반을 요구하는 미래의 수소 경제사회를 대비해 수소 배관망 사업이 활발하게 진행될 것이라고 생각합니다. 전국 LNG 배관망의 구축 경험을 지닌 가스공사는 수소 배관망 건설 사업을 선제적으로 추진하여야 합니다. 또한, 한국가스공사는 평택, 통영에 'Truck to Ship'방식의 LNG 벙커링 시설을 운영하고 있는데 지속적인 LNG 벙커링 투자를 통해 벙커링 산업의 활성화에 이바지해야 합니다. \n입사 후의 현장은 배워왔던 이론과는 차이가 있을 것이라고 생각합니다. 저는 소대장으로 임무수행 간 부사관, 용사 등 계급과 관계없이 실제 현장과 군사이론의 차이를 이해하고 이를 적극적으로 배워가며 군 생활을 잘 끝마친 경험이 있습니다. 이러한 경험을 통해 매사 적극적으로 배우는 자세를 갖고 임하겠습니다. 또한, 가스기사 자격증을 취득을 계획하고 있습니다. 자격증 취득을 통해 가스에 관한 직무 이해를 높이고 동료들과 원활히 의사소통하겠습니다."
    },
    "anno_text_data": {
        "data": [
            {
                "index": 0,
                "raw": "\"안전 우선\"\n\n저는 책임감과 리더십을 갖추기 위해 장교로 임관하였고, 임관 2년 차에 작전장교 직책으로 임무수행 하였습니다. 주된 업무로는 교육 및 훈련을 계획하여 부대의 전투력을 유지하는 것이었습니다. 이를 위해 주간훈련계획에서부터 혹한기훈련, 전술훈련, 행군훈련 등 수많은 훈련을 계획하였습니다. 계획은 인원과 장비 현황 종합뿐만 아니라 타 부대와의 훈련장 협조, 위험성 평가까지 훈련에 관한 모든 것을 준비하는 중요한 업무였습니다. 이 중 위험성 평가 단계는 훈련 간 예상되는 위험을 사전에 식별 및 조치하는 것이었는데 근 몇 년간 큰 사고가 없었고 방대한 업무량으로 형식적인 문서로만 처리되고 있었습니다. 하지만 저는 군대에서 발생하는 어떠한 사고든 인명피해로 이어질 수 있다고 판단했고 원리원칙을 준수하며 위험성 평가가 실질적으로 이루어질 수 있도록 노력했습니다. 우선 현장에 직접 나가 위험 요소를 식별 및 조치하였고 과거 사고사례를 구체화한 위험성 평가리스트로 부대의 전 인원에게 안전에 대한 경각심을 강조했습니다. 이러한 노력으로 사단 교육훈련 불시점검 간 교육훈련 최우수 부대로 선정되었습니다. 이러한 경험을 토대로 입사 후에도 안전 문제와 개선 필요사항에 대해 지속 고민하며 가스공사의 무사고 100% 달성에 이바지하겠습니다.",
                "class": "선한 영향력을 행사하는,고도의 책임감을 가진,목표를 달성하는 능력을 갖춘"
            },
            {
                "index": 1,
                "raw": "현재 우리나라뿐만 아니라 전 세계는 탈석탄, 탈원전 등 신재생에너지의 확대를 뼈대로 하는 에너지 전환 정책을 추진하고 있습니다. 저는 가까운 미래에 수소에너지를 기반으로 한 수소 경제사회가 될 것이라고 생각합니다. 이는 한국가스공사가 나아가야 할 방향이라고 생각합니다. 과감하고 선제적인 수소에너지 사업을 통해 생산부터 유통까지의 전 과정에 참여하며 주도권을 가져야 합니다. 현재 구축 중인 창원·광주 거점형 수소생산기지를 기점으로 전국으로 확대해 나아가야 합니다.\n\n또한, 수소 운반과정에 있어 현재는 기체상태 수소를 탱크로리로 운반하는 것이 일반적인데 대용량이나 장거리 운반에는 배관을 이용하는 것이 더 경제적입니다. 대용량, 장거리 운반을 요구하는 미래의 수소 경제사회를 대비해 수소 배관망 사업이 활발하게 진행될 것이라고 생각합니다. 전국 LNG 배관망의 구축 경험을 지닌 가스공사는 수소 배관망 건설 사업을 선제적으로 추진하여야 합니다. 또한, 한국가스공사는 평택, 통영에 'Truck to Ship'방식의 LNG 벙커링 시설을 운영하고 있는데 지속적인 LNG 벙커링 투자를 통해 벙커링 산업의 활성화에 이바지해야 합니다.",
                "class": "유연한 사고를 가진,비전을 제시하는,비즈니스 마인드를 갖춘"
            },
            {
                "index": 2,
                "raw": "입사 후의 현장은 배워왔던 이론과는 차이가 있을 것이라고 생각합니다. 저는 소대장으로 임무수행 간 부사관, 용사 등 계급과 관계없이 실제 현장과 군사이론의 차이를 이해하고 이를 적극적으로 배워가며 군 생활을 잘 끝마친 경험이 있습니다. 이러한 경험을 통해 매사 적극적으로 배우는 자세를 갖고 임하겠습니다. 또한, 가스기사 자격증을 취득을 계획하고 있습니다. 자격증 취득을 통해 가스에 관한 직무 이해를 높이고 동료들과 원활히 의사소통하겠습니다.",
                "class": "지속적인 성장을 추구하는,고도의 자기주도성을 가진"
            }
        ]
    }
}