{
    "meta": {
        "text_raw": "공학과 인문학을 아우르는 넓은 스펙트럼의 지식입니다.\n\n전자공학과 정보통신공학 과목을 91학점 들었습니다. 고학년이 되고 SW에 대해 더 배우고 싶어 전과한 것의 결과물입니다. 전자과에서 디지털 & 아날로그회로, 반도체 설계, 컴퓨터 구조, 하드웨어설계, 저급어(기계어, C언어) 등에 대해 배웠고, 통신과에서 OS, 자료구조, 고급어(자바), 네트워크, 통신, 디지털 미디어 등에 대해 배웠습니다. 시간이 나면 IoT솔루션과 영상처리 등의 프로젝트 등을 진행했습니다. 학부연구생과 대회출전 등의 경험도 쌓았습니다. 또한, SW과와 기계과의 졸업작품에 각 1년간 참여하며 타 전공자들과 협업하고 다양한 지식을 쌓았습니다. 또한, 개인정보 보호와 편의를 위해 자택에서 서버를 운영하고 있습니다. 운영중 수많은 오류와 문제를 직면했고, 이를 해결하며 실무경력을 많이 쌓을 수 있었습니다.\n\n인문학적 측면으로는 영어학 복수전공을 통해 언어를 분석적으로 파고들었고 언어의 태생부터 특성, 변화를 결정하는 문화를 함께 배웠습니다. 영미문화, 영작문, 음운론, 구문론, 교육학, 특수목적영어(ESP), 통번역 등을 배웠습니다. 그리고 동유럽에 관심이 생겨 러시아어를 배우고 있습니다"
    },
    "anno_text_data": {
        "data": [
            {
                "index": 0,
                "raw": "공학과 인문학을 아우르는 넓은 스펙트럼의 지식입니다.\n\n전자공학과 정보통신공학 과목을 91학점 들었습니다. 고학년이 되고 SW에 대해 더 배우고 싶어 전과한 것의 결과물입니다. 전자과에서 디지털 & 아날로그회로, 반도체 설계, 컴퓨터 구조, 하드웨어설계, 저급어(기계어, C언어) 등에 대해 배웠고, 통신과에서 OS, 자료구조, 고급어(자바), 네트워크, 통신, 디지털 미디어 등에 대해 배웠습니다. 시간이 나면 IoT솔루션과 영상처리 등의 프로젝트 등을 진행했습니다. 학부연구생과 대회출전 등의 경험도 쌓았습니다. 또한, SW과와 기계과의 졸업작품에 각 1년간 참여하며 타 전공자들과 협업하고 다양한 지식을 쌓았습니다. 또한, 개인정보 보호와 편의를 위해 자택에서 서버를 운영하고 있습니다. 운영중 수많은 오류와 문제를 직면했고, 이를 해결하며 실무경력을 많이 쌓을 수 있었습니다.\n\n인문학적 측면으로는 영어학 복수전공을 통해 언어를 분석적으로 파고들었고 언어의 태생부터 특성, 변화를 결정하는 문화를 함께 배웠습니다. 영미문화, 영작문, 음운론, 구문론, 교육학, 특수목적영어(ESP), 통번역 등을 배웠습니다. 그리고 동유럽에 관심이 생겨 러시아어를 배우고 있습니다",
                "class": "지속적인 성장을 추구하는"
            }
        ]
    }
}