{
    "meta": {
        "text_raw": "\"뚜껑이 아닌 사고의 열림\"\n\n인턴기간 내 환자에게 약물을 투여하는 Drug Delivery System 프로젝트를 진행하며 타팀과 협력하여 새로운 제품 version을 만들었습니다. 주요업무는 사출성형된 TPU와 PMMA 소재를 초음파융착으로 biochip을 만든 후 용액 flow 실험을 진행하는 일이었습니다. 하지만 용액 유동실험 중 유로에서 기포가 발생하여 이를 걸러내는 솔루션이 필요했습니다.\n\n매주 랩 세미나에 참여하면서 주요실험에 대한 결과를 발표하는 시간을 가졌고 그때 멤브레인팀에서 연구하는 나노헤어를 가공해보자는 조언을 받게 되었습니다. 이 나노헤어는 헝클어진 머리카락 구조로써 물리적 결합을 이용해 항체를 substrate에 alignment하여 3차원 나노 구조물을 만드는 가공이었고, 이 시스템을 실험에 접목시켰습니다. 제품표면에 100um정도의 sputtering 실시하고 금속 니켈 촉매를 사용해 나노 구조물 가공을 진행하였습니다. 가공된 제품을 syringe pump를 이용해 용액 주입 시 발생하는 변수를 최소화하였고 같은 환경에서 기존 제품과 비교 결과, 약 40%가량 버블 필터링 효과를 나타냈습니다. 실제 육안으로 나타난 효과가 마냥 신기했지만 기존 제품보다 나은 무언가를 만들어야 했습니다. 곰곰이 이 나노구조물의 형태를 떠올렸고, 그때 이 구조에 착안하여 우리 제품 유로에 벽 같은 구조물 패턴을 만들어 기포 필터링을 할 수 있는 아이디어를 팀에게 제안했습니다. 박사님께선 이 제안에 호의적으로 보이셨고 선배님께서 구체적인 금형 도면을 설계해 패턴이 들어간 새로운 버전을 만들 수 있었습니다. 이 제품은 기존 대비 20%정도의 기포 필터링 역할을 해냈고 지속적인 패턴개발로 이전보다 개선된 제품을 만들 수 있었습니다.\n\n이 경험은 현대의 또다른 기술을 융합해 새로운 가치를 만들 수 있다는 지각을 주었습니다. 이와 같은 자세로 주어진 환경에서 더 깊이 사색하여 차원을 넘는 기술융합의 혁신으로 SKI 배터리의 차세대 version을 열고 싶습니다."
    },
    "anno_text_data": {
        "data": [
            {
                "index": 0,
                "raw": "\"뚜껑이 아닌 사고의 열림\"\n\n인턴기간 내 환자에게 약물을 투여하는 Drug Delivery System 프로젝트를 진행하며 타팀과 협력하여 새로운 제품 version을 만들었습니다. 주요업무는 사출성형된 TPU와 PMMA 소재를 초음파융착으로 biochip을 만든 후 용액 flow 실험을 진행하는 일이었습니다. 하지만 용액 유동실험 중 유로에서 기포가 발생하여 이를 걸러내는 솔루션이 필요했습니다.\n\n매주 랩 세미나에 참여하면서 주요실험에 대한 결과를 발표하는 시간을 가졌고 그때 멤브레인팀에서 연구하는 나노헤어를 가공해보자는 조언을 받게 되었습니다. 이 나노헤어는 헝클어진 머리카락 구조로써 물리적 결합을 이용해 항체를 substrate에 alignment하여 3차원 나노 구조물을 만드는 가공이었고, 이 시스템을 실험에 접목시켰습니다. 제품표면에 100um정도의 sputtering 실시하고 금속 니켈 촉매를 사용해 나노 구조물 가공을 진행하였습니다. 가공된 제품을 syringe pump를 이용해 용액 주입 시 발생하는 변수를 최소화하였고 같은 환경에서 기존 제품과 비교 결과, 약 40%가량 버블 필터링 효과를 나타냈습니다. 실제 육안으로 나타난 효과가 마냥 신기했지만 기존 제품보다 나은 무언가를 만들어야 했습니다. 곰곰이 이 나노구조물의 형태를 떠올렸고, 그때 이 구조에 착안하여 우리 제품 유로에 벽 같은 구조물 패턴을 만들어 기포 필터링을 할 수 있는 아이디어를 팀에게 제안했습니다. 박사님께선 이 제안에 호의적으로 보이셨고 선배님께서 구체적인 금형 도면을 설계해 패턴이 들어간 새로운 버전을 만들 수 있었습니다. 이 제품은 기존 대비 20%정도의 기포 필터링 역할을 해냈고 지속적인 패턴개발로 이전보다 개선된 제품을 만들 수 있었습니다.\n\n이 경험은 현대의 또다른 기술을 융합해 새로운 가치를 만들 수 있다는 지각을 주었습니다. 이와 같은 자세로 주어진 환경에서 더 깊이 사색하여 차원을 넘는 기술융합의 혁신으로 SKI 배터리의 차세대 version을 열고 싶습니다.",
                "class": "유연한 사고를 가진,문제해결능력이 뛰어난,탄탄한 의사소통 능력을 가진,적극적인,긍정적인 태도를 갖춘"
            }
        ]
    }
}