{
    "meta": {
        "text_raw": "AI를 기반의 플랫폼을 제작하여 고객 맞춤 플랫폼을 제작해보고 싶어서 삼성 SDS에 지원하게 되었습니다. 급변하는 4차 산업혁명에서 중요한 것은 고객의 니즈에 적합한 새로운 선진 서비스와 차별화된 솔루션을 제공하는 것이라고 생각합니다. 삼성 SDS는 AI기반의 물류통합관리플랫폼 Cello를 자체 개발하여 물류 관리의 편의성을 높였고, 리테일 매장에도 AI를 접목하여 고객 기반 맞춤형 콘텐츠를 제공하는 플랫폼을 구축하며 경쟁력을 확보하고 있습니다. 따라서 최적의 IT서비스를 제공하며 고객에게 편리함을 주는 삼성 SDS는 미래에도 업계 최고 수준의 선진서비스를 제공할 것이라고 생각하였습니다. 이러한 삼성 SDS에서 AI 기반의 플랫폼을 구축하며 새로운 고객 경험을 제공하는 것이 저의 목표입니다.\n\n따라서 저는 이러한 목표를 이루기 위해서 머신러닝을 사용한 수화 번역기를 제작하며 AI 역량을 쌓았습니다. 먼저 SVM머신러닝 접목시켜 모델을 학습시키고 예측모델을 제공하였고, 예측 모델의 오차를 줄이기 위해 여러 번의 학습을 시키며 예측 정확도를 높였습니다. 이러한 과정을 통해서 AI 분야에 대한 지식과 경험을 쌓았으며, AI에 좀 더 흥미를 갖게 되었습니다. 이러한 경험을 바탕으로 삼성 SDS에서 AI를 접목한 플랫폼을 구축하며 고객의 만족도를 높이고 회사의 성장에 기여하겠습니다"
    },
    "anno_text_data": {
        "data": [
            {
                "index": 0,
                "raw": "AI를 기반의 플랫폼을 제작하여 고객 맞춤 플랫폼을 제작해보고 싶어서 삼성 SDS에 지원하게 되었습니다. 급변하는 4차 산업혁명에서 중요한 것은 고객의 니즈에 적합한 새로운 선진 서비스와 차별화된 솔루션을 제공하는 것이라고 생각합니다. 삼성 SDS는 AI기반의 물류통합관리플랫폼 Cello를 자체 개발하여 물류 관리의 편의성을 높였고, 리테일 매장에도 AI를 접목하여 고객 기반 맞춤형 콘텐츠를 제공하는 플랫폼을 구축하며 경쟁력을 확보하고 있습니다. 따라서 최적의 IT서비스를 제공하며 고객에게 편리함을 주는 삼성 SDS는 미래에도 업계 최고 수준의 선진서비스를 제공할 것이라고 생각하였습니다. 이러한 삼성 SDS에서 AI 기반의 플랫폼을 구축하며 새로운 고객 경험을 제공하는 것이 저의 목표입니다.\n\n따라서 저는 이러한 목표를 이루기 위해서 머신러닝을 사용한 수화 번역기를 제작하며 AI 역량을 쌓았습니다. 먼저 SVM머신러닝 접목시켜 모델을 학습시키고 예측모델을 제공하였고, 예측 모델의 오차를 줄이기 위해 여러 번의 학습을 시키며 예측 정확도를 높였습니다. 이러한 과정을 통해서 AI 분야에 대한 지식과 경험을 쌓았으며, AI에 좀 더 흥미를 갖게 되었습니다. 이러한 경험을 바탕으로 삼성 SDS에서 AI를 접목한 플랫폼을 구축하며 고객의 만족도를 높이고 회사의 성장에 기여하겠습니다",
                "class": "데이터 기반의 의사결정을 하는,고도의 자기주도성을 가진"
            }
        ]
    }
}