{
    "meta": {
        "text_raw": "재경의 필수 역량은 정확성, 계획성, 책임감입니다.\n첫 번째 정확성. 재경은 소수점, 0의 개수 등 작은 오류가 큰 손실을 야기합니다. 이는 정확성으로 발생 가능성을 제거할 수 있는데, 학원 근무 중 수납과 비용을 관리하는 업무는 거래 기록의 중요성 등을 깨닫게 해 정확한 업무 처리 능력을 기를 수 있게 했습니다.\n\n두 번째 계획성. 회계는 정해진 공시 일정을 따라야 하기 때문에 철저한 계획 하에 이루어져야 합니다. 저는 42일간의 해외여행을 1시간 단위로 계획한 경험이 있습니다 1인 배낭여행을 안전히 다녀오기 위함이었고 해당 계획을 따라 무사히 여행할 수 있었습니다. 이런 철저한 계획성은 CJ제일제당에서도 일정에 차질을 유발하지 않아 팀 내 원활한 업무 처리가 가능합니다.\n\n마지막 책임감. 회계는 기업의 언어로 공시자료를 통해 제공되며 정보이용자들은 해당 자료를 통해 중대한 의사결정을 합니다. 때문에 책임감을 기반으로 투명한 결산, 전문성 있는 업무 처리를 이행해야 합니다. 다수의 아르바이트와 학생회의 예산 편성 업무는 돈을 직접적으로 관리하면서 역할에 대한 책임감과 청렴한 마음가짐을 가지게 했습니다. 또한 역할 수행의 효율을 위해 회계 전산 프로그램 자격증을 취득했습니다. 각각의 자격증은 사용 프로그램이 모두 다르지만 그 사용법은 유사했습니다, 이는 CJ제일제당 내 회계 프로그램도 빠르게 숙달하여 업무를 이행할 수 있게 합니다.\n\n재경의 세 가지 필수 역량을 모두 보유하고 있는 저는 CJ제일제당 Finance&Accounting 부문의 직무를 효과적으로 수행할 수 있습니다."
    },
    "anno_text_data": {
        "data": [
            {
                "index": 0,
                "raw": "재경의 필수 역량은 정확성, 계획성, 책임감입니다.\n첫 번째 정확성. 재경은 소수점, 0의 개수 등 작은 오류가 큰 손실을 야기합니다. 이는 정확성으로 발생 가능성을 제거할 수 있는데, 학원 근무 중 수납과 비용을 관리하는 업무는 거래 기록의 중요성 등을 깨닫게 해 정확한 업무 처리 능력을 기를 수 있게 했습니다.\n\n두 번째 계획성. 회계는 정해진 공시 일정을 따라야 하기 때문에 철저한 계획 하에 이루어져야 합니다. 저는 42일간의 해외여행을 1시간 단위로 계획한 경험이 있습니다 1인 배낭여행을 안전히 다녀오기 위함이었고 해당 계획을 따라 무사히 여행할 수 있었습니다. 이런 철저한 계획성은 CJ제일제당에서도 일정에 차질을 유발하지 않아 팀 내 원활한 업무 처리가 가능합니다.\n\n마지막 책임감. 회계는 기업의 언어로 공시자료를 통해 제공되며 정보이용자들은 해당 자료를 통해 중대한 의사결정을 합니다. 때문에 책임감을 기반으로 투명한 결산, 전문성 있는 업무 처리를 이행해야 합니다. 다수의 아르바이트와 학생회의 예산 편성 업무는 돈을 직접적으로 관리하면서 역할에 대한 책임감과 청렴한 마음가짐을 가지게 했습니다. 또한 역할 수행의 효율을 위해 회계 전산 프로그램 자격증을 취득했습니다. 각각의 자격증은 사용 프로그램이 모두 다르지만 그 사용법은 유사했습니다, 이는 CJ제일제당 내 회계 프로그램도 빠르게 숙달하여 업무를 이행할 수 있게 합니다.\n\n재경의 세 가지 필수 역량을 모두 보유하고 있는 저는 CJ제일제당 Finance&Accounting 부문의 직무를 효과적으로 수행할 수 있습니다.",
                "class": "고도의 책임감을 가진,자원을 효율적으로 활용하는"
            }
        ]
    }
}