{
    "meta": {
        "text_raw": "누군가에게 추억은 그 시절 그때가 아니면 얻을 수 없는 소중한 것입니다. 저에게 있어서 가족과 함께 했던 추억은 지금의 저를 만들어준 작은 조각과 같습니다. 저는 특유의 적극적인 성격으로 여행을 좋아하여 국내외 이곳저곳을 여행했는데, 그곳은 지금도 향수로 남습니다. 저는 제가 경험했던 그런 아름다운 향수를 만드는 관광 상품을 기획, 홍보하는 업무를 하고 싶습니다.\n내-외국인을 위해 관광지를 기획하고 홍보하는 업무가 제가 성취하고자 하는 목표입니다. 이를 위해서 필요한 것이 외국에 대한 포괄적인 이해라고 생각하여 이웃나라 중국, 일본에 대한 다양한 강의를 이수했고, 방학 중에는 궁금한 곳에 방문해 보기도 했습니다. 이러한 이해와 OA 능력을 바탕으로 3개월이라는 기간 동안 사무 행정과 더불어 마케팅 홍보의 사무 보조로 업무 전반의 큰 틀을 배우고 싶습니다. 또한 아름다운 지역 문화재를 새롭게 테마로 엮어내면서 보다 많은 사람들에게 제가 느꼈던 향수를 선물하고 싶습니다.\n영남권에는 별주부전의 테마가 되는 용궁사가 있고, 각종 사찰과 성이 잘 보존되어 있습니다. 또한 임진왜란 당시 지어진 왜성의 경우 일본 내에서는 더 이상 발견되지 않는 양식이기 때문에 역사적인 주인공을 체험할 수 있는 귀중한 테마 구성에 도움이 될 것이고 생각합니다. 비록 적극적인 성격에 비해 아직 경험이 부족한 것도 사실입니다. 그렇기에 다양한 매력을 가진 영남권의 매력을 알릴 수 있는 한국관광공사 경남지사에서 청년인턴으로서 뜻깊은 경험을 하고 싶습니다."
    },
    "anno_text_data": {
        "data": [
            {
                "index": 0,
                "raw": "누군가에게 추억은 그 시절 그때가 아니면 얻을 수 없는 소중한 것입니다. 저에게 있어서 가족과 함께 했던 추억은 지금의 저를 만들어준 작은 조각과 같습니다. 저는 특유의 적극적인 성격으로 여행을 좋아하여 국내외 이곳저곳을 여행했는데, 그곳은 지금도 향수로 남습니다. 저는 제가 경험했던 그런 아름다운 향수를 만드는 관광 상품을 기획, 홍보하는 업무를 하고 싶습니다.\n내-외국인을 위해 관광지를 기획하고 홍보하는 업무가 제가 성취하고자 하는 목표입니다. 이를 위해서 필요한 것이 외국에 대한 포괄적인 이해라고 생각하여 이웃나라 중국, 일본에 대한 다양한 강의를 이수했고, 방학 중에는 궁금한 곳에 방문해 보기도 했습니다. 이러한 이해와 OA 능력을 바탕으로 3개월이라는 기간 동안 사무 행정과 더불어 마케팅 홍보의 사무 보조로 업무 전반의 큰 틀을 배우고 싶습니다. 또한 아름다운 지역 문화재를 새롭게 테마로 엮어내면서 보다 많은 사람들에게 제가 느꼈던 향수를 선물하고 싶습니다.\n영남권에는 별주부전의 테마가 되는 용궁사가 있고, 각종 사찰과 성이 잘 보존되어 있습니다. 또한 임진왜란 당시 지어진 왜성의 경우 일본 내에서는 더 이상 발견되지 않는 양식이기 때문에 역사적인 주인공을 체험할 수 있는 귀중한 테마 구성에 도움이 될 것이고 생각합니다. 비록 적극적인 성격에 비해 아직 경험이 부족한 것도 사실입니다. 그렇기에 다양한 매력을 가진 영남권의 매력을 알릴 수 있는 한국관광공사 경남지사에서 청년인턴으로서 뜻깊은 경험을 하고 싶습니다.",
                "class": "다양성을 존중하는"
            }
        ]
    }
}