{
    "meta": {
        "text_raw": "\"자기계발형 인재\"\n\n먼저 장점부터 말하자면, 저는 자기계발능력이 큰 강점이라 생각합니다. 사례를 들자면, 저는 OOOO 출신이지만 동기들과 다르게 회로설계 tool을 다룰 수 있다는 경쟁력을 갖고 있습니다. 제가 하고 싶은 일은 회로 Test Engineer였기 때문에 OOOO에서는 배우지 않는 회로설계 이론 및 실습스케치를 IDEC에서의 교육을 통해 배우게 되었습니다. 처음에는 많은 어려움이 있었으나, 강사님의 조언, 전자공학과 친구들의 조언 및 유튜브 강의를 통해 계속해서 배워왔습니다. 그 결과 간단한 회로를 스케치하는 정도는 가능해졌고 그에 대한 DC테스트를 통해 회로의 불량분석에 대한 역량도 키우게 되었습니다.\n단점은 페이스 조절의 아쉬움입니다. 자기계발에 욕심이 크다보니 휴일에도 카페에서 공부하는 시간을 자주 갖곤 합니다. 그러다보니 가끔씩은 피곤함을 느껴 페이스 조절에 실패하게 될 때가 있었습니다. 따라서, 휴일에는 다음 업무에서의 효율성을 위해 휴식도 필요함을 느꼈습니다."
    },
    "anno_text_data": {
        "data": [
            {
                "index": 0,
                "raw": "\"자기계발형 인재\"\n\n먼저 장점부터 말하자면, 저는 자기계발능력이 큰 강점이라 생각합니다. 사례를 들자면, 저는 OOOO 출신이지만 동기들과 다르게 회로설계 tool을 다룰 수 있다는 경쟁력을 갖고 있습니다. 제가 하고 싶은 일은 회로 Test Engineer였기 때문에 OOOO에서는 배우지 않는 회로설계 이론 및 실습스케치를 IDEC에서의 교육을 통해 배우게 되었습니다. 처음에는 많은 어려움이 있었으나, 강사님의 조언, 전자공학과 친구들의 조언 및 유튜브 강의를 통해 계속해서 배워왔습니다. 그 결과 간단한 회로를 스케치하는 정도는 가능해졌고 그에 대한 DC테스트를 통해 회로의 불량분석에 대한 역량도 키우게 되었습니다.\n단점은 페이스 조절의 아쉬움입니다. 자기계발에 욕심이 크다보니 휴일에도 카페에서 공부하는 시간을 자주 갖곤 합니다. 그러다보니 가끔씩은 피곤함을 느껴 페이스 조절에 실패하게 될 때가 있었습니다. 따라서, 휴일에는 다음 업무에서의 효율성을 위해 휴식도 필요함을 느꼈습니다.",
                "class": "지속적인 성장을 추구하는,고도의 자기주도성을 가진"
            }
        ]
    }
}