{
    "meta": {
        "text_raw": "\"미래 대한민국의 성장에 일조하고 싶습니다\"\n\n제가 10년 내로 이루고 싶은 버킷리스트는 우리나라의 혁신 성장을 위한 금융 상품을 개발하는 것입니다. IBK기업은행의 행원으로서 우리나라의 미래 우량 기업을 위한 금융 업무를 수행해보고 싶습니다.\n\n이러한 목표를 가지게 된 계기는 교육 봉사활동이었습니다. 저소득층 중학생 대상 교육 봉사활동에 참여하여 수업 외에도 학업과 진로 상담도 수행한 경험이 있습니다. 교육이 마무리된 후. 활동을 통해 과거에 비해 학업에 열의와 자신감을 가지게 된 학생들의 모습을 보고 뿌듯함을 느꼈습니다. 제 노력과 제가 수행하는 업무를 통해 도움이 필요한 사람들에게 힘이 된다는 것이 얼마나 가치 있는 일인가를 깨달을 수 있었습니다.\n\n저는 제가 관심을 가져온 금융 분야에 있어, 업무를 통해 이러한 사회적 가치를 수행하고 싶습니다. 특히 우리나라의 미래 산업을 이끌어갈 스타트업 기업들이 더욱 성장할 수 있도록 금융 지원이 필요한 때에 충분한 지원을 해줄 수 있는 혁신 성장 분야의 업무에 관심이 있습니다. 이를 통해 우리나라를 대표할만한 유니콘 기업을 만드는 과정에 함께해보고 싶습니다.\n\n이러한 업무를 수행하기 위해서 우선적으로 기업금융 업무에 대한 지식과 풍부한 경험을 쌓겠습니다. 금융지원에 필요한 기업의 심사와 관련된 금융 지식뿐만 아니라, 원활한 기업 평가를 위해 필요한 기술적인 지식 역시 다양한 업무 경험과 자발적인 노력을 통해서 기르고 싶습니다. "
    },
    "anno_text_data": {
        "data": [
            {
                "index": 0,
                "raw": "\"미래 대한민국의 성장에 일조하고 싶습니다\"\n\n제가 10년 내로 이루고 싶은 버킷리스트는 우리나라의 혁신 성장을 위한 금융 상품을 개발하는 것입니다. IBK기업은행의 행원으로서 우리나라의 미래 우량 기업을 위한 금융 업무를 수행해보고 싶습니다.\n\n이러한 목표를 가지게 된 계기는 교육 봉사활동이었습니다. 저소득층 중학생 대상 교육 봉사활동에 참여하여 수업 외에도 학업과 진로 상담도 수행한 경험이 있습니다. 교육이 마무리된 후. 활동을 통해 과거에 비해 학업에 열의와 자신감을 가지게 된 학생들의 모습을 보고 뿌듯함을 느꼈습니다. 제 노력과 제가 수행하는 업무를 통해 도움이 필요한 사람들에게 힘이 된다는 것이 얼마나 가치 있는 일인가를 깨달을 수 있었습니다.",
                "class": "선한 영향력을 행사하는,비전을 제시하는,지속적인 성장을 추구하는,고도의 책임감을 가진"
            },
            {
                "index": 1,
                "raw": "저는 제가 관심을 가져온 금융 분야에 있어, 업무를 통해 이러한 사회적 가치를 수행하고 싶습니다. 특히 우리나라의 미래 산업을 이끌어갈 스타트업 기업들이 더욱 성장할 수 있도록 금융 지원이 필요한 때에 충분한 지원을 해줄 수 있는 혁신 성장 분야의 업무에 관심이 있습니다. 이를 통해 우리나라를 대표할만한 유니콘 기업을 만드는 과정에 함께해보고 싶습니다.\n\n이러한 업무를 수행하기 위해서 우선적으로 기업금융 업무에 대한 지식과 풍부한 경험을 쌓겠습니다. 금융지원에 필요한 기업의 심사와 관련된 금융 지식뿐만 아니라, 원활한 기업 평가를 위해 필요한 기술적인 지식 역시 다양한 업무 경험과 자발적인 노력을 통해서 기르고 싶습니다.",
                "class": "비전을 제시하는,지속적인 성장을 추구하는,비즈니스 마인드를 갖춘,고도의 자기주도성을 가진"
            }
        ]
    }
}