{
    "meta": {
        "text_raw": "OOOOOOO 내 OO동아리인 OOOOO에 소속되어 14학번을 대표하는 기장으로서 2년간 활동했습니다. 가장 기억에 남는 일은 OOOOOOOOO과의 OO교류전입니다. 당시 OOOOOOOOO은 처음 개교하여 신입생들만 재학중인 신생기술원으로써 교류의 장이 충분히 형성되지 않았지만 OO교류전에 대해 양 측 모두 긍정적으로 받아드리면서 추진하게 되었습니다.\n\n하지만 OO교류전을 치르기까지의 과정은 생각보다 쉽지 않았습니다. OO 경기를 위한 30명 정도의 인원, 운동장대관, 교통수단 등 혼자의 힘으로 헤쳐나가기에 어려움이 있다는 사실을 깨달았습니다. 특히 대학생의 신분이였기에 금전적인 지원 없이는 축구교류전을 진행하기 어려웠습니다. 다행히 OOOOOOOOO 측으로부터 OO교류전에 필요한 버스대절비용 및 친목에 필요한 다과비를 학교로부터 지원받을 수 있다는 소식을 접하면서 계획했던 OO교류전을 추진해 나갈 수 있었습니다. 저희 측에서도 대운동장 대관 및 체육관 샤워시설 사용 등 OO교류전을 치르기 위한 계획을 세웠습니다. 우선 학교측에 도움을 받기 위해 OO교류전 관련 계획서를 제출하였습니다.\n\n하지만 학교측으로부터 대운동장과 체육관은 학교의 소유가 아닌 교내시설관리 업체의 소유였기에 주말 낮시간에 무료로 사용하는 것은 힘들다는 답변을 받았습니다. 또한 발생되는 비용은 학생회 측에 문의해보면 될 것이라는 답변을 받았습니다. 다행히 동아리 내에 학생회에 소속된 선배의 도움을 받아 관련 정보를 얻을 수 있었고 OO교류전 관련한 비용을 지원받을 수 있었습니다. OO교류전을 개최하기까지 모든 과정들은 저 혼자의 힘으로는 해낼 수 없었을 것입니다. 양측의 학생들이 OO교류전을 간절히 원했고 학교 및 학생회로부터의 지원을 받기 위한 노력이 있었기에 가능했다고 생각합니다. OO교류전은 예정된 날짜에 좋은 날씨 속에서 치를 수 있었고 이를 계기로 매년 OO를 비롯한 다양한 스포츠 뿐만아니라 학문적인 부분에서 교류의 장을 형성하게 된 계기가 될 수 있었습니다."
    },
    "anno_text_data": {
        "data": [
            {
                "index": 0,
                "raw": "OOOOOOO 내 OO동아리인 OOOOO에 소속되어 14학번을 대표하는 기장으로서 2년간 활동했습니다. 가장 기억에 남는 일은 OOOOOOOOO과의 OO교류전입니다. 당시 OOOOOOOOO은 처음 개교하여 신입생들만 재학중인 신생기술원으로써 교류의 장이 충분히 형성되지 않았지만 OO교류전에 대해 양 측 모두 긍정적으로 받아드리면서 추진하게 되었습니다.\n\n하지만 OO교류전을 치르기까지의 과정은 생각보다 쉽지 않았습니다. OO 경기를 위한 30명 정도의 인원, 운동장대관, 교통수단 등 혼자의 힘으로 헤쳐나가기에 어려움이 있다는 사실을 깨달았습니다. 특히 대학생의 신분이였기에 금전적인 지원 없이는 축구교류전을 진행하기 어려웠습니다. 다행히 OOOOOOOOO 측으로부터 OO교류전에 필요한 버스대절비용 및 친목에 필요한 다과비를 학교로부터 지원받을 수 있다는 소식을 접하면서 계획했던 OO교류전을 추진해 나갈 수 있었습니다. 저희 측에서도 대운동장 대관 및 체육관 샤워시설 사용 등 OO교류전을 치르기 위한 계획을 세웠습니다. 우선 학교측에 도움을 받기 위해 OO교류전 관련 계획서를 제출하였습니다.\n\n하지만 학교측으로부터 대운동장과 체육관은 학교의 소유가 아닌 교내시설관리 업체의 소유였기에 주말 낮시간에 무료로 사용하는 것은 힘들다는 답변을 받았습니다. 또한 발생되는 비용은 학생회 측에 문의해보면 될 것이라는 답변을 받았습니다. 다행히 동아리 내에 학생회에 소속된 선배의 도움을 받아 관련 정보를 얻을 수 있었고 OO교류전 관련한 비용을 지원받을 수 있었습니다. OO교류전을 개최하기까지 모든 과정들은 저 혼자의 힘으로는 해낼 수 없었을 것입니다. 양측의 학생들이 OO교류전을 간절히 원했고 학교 및 학생회로부터의 지원을 받기 위한 노력이 있었기에 가능했다고 생각합니다. OO교류전은 예정된 날짜에 좋은 날씨 속에서 치를 수 있었고 이를 계기로 매년 OO를 비롯한 다양한 스포츠 뿐만아니라 학문적인 부분에서 교류의 장을 형성하게 된 계기가 될 수 있었습니다.",
                "class": "유연한 사고를 가진,탄탄한 의사소통 능력을 가진,적극적인"
            }
        ]
    }
}