{
    "meta": {
        "text_raw": "저는 [책임감]으로 살아가는 사람입니다. 어떤 사건이 벌어졌고 나 혹은 내가 속한 그룹이나 단체가 그 사건에 깊든지 얕든지 관여가 되어 있을 경우는 그 사건을 계속 follow up 하며 결국에는 끝을 봐야 하는 사람입니다. 이런 저의 성격은 같이 일하는 동료뿐만이 아니라 제가 담당하는 고객들에게까지 이 사람이 일하는 곳은 그래도 믿을 수 있다는 생각을 하게 하며, 실제로 아직도 저는 제가 일했던 VR 카페의 임금체납 건과 같은 문제들에 대해서 후속조치들을 도와주고 있습니다. 이처럼 저는 책임감을 통해 세아상역에서 맡는 작은 샘플제작의 일부터 내가 만드는 옷이라는 주인의식을 가지고 임하겠습니다. 또한, 제가 담당하게 될 고객들에게 지속해서 책임감 있는 모습을 보여주어 전 사원 한명 한명의 모습이 모여서 만들어진 세아상역이라는 브랜드가 가진 긍정적인 세계적 영향력에 제힘을 더하겠습니다."
    },
    "anno_text_data": {
        "data": [
            {
                "index": 0,
                "raw": "저는 [책임감]으로 살아가는 사람입니다. 어떤 사건이 벌어졌고 나 혹은 내가 속한 그룹이나 단체가 그 사건에 깊든지 얕든지 관여가 되어 있을 경우는 그 사건을 계속 follow up 하며 결국에는 끝을 봐야 하는 사람입니다. 이런 저의 성격은 같이 일하는 동료뿐만이 아니라 제가 담당하는 고객들에게까지 이 사람이 일하는 곳은 그래도 믿을 수 있다는 생각을 하게 하며, 실제로 아직도 저는 제가 일했던 VR 카페의 임금체납 건과 같은 문제들에 대해서 후속조치들을 도와주고 있습니다. 이처럼 저는 책임감을 통해 세아상역에서 맡는 작은 샘플제작의 일부터 내가 만드는 옷이라는 주인의식을 가지고 임하겠습니다. 또한, 제가 담당하게 될 고객들에게 지속해서 책임감 있는 모습을 보여주어 전 사원 한명 한명의 모습이 모여서 만들어진 세아상역이라는 브랜드가 가진 긍정적인 세계적 영향력에 제힘을 더하겠습니다.",
                "class": "선한 영향력을 행사하는,신뢰를 주는 리더,지속적인 성장을 추구하는,고도의 책임감을 가진,고도의 자기주도성을 가진"
            }
        ]
    }
}