{
    "meta": {
        "text_raw": "\"20~30대: 내집마련의 꿈\"\n\n2019년 통계에 따르면 전체 주택 소유자 중 20~30대의 비중은 약 13.8%에 불과하며, 생애최초 주택구입 평균연령이 39세인 것으로 보아 2030 세대의 주택금융 니즈는 일차적으로 전월세 비용 문제, 그리고 궁극적으로 내집마련을 위한 자금 조달이라 볼 수 있습니다.공사는 임차인들을 대상으로 하는 월세자금보증, 전세자금보증, 그리고 주택을 직접 매입하고자 하는 고객들을 대상으로 디딤돌 대출, 보금자리론 등의 상품을 제공하고 있으며, 특히 후자의 경우 신혼부부를 대상으로 우대 조건을 제공하고 있습니다. 공사는 이러한 상품들을 통해 20~30대의 현실적인 주거 문제를 돕는 역할을 수행하고 있습니다.\n\n\"40~50대: 주거이동의 조력자\"\n\n2019년 기준 40~50대는 우리나라 주택 보유량의 절반 가까이를 소유하고 있습니다. 이들 세대의 주택과 관련된 관심사는 학군이 좋은 곳이나 근무지 근처로, 또는 더 넓은 평수로 이사를 가는 등 주거이동이 주 관심사라고 볼 수 있습니다. 이러한 경우, 처분조건부 1주택자를 대상으로 하며, 디딤돌대출보다 한도와 조건이 완화된 보금자리론과 적격대출을 이용할 수 있습니다. 이를 통해 공사는 국민들이 수요에 맞는 주택을 선택할 기회를 제공하는 업무를 수행하고 있습니다.\n\n\"60대 이상: 노후대비를 위한 주택연금 상품 개발\"\n\n60대 이상 세대의 경우 은퇴 후 노후 대비가 주된 관심사입니다. 따라서 이들 세대의 주된 이용 상품은 주택연금 상품이 될 것입니다. 공사는 주택연금을 통해 고령층 세대의 노후 생활을 안정시킬 수 있으며, 특히 복지적인 측면에서 정부의 추가적인 재정 지출 없이도 소득을 보완할 수 있기 때문에, 이용자 개개인 뿐만 아니라 거시적으로도 매우 중요한 역할을 수행하고 있다고 생각합니다."
    },
    "anno_text_data": {
        "data": [
            {
                "index": 0,
                "raw": "\"20~30대: 내집마련의 꿈\"\n\n2019년 통계에 따르면 전체 주택 소유자 중 20~30대의 비중은 약 13.8%에 불과하며, 생애최초 주택구입 평균연령이 39세인 것으로 보아 2030 세대의 주택금융 니즈는 일차적으로 전월세 비용 문제, 그리고 궁극적으로 내집마련을 위한 자금 조달이라 볼 수 있습니다.공사는 임차인들을 대상으로 하는 월세자금보증, 전세자금보증, 그리고 주택을 직접 매입하고자 하는 고객들을 대상으로 디딤돌 대출, 보금자리론 등의 상품을 제공하고 있으며, 특히 후자의 경우 신혼부부를 대상으로 우대 조건을 제공하고 있습니다. 공사는 이러한 상품들을 통해 20~30대의 현실적인 주거 문제를 돕는 역할을 수행하고 있습니다.",
                "class": "데이터 기반의 의사결정을 하는"
            },
            {
                "index": 1,
                "raw": "\"40~50대: 주거이동의 조력자\"\n\n2019년 기준 40~50대는 우리나라 주택 보유량의 절반 가까이를 소유하고 있습니다. 이들 세대의 주택과 관련된 관심사는 학군이 좋은 곳이나 근무지 근처로, 또는 더 넓은 평수로 이사를 가는 등 주거이동이 주 관심사라고 볼 수 있습니다. 이러한 경우, 처분조건부 1주택자를 대상으로 하며, 디딤돌대출보다 한도와 조건이 완화된 보금자리론과 적격대출을 이용할 수 있습니다. 이를 통해 공사는 국민들이 수요에 맞는 주택을 선택할 기회를 제공하는 업무를 수행하고 있습니다.",
                "class": "데이터 기반의 의사결정을 하는"
            },
            {
                "index": 2,
                "raw": "\"60대 이상: 노후대비를 위한 주택연금 상품 개발\"\n\n60대 이상 세대의 경우 은퇴 후 노후 대비가 주된 관심사입니다. 따라서 이들 세대의 주된 이용 상품은 주택연금 상품이 될 것입니다. 공사는 주택연금을 통해 고령층 세대의 노후 생활을 안정시킬 수 있으며, 특히 복지적인 측면에서 정부의 추가적인 재정 지출 없이도 소득을 보완할 수 있기 때문에, 이용자 개개인 뿐만 아니라 거시적으로도 매우 중요한 역할을 수행하고 있다고 생각합니다.",
                "class": "데이터 기반의 의사결정을 하는"
            }
        ]
    }
}