{
    "meta": {
        "text_raw": "안전성이 보장되는 삶을 구축하는 것은 저의 비전입니다.\n유기 단량체를 합성하며 가장 크게 느낀 점은 화학 물질의 유해성입니다. 합성 시 사용하는 화학 물질들과 용매, 금속 촉매들은 심각한 인체 유해성과 환경 유해성을 가지고 있기에 매 실험마다 사용하는 물질들의 MSDS를 확인하며 실험에 임했고, 수득률은 유지하며 사용 물질의 양을 최소화하는 반응 조건을 설계했습니다. 반응 종료 후의 화학 물질 폐기 처리에도 폐기물의 종류와 무관하게 함께 폐기 처리하던 시스템에서 파우더, 슬러리, 액체를 나누어 폐기 처리할 수 있도록 폐기통을 관리하는데 앞장섰습니다. 사람들에게 편리함을 주는 신소재의 개발에 앞서 친환경적인 실험이 가능하도록 노력하겠습니다.\n고분자에 대한 특성, 합성법, 가공법과 분석 장비에 대한 지식에 유기 합성 연구를 수행한 저와 LG화학은 최고의 파트너가 될 것이라 확신합니다."
    },
    "anno_text_data": {
        "data": [
            {
                "index": 0,
                "raw": "안전성이 보장되는 삶을 구축하는 것은 저의 비전입니다.\n유기 단량체를 합성하며 가장 크게 느낀 점은 화학 물질의 유해성입니다. 합성 시 사용하는 화학 물질들과 용매, 금속 촉매들은 심각한 인체 유해성과 환경 유해성을 가지고 있기에 매 실험마다 사용하는 물질들의 MSDS를 확인하며 실험에 임했고, 수득률은 유지하며 사용 물질의 양을 최소화하는 반응 조건을 설계했습니다. 반응 종료 후의 화학 물질 폐기 처리에도 폐기물의 종류와 무관하게 함께 폐기 처리하던 시스템에서 파우더, 슬러리, 액체를 나누어 폐기 처리할 수 있도록 폐기통을 관리하는데 앞장섰습니다. 사람들에게 편리함을 주는 신소재의 개발에 앞서 친환경적인 실험이 가능하도록 노력하겠습니다.\n고분자에 대한 특성, 합성법, 가공법과 분석 장비에 대한 지식에 유기 합성 연구를 수행한 저와 LG화학은 최고의 파트너가 될 것이라 확신합니다.",
                "class": "데이터 기반의 의사결정을 하는,선한 영향력을 행사하는,고도의 책임감을 가진,자원을 효율적으로 활용하는"
            }
        ]
    }
}