{
    "meta": {
        "text_raw": "일반관리 직무는 기업이 성장하는 데 있어 임직원들이 최고의 성과를 발휘할 수 있도록 최고의 경영환경을 제공해야 하는 직무라 생각합니다. 이에 임직원들의 니즈가 무엇이고, 무엇이 불편한 사항인지 확인하고 솔루션을 제시할 수 있는 역량이 필요하다 생각합니다. 저는 이러한 역량을 갖추고 있기에 일반관리 직무를 지원하였습니다. OO동아리 임원으로 활동하면서 1년간 공연하면서 직접 느낀 불편한 점들을 개선해 변화를 주어 더욱 최고의 공연을 하고자 하였습니다. 이에 저는 단원들에게 시스템의 문제점을 제기하고 솔루션을 제시 후 기대효과를 설명하여 개선작업을 추진하였습니다.\n\n공간과 시간의 제약을 줄이고자 하였습니다. 연습을 위해 많은 인원이 작은 공간에서 매일 연습하기는 벅찼습니다. 이에 첫째, 각 악기가 연습할 수 있는 공간을 마련하기 위해 학생회 측에 문의하여 공간을 확보하였습니다. 둘째, 혼자서도 연습할 수 있도록 영상을 찍어 배포하기로 하였습니다. 1학년 때 연습을 할 당시 선배가 앞에서 가르쳐주면 따라 하는 방식으로 어렵고 이해하기도 벅찼습니다. 이에 각 악기가 홀로 연습할 수 있는 영상과 전체 합주 영상을 찍어 배포하여 이해도를 높이도록 도왔습니다. 이것은 연습 불참자도 다음 연습 때 뒤처지지 않도록 도와주었습니다. 결과적으로 연습 속도를 높여 빠르게 공연 준비를 할 수 있었고, 관객들에게 더욱 질 높은 공연을 선보이며 동아리 구성원들로부터 신뢰를 얻을 수 있었습니다. \n\n이러한 경험을 바탕으로 입사 후 매일경제신문사의 경쟁력을 더욱 높일 수 있도록 기여하고 싶습니다. 이를 위해, 매일경제신문사가 진행하는 다양한 사업의 실질적 내용을 파악하고, 이를 업무와 접목할 수 있도록 꾸준히 학습하여 전문가로 성장해 나아갈 것입니다. 또한, 임직원에게 최고의 경영환경을 제공할 방법을 제시하기 위해 늘 고민하겠습니다. 이에 임직원들이 겪는 불편사항과 니즈가 무엇인지 다양한 커뮤니케이션을 통하여 파악하고, 개선하여 모든 업무가 원활하게 운영될 수 있도록 만들고 싶습니다."
    },
    "anno_text_data": {
        "data": [
            {
                "index": 0,
                "raw": "일반관리 직무는 기업이 성장하는 데 있어 임직원들이 최고의 성과를 발휘할 수 있도록 최고의 경영환경을 제공해야 하는 직무라 생각합니다. 이에 임직원들의 니즈가 무엇이고, 무엇이 불편한 사항인지 확인하고 솔루션을 제시할 수 있는 역량이 필요하다 생각합니다. 저는 이러한 역량을 갖추고 있기에 일반관리 직무를 지원하였습니다. OO동아리 임원으로 활동하면서 1년간 공연하면서 직접 느낀 불편한 점들을 개선해 변화를 주어 더욱 최고의 공연을 하고자 하였습니다. 이에 저는 단원들에게 시스템의 문제점을 제기하고 솔루션을 제시 후 기대효과를 설명하여 개선작업을 추진하였습니다.\n\n공간과 시간의 제약을 줄이고자 하였습니다. 연습을 위해 많은 인원이 작은 공간에서 매일 연습하기는 벅찼습니다. 이에 첫째, 각 악기가 연습할 수 있는 공간을 마련하기 위해 학생회 측에 문의하여 공간을 확보하였습니다. 둘째, 혼자서도 연습할 수 있도록 영상을 찍어 배포하기로 하였습니다. 1학년 때 연습을 할 당시 선배가 앞에서 가르쳐주면 따라 하는 방식으로 어렵고 이해하기도 벅찼습니다. 이에 각 악기가 홀로 연습할 수 있는 영상과 전체 합주 영상을 찍어 배포하여 이해도를 높이도록 도왔습니다. 이것은 연습 불참자도 다음 연습 때 뒤처지지 않도록 도와주었습니다. 결과적으로 연습 속도를 높여 빠르게 공연 준비를 할 수 있었고, 관객들에게 더욱 질 높은 공연을 선보이며 동아리 구성원들로부터 신뢰를 얻을 수 있었습니다. \n\n이러한 경험을 바탕으로 입사 후 매일경제신문사의 경쟁력을 더욱 높일 수 있도록 기여하고 싶습니다. 이를 위해, 매일경제신문사가 진행하는 다양한 사업의 실질적 내용을 파악하고, 이를 업무와 접목할 수 있도록 꾸준히 학습하여 전문가로 성장해 나아갈 것입니다. 또한, 임직원에게 최고의 경영환경을 제공할 방법을 제시하기 위해 늘 고민하겠습니다. 이에 임직원들이 겪는 불편사항과 니즈가 무엇인지 다양한 커뮤니케이션을 통하여 파악하고, 개선하여 모든 업무가 원활하게 운영될 수 있도록 만들고 싶습니다.",
                "class": "문제해결능력이 뛰어난,유연한 사고를 가진,탄탄한 의사소통 능력을 가진,적극적인,고도의 자기주도성을 가진"
            }
        ]
    }
}