{
    "meta": {
        "text_raw": "<에너지를 주는 소통: 고객 서비스에서 얻은 교훈>\n아름다운가게에서 매장관리를 하며, 고객과의 소통을 통해 원활한 가게 운영을 할 수 있었습니다. 저는 사람들과 대화하는 것을 즐기기 때문에 고객의 문의에 성실히 응답하는 것에 큰 보람을 느꼈습니다. 때로는 손님들이 물건을 찾는 것 같을 때, 적극적으로 다가가 도움이 필요한지 물어보았습니다.\n\n물건을 진열하는 동안, 연령층이 높은 단골 손님들께 인사를 건네며 친밀감을 고취시키려 노력했습니다. 매장 운영은 가끔 힘든 순간도 있었지만, 고객과의 소통을 통해 에너지를 얻을 수 있었던 소중한 경험이었습니다.\n\n고객에게 훌륭한 서비스를 제공하여 그들의 마음에 따뜻한 인상을 남기는 것이 제 궁극적인 목표입니다. 고객과의 소통 경험을 토대로, 고객이 요구하는 바를 정확히 이해하고 신속히 처리하는 서비스 전문가가 되겠습니다.\n\n<다양한 부서와의 소통>\nKOTRA에서 인턴을 하면서 외장하드 등록 업무를 담당하여 다양한 팀원들과 소통하였습니다. 각 부서 팀원들이 사내에서 일반 외장하드를 사용할 수 있도록 등록 절차를 수행해야 했는데, 등록을 승인하는 역할을 맡았습니다. 팀원들이 신청 및 사용 방법에 대해 문의할 때마다 친절하게 안내하고, 모르는 부분은 성심껏 설명해주었습니다. 타부서 팀원과의 소통을 통해 타인이 쉽게 이해할 수 있도록 명확하게 정보를 전달하는 것이 중요하다는 것을 깨달았습니다."
    },
    "anno_text_data": {
        "data": [
            {
                "index": 0,
                "raw": "<에너지를 주는 소통: 고객 서비스에서 얻은 교훈>\n아름다운가게에서 매장관리를 하며, 고객과의 소통을 통해 원활한 가게 운영을 할 수 있었습니다. 저는 사람들과 대화하는 것을 즐기기 때문에 고객의 문의에 성실히 응답하는 것에 큰 보람을 느꼈습니다. 때로는 손님들이 물건을 찾는 것 같을 때, 적극적으로 다가가 도움이 필요한지 물어보았습니다.\n\n물건을 진열하는 동안, 연령층이 높은 단골 손님들께 인사를 건네며 친밀감을 고취시키려 노력했습니다. 매장 운영은 가끔 힘든 순간도 있었지만, 고객과의 소통을 통해 에너지를 얻을 수 있었던 소중한 경험이었습니다.\n\n고객에게 훌륭한 서비스를 제공하여 그들의 마음에 따뜻한 인상을 남기는 것이 제 궁극적인 목표입니다. 고객과의 소통 경험을 토대로, 고객이 요구하는 바를 정확히 이해하고 신속히 처리하는 서비스 전문가가 되겠습니다.",
                "class": "탄탄한 의사소통 능력을 가진,선한 영향력을 행사하는,적극적인,긍정적인 태도를 갖춘"
            },
            {
                "index": 1,
                "raw": "<다양한 부서와의 소통>\nKOTRA에서 인턴을 하면서 외장하드 등록 업무를 담당하여 다양한 팀원들과 소통하였습니다. 각 부서 팀원들이 사내에서 일반 외장하드를 사용할 수 있도록 등록 절차를 수행해야 했는데, 등록을 승인하는 역할을 맡았습니다. 팀원들이 신청 및 사용 방법에 대해 문의할 때마다 친절하게 안내하고, 모르는 부분은 성심껏 설명해주었습니다. 타부서 팀원과의 소통을 통해 타인이 쉽게 이해할 수 있도록 명확하게 정보를 전달하는 것이 중요하다는 것을 깨달았습니다.",
                "class": "탄탄한 의사소통 능력을 가진,선한 영향력을 행사하는"
            }
        ]
    }
}