{
    "meta": {
        "text_raw": "OOOOOOO에서 OOOO 및 OOOO공학을 전공하면서 4대역학뿐만 아니라 심화과정인 열전달, 응용유체역학, 기계요소설계 과목을 이수하며 기계설비에 대한 이해와 전문지식을 갖췄습니다. 기계시스템뿐만 아니라 현대사회의 모든 기술분야에 있어서 필수적인 요소인 전기시스템을 하나의 통합된 시스템으로 인식하여 제어하는 시스템동역학, 시스템제어 과목에서 우수한 성적을 받으며 제어설계분야의 흥미로 이어질 수 있었고 실제 연구 및 개발현장에 소속되어 다양한 경험을 통해 부딛혀 보는 것이 중요하다고 판단하여 OOOOOOO OOOOOOO 및 OOOOOO에 지원하였습니다.\n\n한 학기동안 학부연구생으로 소속되어 IEEE에 게재된 Semiactive Magnetorheological Damper for High Aspect Ratio Boring Process 논문의 타당성을 뒷받침하는 진동제어실험을 맡아 실험에 필요한 지그 제작단계부터 실험을 통해 얻은 데이터를 MATLAB을 통해 분석하는 단계까지 전반적인 연구과정을 수행하였습니다. 처음 맡은 연구과제이자 실험결과가 논문의 타당성을 뒷받침하는 자료로 쓰이는만큼 학업을 제외한 모든 시간을 연구실에서 보내며 책임감을 가지고 주어진 실험에 임하였습니다.\n\n하지만 반복적인 실험과정 속에서 예기치 못한 문제들이 발생하였고 해결하는 과정에서 경험이 부족한 저의 모습을 발견할 수 있었습니다. 실험기기 측면에서 쇠막대기에 부착한 가속도 측정기의 오류를 발견하기까지 오랜시간이 걸렸지만 직접 전자실험기기 업체와 연락하여 문제를 해결한 후 실험을 이어갈 수 있었습니다. 또한 경험이 많으신 교수님과 선배연구원들의 조언 덕분에 오실로스코프로부터 얻은 실험데이터들을 MATLAB을 활용하여 분석할 수 있었고 원하는 결과물을 얻을 수 있었습니다. 무에서 유를 창조해 나가는 연구과정들은 끊임없는 도전의 연속이었고 부족한 부분들을 채워나가며 엔지니어로서 처음으로 성취감을 경험할 수 있었습니다."
    },
    "anno_text_data": {
        "data": [
            {
                "index": 0,
                "raw": "OOOOOOO에서 OOOO 및 OOOO공학을 전공하면서 4대역학뿐만 아니라 심화과정인 열전달, 응용유체역학, 기계요소설계 과목을 이수하며 기계설비에 대한 이해와 전문지식을 갖췄습니다. 기계시스템뿐만 아니라 현대사회의 모든 기술분야에 있어서 필수적인 요소인 전기시스템을 하나의 통합된 시스템으로 인식하여 제어하는 시스템동역학, 시스템제어 과목에서 우수한 성적을 받으며 제어설계분야의 흥미로 이어질 수 있었고 실제 연구 및 개발현장에 소속되어 다양한 경험을 통해 부딛혀 보는 것이 중요하다고 판단하여 OOOOOOO OOOOOOO 및 OOOOOO에 지원하였습니다.\n\n한 학기동안 학부연구생으로 소속되어 IEEE에 게재된 Semiactive Magnetorheological Damper for High Aspect Ratio Boring Process 논문의 타당성을 뒷받침하는 진동제어실험을 맡아 실험에 필요한 지그 제작단계부터 실험을 통해 얻은 데이터를 MATLAB을 통해 분석하는 단계까지 전반적인 연구과정을 수행하였습니다. 처음 맡은 연구과제이자 실험결과가 논문의 타당성을 뒷받침하는 자료로 쓰이는만큼 학업을 제외한 모든 시간을 연구실에서 보내며 책임감을 가지고 주어진 실험에 임하였습니다.\n\n하지만 반복적인 실험과정 속에서 예기치 못한 문제들이 발생하였고 해결하는 과정에서 경험이 부족한 저의 모습을 발견할 수 있었습니다. 실험기기 측면에서 쇠막대기에 부착한 가속도 측정기의 오류를 발견하기까지 오랜시간이 걸렸지만 직접 전자실험기기 업체와 연락하여 문제를 해결한 후 실험을 이어갈 수 있었습니다. 또한 경험이 많으신 교수님과 선배연구원들의 조언 덕분에 오실로스코프로부터 얻은 실험데이터들을 MATLAB을 활용하여 분석할 수 있었고 원하는 결과물을 얻을 수 있었습니다. 무에서 유를 창조해 나가는 연구과정들은 끊임없는 도전의 연속이었고 부족한 부분들을 채워나가며 엔지니어로서 처음으로 성취감을 경험할 수 있었습니다.",
                "class": "데이터 기반의 의사결정을 하는,지속적인 성장을 추구하는,고도의 책임감을 가진"
            }
        ]
    }
}