{
    "meta": {
        "text_raw": "\"안전한 등굣길을 위해 봉사하다\"\n\n저희 학교는 정문으로 가는 길이 차도로 갈라져 있습니다. 이곳은 차도의 간격이 좁고 주기적으로 이 지역을 순회하던 관광버스의 전용 차도로 공사된 곳이었기 때문에 신호등도 설치하지 못한 곳이었습니다. 때문에 학생들은 등교하기 위해서는 신호등도 없는 길을 차가 안 갈 때 건너가야 했고 그러지 못한 경우 실수로 접촉사고가 일어나기도 했습니다.\n\n저는 저를 비롯한 학생들과 교사분들의 등교를 더욱 안전하게 하고자 학교에서 교통통솔인원을 만들어 학교로 오는 여러 교통 길목에 배치했을 때 정문 앞 차도 길에 지원하여 6개월간 매주 월요일마다 남들보다 먼저 등교하여 차가 지날 때는 신호를 주어 사람과 접촉사고가 발생하지 않도록 하여 안전한 등교가 가능하도록 했습니다. 현재는 후배에게 인수인계하여 저 대신 새벽부터 나와 교통통솔 봉사를 하고 있습니다. 학교 공동체의 안전한 등교를 위하여 시작한 것이 이제는 후배들에게 이어지는 매우 뿌듯한 경험이었습니다."
    },
    "anno_text_data": {
        "data": [
            {
                "index": 0,
                "raw": "\"안전한 등굣길을 위해 봉사하다\"\n\n저희 학교는 정문으로 가는 길이 차도로 갈라져 있습니다. 이곳은 차도의 간격이 좁고 주기적으로 이 지역을 순회하던 관광버스의 전용 차도로 공사된 곳이었기 때문에 신호등도 설치하지 못한 곳이었습니다. 때문에 학생들은 등교하기 위해서는 신호등도 없는 길을 차가 안 갈 때 건너가야 했고 그러지 못한 경우 실수로 접촉사고가 일어나기도 했습니다.\n\n저는 저를 비롯한 학생들과 교사분들의 등교를 더욱 안전하게 하고자 학교에서 교통통솔인원을 만들어 학교로 오는 여러 교통 길목에 배치했을 때 정문 앞 차도 길에 지원하여 6개월간 매주 월요일마다 남들보다 먼저 등교하여 차가 지날 때는 신호를 주어 사람과 접촉사고가 발생하지 않도록 하여 안전한 등교가 가능하도록 했습니다. 현재는 후배에게 인수인계하여 저 대신 새벽부터 나와 교통통솔 봉사를 하고 있습니다. 학교 공동체의 안전한 등교를 위하여 시작한 것이 이제는 후배들에게 이어지는 매우 뿌듯한 경험이었습니다.",
                "class": "문제해결능력이 뛰어난,선한 영향력을 행사하는,적극적인,고도의 책임감을 가진"
            }
        ]
    }
}