{
    "meta": {
        "text_raw": "\"절충안 및 솔선수범 자세를 통한 갈등 해결 과정\"\n교육학과 전공자와의 협업 활동에서 갈등 해결을 통한 혁신적 결과 도출 경험이 있습니다. OOO 주관 통계 교육 재능기부단 활동 경험이었습니다. 4개의 초 중고등학교에 직접 찾아가 학생들이 통계에 대한 흥미를 느낄 수 있도록 통계 교육을 제공하는 재능 기부 활동으로, 저희 팀은 기존의 '이론 수업 후 프로그램 실습'이라는 수업 방식의 효율성의 문제를 인식하고, 새로운 방식의 수업 방식이 필요했습니다. 이 과정에서 현재의 수업 방식이 교육학적으로 효율적이라는 교육학과와 전문적인 통계 지식이 필요하다는 통계학과 간의 갈등이었습니다. 저는 팀장으로서 이러한 갈등 해결을 위해 효과적인 수업 방식에 대한 절충안이 필요하였습니다. 따라서 저는 교육학과 팀원들의 제안인 교육학적 요소들을 추가한 '조별 프로젝트' 수업을 제안하였습니다.\n또한 동시에, 조별 프로젝트라는 수업의 특성상 필요한 통계학적 지식들을 모두 담은 PPT를 제작하여 교육학 전공 팀원들에게 전해주며 조원들의 지속적 피드백을 받음으로써 수업 준비 과정에서의 효율을 높였습니다. 최종적으로 '학급 내 신발 크기와 키 사이의 상관관계 분석' 과 같은 학생들이 관심을 가지고 있는 팀별 조사 주제를 정한 후 이를 조사, 분석 그리고 평가하는 방식의 수업을 진행하였습니다. 교육학과의 조언에 따라 퀴즈와 상품을 통해 지속적 참여를 유발하였고 통계학과의 조언에 따라 전문적 통계 지식까지 수업에 포함하였습니다. 그 결과 학생들이 수업 후 찾아와 자신이 진행한 프로젝트의 개선점을 질문하는 등 궁극적 목표였던 '통계에 대한 흥미'를 성공적으로 이뤄냈습니다."
    },
    "anno_text_data": {
        "data": [
            {
                "index": 0,
                "raw": "\"절충안 및 솔선수범 자세를 통한 갈등 해결 과정\"\n교육학과 전공자와의 협업 활동에서 갈등 해결을 통한 혁신적 결과 도출 경험이 있습니다. OOO 주관 통계 교육 재능기부단 활동 경험이었습니다. 4개의 초 중고등학교에 직접 찾아가 학생들이 통계에 대한 흥미를 느낄 수 있도록 통계 교육을 제공하는 재능 기부 활동으로, 저희 팀은 기존의 '이론 수업 후 프로그램 실습'이라는 수업 방식의 효율성의 문제를 인식하고, 새로운 방식의 수업 방식이 필요했습니다. 이 과정에서 현재의 수업 방식이 교육학적으로 효율적이라는 교육학과와 전문적인 통계 지식이 필요하다는 통계학과 간의 갈등이었습니다. 저는 팀장으로서 이러한 갈등 해결을 위해 효과적인 수업 방식에 대한 절충안이 필요하였습니다. 따라서 저는 교육학과 팀원들의 제안인 교육학적 요소들을 추가한 '조별 프로젝트' 수업을 제안하였습니다.\n또한 동시에, 조별 프로젝트라는 수업의 특성상 필요한 통계학적 지식들을 모두 담은 PPT를 제작하여 교육학 전공 팀원들에게 전해주며 조원들의 지속적 피드백을 받음으로써 수업 준비 과정에서의 효율을 높였습니다. 최종적으로 '학급 내 신발 크기와 키 사이의 상관관계 분석' 과 같은 학생들이 관심을 가지고 있는 팀별 조사 주제를 정한 후 이를 조사, 분석 그리고 평가하는 방식의 수업을 진행하였습니다. 교육학과의 조언에 따라 퀴즈와 상품을 통해 지속적 참여를 유발하였고 통계학과의 조언에 따라 전문적 통계 지식까지 수업에 포함하였습니다. 그 결과 학생들이 수업 후 찾아와 자신이 진행한 프로젝트의 개선점을 질문하는 등 궁극적 목표였던 '통계에 대한 흥미'를 성공적으로 이뤄냈습니다.",
                "class": "다양한 의견을 수렴하는,탄탄한 의사소통 능력을 가진,신뢰를 주는 리더,적응력이 높은"
            }
        ]
    }
}