{
    "meta": {
        "text_raw": "\"발명에 도전하여 나의 발명품으로 특허를 취득하다\"\n\n처음에 발명대회에 참가해보라는 권유를 받았을 때는 처음 해보는 발명에 적잖이 당황했습니다. 하지만 발명이라는 미지의 영역에 발을 들이는 경험을 겪으면서 새로운 것에도 기꺼이 몸을 던지는 능력을 갖추고 싶어져 대회에 나가기 위한 준비를 시작했습니다. 발명을 하기 위해 평소에 느꼈던 불편함이 뭘까 주변을 돌아보며 소재를 찾았습니다. 그리고 해결해야 할 문제를 찾고 난 후 개선을 위한 발명품 제작을 위해 기술에 대해 능통한 기능인 분들과 상담하며 발명품을 제작하였습니다. 마지막으로 이렇게 제작된 발명품의 권리를 보장하고 보호하기 위해서 지식재산에 박식한 변리사분과 상담하는 과정을 겪으면서 발명이라는 영역에 대한 전문성을 길렀고 기능성 핀셋으로 대회 수상을 하였습니다. 이런 경험을 바탕으로 국가철도공단에 입사하여 새로운 분야에 도전하고 전기 직렬에 기원하는 사원이 되고 싶습니다"
    },
    "anno_text_data": {
        "data": [
            {
                "index": 0,
                "raw": "\"발명에 도전하여 나의 발명품으로 특허를 취득하다\"\n\n처음에 발명대회에 참가해보라는 권유를 받았을 때는 처음 해보는 발명에 적잖이 당황했습니다. 하지만 발명이라는 미지의 영역에 발을 들이는 경험을 겪으면서 새로운 것에도 기꺼이 몸을 던지는 능력을 갖추고 싶어져 대회에 나가기 위한 준비를 시작했습니다. 발명을 하기 위해 평소에 느꼈던 불편함이 뭘까 주변을 돌아보며 소재를 찾았습니다. 그리고 해결해야 할 문제를 찾고 난 후 개선을 위한 발명품 제작을 위해 기술에 대해 능통한 기능인 분들과 상담하며 발명품을 제작하였습니다. 마지막으로 이렇게 제작된 발명품의 권리를 보장하고 보호하기 위해서 지식재산에 박식한 변리사분과 상담하는 과정을 겪으면서 발명이라는 영역에 대한 전문성을 길렀고 기능성 핀셋으로 대회 수상을 하였습니다. 이런 경험을 바탕으로 국가철도공단에 입사하여 새로운 분야에 도전하고 전기 직렬에 기원하는 사원이 되고 싶습니다",
                "class": "창의력을 가진,적극적인,고도의 자기주도성을 가진"
            }
        ]
    }
}