{
    "meta": {
        "text_raw": "저는 남들과 비교해서 욕심이란 게 많지 않았습니다. 삶을 살아오면서 식당 아르바이트나 공사장 막노동부터 팀 프로젝트 수행 시 리더의 역할 또는 공사 현장 관리까지 나름대로 다양한 경험을 해보면서 어떤 일이든 그 역할 나름의 중요한 이유가 있다는 생각이 들었습니다. 저는 무언가 일을 할 때 나를 믿어준, 나에게 기회를 준 이들에게 책임감을 느끼고 믿음에 보답하여 다른 이들이 기대한 것 이상의 결과를 만들어 내는 것이 가장 큰 나의 목표라고 생각합니다.\n\n그런데도 LX 하우시스와 같은 대기업에 지원한 이유는 다음과 같습니다. 처음으로 전문분야를 정하게 되고 그에 따른 일을 시작할 때는 규모가 큰 곳에서 해야 그 분야의 산업이 전반적으로 어떤 방식으로, 어떤 것을 중점으로 하며 진행되는 것인지 알 수 있기 때문이고, 어떤 일을 할 때 그 일의 전반적인 흐름을 안다는 것은 생각지 못한 변수에 유연하게 대처하는 데에 있어 중요하다고 생각하기 때문입니다. 그리고 큰 규모에서 다양한 인재들과 함께하며 그들의 관점과 생각을 접해 볼 기회라고 생각했기 때문입니다.\n\n입사하여 나를 한층 성장 시키고 성장한 나를 바탕으로 나에게 기회를 준, 나에게 믿음을 준 곳에 책임을 지고 더 큰 이익으로 돌아오게끔 하는 것이 지금의 목표입니다. 저는 그곳이 LX 하우시스이기를 고대하고 있습니다."
    },
    "anno_text_data": {
        "data": [
            {
                "index": 0,
                "raw": "저는 남들과 비교해서 욕심이란 게 많지 않았습니다. 삶을 살아오면서 식당 아르바이트나 공사장 막노동부터 팀 프로젝트 수행 시 리더의 역할 또는 공사 현장 관리까지 나름대로 다양한 경험을 해보면서 어떤 일이든 그 역할 나름의 중요한 이유가 있다는 생각이 들었습니다. 저는 무언가 일을 할 때 나를 믿어준, 나에게 기회를 준 이들에게 책임감을 느끼고 믿음에 보답하여 다른 이들이 기대한 것 이상의 결과를 만들어 내는 것이 가장 큰 나의 목표라고 생각합니다.",
                "class": "유연한 사고를 가진"
            },
            {
                "index": 1,
                "raw": "그런데도 LX 하우시스와 같은 대기업에 지원한 이유는 다음과 같습니다. 처음으로 전문분야를 정하게 되고 그에 따른 일을 시작할 때는 규모가 큰 곳에서 해야 그 분야의 산업이 전반적으로 어떤 방식으로, 어떤 것을 중점으로 하며 진행되는 것인지 알 수 있기 때문이고, 어떤 일을 할 때 그 일의 전반적인 흐름을 안다는 것은 생각지 못한 변수에 유연하게 대처하는 데에 있어 중요하다고 생각하기 때문입니다. 그리고 큰 규모에서 다양한 인재들과 함께하며 그들의 관점과 생각을 접해 볼 기회라고 생각했기 때문입니다.",
                "class": "다양성을 존중하는,적응력이 높은,긍정적인 태도를 갖춘"
            }
        ]
    }
}