{
    "meta": {
        "text_raw": "\"180번의 시도\"\n\n인턴활동 동안 암세포 검출을 위한 마이크로 유체소자를 만드는 프로젝트를 진행하면서 끈기 있게 나아가 하이브리드 패키징 최적의 조건을 도출하였습니다. 주요 실험은 사출성형된 PMMA 덮개기판과 TPU 소재를 초음파융착 패키징 한 후 용액 유동과 leak여부를 확인하는 것이었습니다. 그 과정에서 재료의 용융정도에 따라 과융착 될 경우 용액이 flow 되지 않았고, 미융착이 됐을 경우 leak가 발생하여 원활한 유동을 위한 패키징 조건을 찾아야 했습니다.\n\n갈피를 잡기 어려웠지만 끈기 있게 융착조건 변수를 하나씩 조정해 나갔습니다. 먼저 진폭30%, 압력 50psi로 fix한 후 0.1sec씩 융착시간을 높여 나갔고 0.6sec이상에서 융착강도가 저하되는 것을 확인하였습니다. 이후 0.1~0.5sec 융착시간 조건 하에 압력을 10psi씩 조정해 70psi이상에서 표면이 밀착되는 걸 발견하였고 압력범위를 70~100psi로 좁힌 다음, 진폭을 5%씩 조정하였습니다. 이때 50%이상의 진폭구간에서 brittle한 PMMA의 물성으로 인해 초음파 진동에 의한 손실률이 상승해 과융착 되는 현상을 발견할 수 있었습니다. 모든 범위를 추려 0.1~0.5sec, 40~50%, 70~100psi 범위에서 각 조건당 3개씩, 총 180가량의 샘플을 만들어 샘플외관을 촬영하고 모두 용액 실험을 진행하였습니다. 반복된 실험으로 인해 지치고 힘들었지만 포기하지 않고 끝까지 해보고 싶었습니다. 그 노력 끝에 0.5sec, 40%, 100psi 압력이라는 최적의 조건을 도출하였으며 이 결과에 W（초음파출력）=T（융착시간）*A（진폭）*P（압력） 계산식을 도입해 reference를 만들었습니다. 이렇게 실험을 통해 얻은 reference를 또 다른 제품 패키징 공정에서 활용할 수 있었고 이러한 방식은 실험의 효율을 향상시킬 수 있었습니다. 더 나은 길도 있었겠지만 스스로 방법을 찾고자 노력하였고 그 과정에서 끈기라는 동력으로 결과를 만들어 낼 수 있었습니다"
    },
    "anno_text_data": {
        "data": [
            {
                "index": 0,
                "raw": "\"180번의 시도\"\n\n인턴활동 동안 암세포 검출을 위한 마이크로 유체소자를 만드는 프로젝트를 진행하면서 끈기 있게 나아가 하이브리드 패키징 최적의 조건을 도출하였습니다. 주요 실험은 사출성형된 PMMA 덮개기판과 TPU 소재를 초음파융착 패키징 한 후 용액 유동과 leak여부를 확인하는 것이었습니다. 그 과정에서 재료의 용융정도에 따라 과융착 될 경우 용액이 flow 되지 않았고, 미융착이 됐을 경우 leak가 발생하여 원활한 유동을 위한 패키징 조건을 찾아야 했습니다.\n\n갈피를 잡기 어려웠지만 끈기 있게 융착조건 변수를 하나씩 조정해 나갔습니다. 먼저 진폭30%, 압력 50psi로 fix한 후 0.1sec씩 융착시간을 높여 나갔고 0.6sec이상에서 융착강도가 저하되는 것을 확인하였습니다. 이후 0.1~0.5sec 융착시간 조건 하에 압력을 10psi씩 조정해 70psi이상에서 표면이 밀착되는 걸 발견하였고 압력범위를 70~100psi로 좁힌 다음, 진폭을 5%씩 조정하였습니다. 이때 50%이상의 진폭구간에서 brittle한 PMMA의 물성으로 인해 초음파 진동에 의한 손실률이 상승해 과융착 되는 현상을 발견할 수 있었습니다. 모든 범위를 추려 0.1~0.5sec, 40~50%, 70~100psi 범위에서 각 조건당 3개씩, 총 180가량의 샘플을 만들어 샘플외관을 촬영하고 모두 용액 실험을 진행하였습니다. 반복된 실험으로 인해 지치고 힘들었지만 포기하지 않고 끝까지 해보고 싶었습니다. 그 노력 끝에 0.5sec, 40%, 100psi 압력이라는 최적의 조건을 도출하였으며 이 결과에 W（초음파출력）=T（융착시간）*A（진폭）*P（압력） 계산식을 도입해 reference를 만들었습니다. 이렇게 실험을 통해 얻은 reference를 또 다른 제품 패키징 공정에서 활용할 수 있었고 이러한 방식은 실험의 효율을 향상시킬 수 있었습니다. 더 나은 길도 있었겠지만 스스로 방법을 찾고자 노력하였고 그 과정에서 끈기라는 동력으로 결과를 만들어 낼 수 있었습니다",
                "class": "데이터 기반의 의사결정을 하는,문제해결능력이 뛰어난,지속적인 성장을 추구하는,고도의 책임감을 가진,목표를 달성하는 능력을 갖춘,자원을 효율적으로 활용하는"
            }
        ]
    }
}