{
    "meta": {
        "text_raw": "2020년 6월, 현재 거주하고 있는 대전에 현대프리미엄아울렛이 개장했습니다. 첫 방문했을 당시, 합리적 소비 트렌드를 지향하는 MZ 세대 타겟팅으로 고급 브랜드의 저렴한 가격, 첫 구매를 통한 프로모션을 경험하고 차후 방문 혜택 쿠폰을 받았습니다. 하지만 이는 현재까지 사용하지 않고 있는데, 그 이유는 바로 접근성 때문입니다.\n\n대전은 현대아울렛 이외에 갤러리아, 롯데, 2개의 백화점이 있고 올해 8월 신세계 개점 예정에 있습니다. 세 곳은 모두 교통이 편리한 대전 중부에 위치합니다. 하지만 현대프리미엄아울렛은 교통 외지에 있어 약 1시간이 소요되어 위치 경쟁력이 떨어집니다.\n이에 대한 방안으로 차량 운행을 통해 세 가지 효과를 얻을 수 있습니다. 첫 번째, 접근 가능성 상승. 지정된 시간과 장소에서 고객이 탑승할 수 있습니다. 이는 고객의 이동에 편리성을 두어 방문 빈도수를 향상시킬 수 있습니다. 두 번째, 홍보. 현대프리미엄아울렛의 로고를 새긴 차량은 고객의 이동과 동시에 외부 광고가 가능해 고객의 방문 욕구, 의지가 발생할 것입니다. 마지막 친환경 운영. 대두되는 ESG 경영의 흐름에 따라 자체적인 대중교통을 운영함으로써 환경 오염을 최소화하고, 브랜드 가치를 상승시킬 수 있습니다. 이는 친환경 소모품 사용으로도 실현할 수 있습니다. 쇼핑백, 카탈로그 등 아울렛 내의 일회성 소모품을 친환경 소재로 변경하는 방법으로 가능합니다.\n\n차량 운행은 유류비, 보험료 등 추가적인 비용을 발생시키지만, 고객의 만족과 그로 인해 창출되는 매출의 가치가 클 것으로 판단되어 기업 운영에 효과적임을 확신합니다."
    },
    "anno_text_data": {
        "data": [
            {
                "index": 0,
                "raw": "2020년 6월, 현재 거주하고 있는 대전에 현대프리미엄아울렛이 개장했습니다. 첫 방문했을 당시, 합리적 소비 트렌드를 지향하는 MZ 세대 타겟팅으로 고급 브랜드의 저렴한 가격, 첫 구매를 통한 프로모션을 경험하고 차후 방문 혜택 쿠폰을 받았습니다. 하지만 이는 현재까지 사용하지 않고 있는데, 그 이유는 바로 접근성 때문입니다.\n\n대전은 현대아울렛 이외에 갤러리아, 롯데, 2개의 백화점이 있고 올해 8월 신세계 개점 예정에 있습니다. 세 곳은 모두 교통이 편리한 대전 중부에 위치합니다. 하지만 현대프리미엄아울렛은 교통 외지에 있어 약 1시간이 소요되어 위치 경쟁력이 떨어집니다.\n이에 대한 방안으로 차량 운행을 통해 세 가지 효과를 얻을 수 있습니다. 첫 번째, 접근 가능성 상승. 지정된 시간과 장소에서 고객이 탑승할 수 있습니다. 이는 고객의 이동에 편리성을 두어 방문 빈도수를 향상시킬 수 있습니다. 두 번째, 홍보. 현대프리미엄아울렛의 로고를 새긴 차량은 고객의 이동과 동시에 외부 광고가 가능해 고객의 방문 욕구, 의지가 발생할 것입니다. 마지막 친환경 운영. 대두되는 ESG 경영의 흐름에 따라 자체적인 대중교통을 운영함으로써 환경 오염을 최소화하고, 브랜드 가치를 상승시킬 수 있습니다. 이는 친환경 소모품 사용으로도 실현할 수 있습니다. 쇼핑백, 카탈로그 등 아울렛 내의 일회성 소모품을 친환경 소재로 변경하는 방법으로 가능합니다.\n\n차량 운행은 유류비, 보험료 등 추가적인 비용을 발생시키지만, 고객의 만족과 그로 인해 창출되는 매출의 가치가 클 것으로 판단되어 기업 운영에 효과적임을 확신합니다.",
                "class": "창의력을 가진,유연한 사고를 가진,비즈니스 마인드를 갖춘"
            }
        ]
    }
}