{
    "meta": {
        "text_raw": "저는 인재 교육에 대한 관심이 있는 회사인가를 중요시 합니다. 채용 공고를 볼때 현직자 선배님들의 인터뷰들을 참고하는데, 롯데는 특히 인재 교육에 힘쓰고 있다는 느낌을 받았습니다. 롯데그룹은 빠르게 진화하는 산업과 경쟁 속에서도 지속적 성장을 했고, 경쟁력을 잃지 않고 있습니다. 이는 롯데의 고객의 기대를 뛰어넘고자 하는 가치 창출을 위해 선진 인재 육성 개발로 핵심 인재를 육성했기 때문입니다. 인재육성은 내외부 커뮤니케이션을 통해 인적 자원을 관리하여 미래의 지속 가능한 성장을 가져올 핵심 가치 입니다.\n\n저는 아르바이트를 하면서 직원교육과 성과에 대한 보상이 업무의 생산성 향상으로 이어지는 것을 경험한 적이 있습니다. 이때부터 당장의 눈에 띄는 성과를 낼 수는 없지만 교육과 보상체계를 통해 성장을 이루게 하는 인사업무에 매력을 느끼게 되었습니다. 기업의 지속가능한 성장을 위해서는 팀원들이 조직에 만족할 수 있어야 하고 업무에 몰입할 수 있어야 합니다. 저는 모든 업무에 뛰어난 Best People은 아니지만 조직문화와 사내교육을 통해 공동의 목표를 달성하고자 하는 Right People로서 회사와 함께 성장할 인재를 육성하는 부산롯데호텔의 경영지원팀의 업무를 함께하며, 현재의 코로나 시대와 포스트 코로나 시대에도 경쟁력을 잃지 않게 할 선진화된 시스템 구축에 앞장서고 싶습니다."
    },
    "anno_text_data": {
        "data": [
            {
                "index": 0,
                "raw": "저는 인재 교육에 대한 관심이 있는 회사인가를 중요시 합니다. 채용 공고를 볼때 현직자 선배님들의 인터뷰들을 참고하는데, 롯데는 특히 인재 교육에 힘쓰고 있다는 느낌을 받았습니다. 롯데그룹은 빠르게 진화하는 산업과 경쟁 속에서도 지속적 성장을 했고, 경쟁력을 잃지 않고 있습니다. 이는 롯데의 고객의 기대를 뛰어넘고자 하는 가치 창출을 위해 선진 인재 육성 개발로 핵심 인재를 육성했기 때문입니다. 인재육성은 내외부 커뮤니케이션을 통해 인적 자원을 관리하여 미래의 지속 가능한 성장을 가져올 핵심 가치 입니다.\n\n저는 아르바이트를 하면서 직원교육과 성과에 대한 보상이 업무의 생산성 향상으로 이어지는 것을 경험한 적이 있습니다. 이때부터 당장의 눈에 띄는 성과를 낼 수는 없지만 교육과 보상체계를 통해 성장을 이루게 하는 인사업무에 매력을 느끼게 되었습니다. 기업의 지속가능한 성장을 위해서는 팀원들이 조직에 만족할 수 있어야 하고 업무에 몰입할 수 있어야 합니다. 저는 모든 업무에 뛰어난 Best People은 아니지만 조직문화와 사내교육을 통해 공동의 목표를 달성하고자 하는 Right People로서 회사와 함께 성장할 인재를 육성하는 부산롯데호텔의 경영지원팀의 업무를 함께하며, 현재의 코로나 시대와 포스트 코로나 시대에도 경쟁력을 잃지 않게 할 선진화된 시스템 구축에 앞장서고 싶습니다.",
                "class": "비전을 제시하는"
            }
        ]
    }
}