{
    "meta": {
        "text_raw": "저는 반도체 품질직무에서 업무를 수행하기 위해 다양한 능력과 경험을 쌓았고, 이는 품질기획팀에 적합하다고 생각하여 지원하게 됐습니다. \n첫번째로 반도체를 이해하기 위해 'OOOOOO 반도체 직무교육'을 수료했습니다. 교육을 통해 반도체 제조기술, NAND와 DRAM 구조와 동작원리, 품질보증 등을 배우며 반도체 기술을 이해할 수 있었습니다.\n두번째, 전 직장에서 샘플링검사, 품질지수관리를 전문적으로 수행하기위해 품질경영기사 자격증을 취득했습니다. 취득 후 고객사 샘플링 기준과 사내품질지수(ppm)관리를 수월하게 처리할 수 있었습니다.\n마지막으로 품질직무는 국제품질표준에 대한 이해 또는 해외고객 Audit를 위한 외국어능력도 필요합니다. 저는 해외여행 가이드활동때문에 영어사용에 두려움이 없고, 현재도 전화영어 수업을 들으며 꾸준히 활용하려고 노력하고 있습니다. 저는 이러한 역량들을 적극 활용하여 품질기획팀에 크게 기여할 자신이 있습니다."
    },
    "anno_text_data": {
        "data": [
            {
                "index": 0,
                "raw": "저는 반도체 품질직무에서 업무를 수행하기 위해 다양한 능력과 경험을 쌓았고, 이는 품질기획팀에 적합하다고 생각하여 지원하게 됐습니다. \n첫번째로 반도체를 이해하기 위해 'OOOOOO 반도체 직무교육'을 수료했습니다. 교육을 통해 반도체 제조기술, NAND와 DRAM 구조와 동작원리, 품질보증 등을 배우며 반도체 기술을 이해할 수 있었습니다.\n두번째, 전 직장에서 샘플링검사, 품질지수관리를 전문적으로 수행하기위해 품질경영기사 자격증을 취득했습니다. 취득 후 고객사 샘플링 기준과 사내품질지수(ppm)관리를 수월하게 처리할 수 있었습니다.\n마지막으로 품질직무는 국제품질표준에 대한 이해 또는 해외고객 Audit를 위한 외국어능력도 필요합니다. 저는 해외여행 가이드활동때문에 영어사용에 두려움이 없고, 현재도 전화영어 수업을 들으며 꾸준히 활용하려고 노력하고 있습니다. 저는 이러한 역량들을 적극 활용하여 품질기획팀에 크게 기여할 자신이 있습니다.",
                "class": "지속적인 성장을 추구하는,고도의 자기주도성을 가진"
            }
        ]
    }
}