{
    "meta": {
        "text_raw": "카멜레온처럼 다양한 환경에서의 빠른 적응력을 가졌습니다. 2018 평창 동계올림픽 자원봉사 기간 동안 전국 각지에서 모인 자원봉사자들과 합숙생활을 하였습니다. 어머니 나이대의 자원봉사자 분과 함께 방을 사용하게 되었을 때에는 먼저 다가가 유대감을 만들었습니다. 서로 존중하고 배려하며 지낸 덕에 아직까지도 가끔 안부를 묻는 사이로 지내고 있습니다. 해외여행을 할 때에는 현지와 많게는 10시간이 차이가 나는 나라에 가서도 잠을 조절해가며 시차에 빠르게 적응했습니다. 현지 음식을 편식 없이 먹고 다니며 그 나라 문화에 동화된 덕분에 더욱 좋은 추억을 만들 수 있었습니다.\n\n카페인의 부작용으로 커피를 잘 마시지 못합니다. 카페인이 몸에 잘 받지 않아 밤을 새우는 것이 어려웠습니다. 늦은 시간까지 공부하기 위해서 물을 자주 마셨고, 스트레칭과 눈 마사지를 하였습니다. 이를 통해 건강하게 피곤함을 이겨내는 방법을 터득하였고 성적도 꾸준히 상승하여 성적장학금도 받을 수 있었습니다."
    },
    "anno_text_data": {
        "data": [
            {
                "index": 0,
                "raw": "카멜레온처럼 다양한 환경에서의 빠른 적응력을 가졌습니다. 2018 평창 동계올림픽 자원봉사 기간 동안 전국 각지에서 모인 자원봉사자들과 합숙생활을 하였습니다. 어머니 나이대의 자원봉사자 분과 함께 방을 사용하게 되었을 때에는 먼저 다가가 유대감을 만들었습니다. 서로 존중하고 배려하며 지낸 덕에 아직까지도 가끔 안부를 묻는 사이로 지내고 있습니다. 해외여행을 할 때에는 현지와 많게는 10시간이 차이가 나는 나라에 가서도 잠을 조절해가며 시차에 빠르게 적응했습니다. 현지 음식을 편식 없이 먹고 다니며 그 나라 문화에 동화된 덕분에 더욱 좋은 추억을 만들 수 있었습니다.",
                "class": "탄탄한 의사소통 능력을 가진,다양성을 존중하는,적응력이 높은,긍정적인 태도를 갖춘"
            },
            {
                "index": 1,
                "raw": "카페인의 부작용으로 커피를 잘 마시지 못합니다. 카페인이 몸에 잘 받지 않아 밤을 새우는 것이 어려웠습니다. 늦은 시간까지 공부하기 위해서 물을 자주 마셨고, 스트레칭과 눈 마사지를 하였습니다. 이를 통해 건강하게 피곤함을 이겨내는 방법을 터득하였고 성적도 꾸준히 상승하여 성적장학금도 받을 수 있었습니다.",
                "class": "목표를 달성하는 능력을 갖춘"
            }
        ]
    }
}