{
    "meta": {
        "text_raw": "\"책과 함께\"\n\n부모님께선 “책 읽는 사람은 태가 난다”고 말씀하셨습니다. 어렸을 때부터 부모님과 같은 책을 읽고 이야기 나눴습니다. 책 얘기를 하며 부모님을 더 잘 이해할 수 있게 됐고 두 분이 가진 삶의 지혜를 배웠습니다. 대학 입학 후엔 “언어의 한계는 사고의 한계”라는 비트겐슈타인 말을 믿어 더 부지런히 읽었습니다. 인문학, 과학, 문학 등 사고를 넓히고자 매주 1권씩 다양한 책을 읽었습니다. 또한 친구들을 모아 독서모임을 만들어서 4년째 운영을 하고 있습니다. 독서 모임을 하며 정확히 말하는 것과, 잘 들어주는 것의 중요성을 배웠습니다. 저는 오늘도 부단히 독서하며 더 큰 생각으로 성장하기를 꿈꿉니다."
    },
    "anno_text_data": {
        "data": [
            {
                "index": 0,
                "raw": "\"책과 함께\"\n\n부모님께선 “책 읽는 사람은 태가 난다”고 말씀하셨습니다. 어렸을 때부터 부모님과 같은 책을 읽고 이야기 나눴습니다. 책 얘기를 하며 부모님을 더 잘 이해할 수 있게 됐고 두 분이 가진 삶의 지혜를 배웠습니다. 대학 입학 후엔 “언어의 한계는 사고의 한계”라는 비트겐슈타인 말을 믿어 더 부지런히 읽었습니다. 인문학, 과학, 문학 등 사고를 넓히고자 매주 1권씩 다양한 책을 읽었습니다. 또한 친구들을 모아 독서모임을 만들어서 4년째 운영을 하고 있습니다. 독서 모임을 하며 정확히 말하는 것과, 잘 들어주는 것의 중요성을 배웠습니다. 저는 오늘도 부단히 독서하며 더 큰 생각으로 성장하기를 꿈꿉니다.",
                "class": "탄탄한 의사소통 능력을 가진,지속적인 성장을 추구하는,고도의 자기주도성을 가진"
            }
        ]
    }
}