{
    "meta": {
        "text_raw": "학부 때, 단입력 다출력 DC/DC 컨버터를 제작한 캡스톤 설계 경험이 있습니다. 직류는 변압이 어려운 이유로 교류가 주로 사용되었지만, 장거리 송전에서 교류보다 전력손실이 적은 고압 직류 송전방식이 연구되고 있어 직류 변압에 대한 이해력을 더하고자 도전하게 되었습니다. 저는 팀장을 맡았고 회로설계를 담당했습니다. 다수의 실험 경험을 통해 회로설계에 자신이 있었지만, 진행과정은 순탄치 않았습니다. 회로설계 프로그램을 이용한 출력값에는 문제가 없었지만, 실제 결선을 해보니 목표했던 비율만큼의 전압이 출력되지 않았고 리플 전압마저 높게 나오는 문제가 발생했습니다. 프로그램상의 회로와 실제 결선 회로에서의 차이를 알아내기 위해 실제 결선했을 때의 출력 과정을 자세히 측정하며 원인을 분석했습니다. 그 결과 타이머의 PWM 제어를 위해 사용한 가변저항값이 입력 전원에 따라 달라지는 문제를 발견했습니다. 문제 해결을 위해 다양한 규격의 가변저항과 타이머들을 준비하여 수많은 샘플을 출력해보았고, 더 나아가 가변저항 없이 PWM 제어가 가능한 '아두이노'를 활용하여 새로운 방식으로도 접근하며 데이터를 비교했습니다. 그 결과 소자들이 회로에서 사용될 때 갖는 값과 고유의 규격 값이 달라질 수 있다는 것을 정확히 분석했고, 이를 통해 다양한 변수를 활용한 출력 데이터를 비교함으로써 문제를 신속하게 처리하였습니다. 이후, 다수의 실험 끝에 목표 출력값을 획득했고 리플 전압도 제거하여 작품을 완성할 수 있었습니다. 결과적으로 설계 팀 8개 조 중 최우수상을 받았고 24V를 입력하여 3.3V~48V를 출력해내는 성과를 얻었습니다."
    },
    "anno_text_data": {
        "data": [
            {
                "index": 0,
                "raw": "학부 때, 단입력 다출력 DC/DC 컨버터를 제작한 캡스톤 설계 경험이 있습니다. 직류는 변압이 어려운 이유로 교류가 주로 사용되었지만, 장거리 송전에서 교류보다 전력손실이 적은 고압 직류 송전방식이 연구되고 있어 직류 변압에 대한 이해력을 더하고자 도전하게 되었습니다. 저는 팀장을 맡았고 회로설계를 담당했습니다. 다수의 실험 경험을 통해 회로설계에 자신이 있었지만, 진행과정은 순탄치 않았습니다. 회로설계 프로그램을 이용한 출력값에는 문제가 없었지만, 실제 결선을 해보니 목표했던 비율만큼의 전압이 출력되지 않았고 리플 전압마저 높게 나오는 문제가 발생했습니다. 프로그램상의 회로와 실제 결선 회로에서의 차이를 알아내기 위해 실제 결선했을 때의 출력 과정을 자세히 측정하며 원인을 분석했습니다. 그 결과 타이머의 PWM 제어를 위해 사용한 가변저항값이 입력 전원에 따라 달라지는 문제를 발견했습니다. 문제 해결을 위해 다양한 규격의 가변저항과 타이머들을 준비하여 수많은 샘플을 출력해보았고, 더 나아가 가변저항 없이 PWM 제어가 가능한 '아두이노'를 활용하여 새로운 방식으로도 접근하며 데이터를 비교했습니다. 그 결과 소자들이 회로에서 사용될 때 갖는 값과 고유의 규격 값이 달라질 수 있다는 것을 정확히 분석했고, 이를 통해 다양한 변수를 활용한 출력 데이터를 비교함으로써 문제를 신속하게 처리하였습니다. 이후, 다수의 실험 끝에 목표 출력값을 획득했고 리플 전압도 제거하여 작품을 완성할 수 있었습니다. 결과적으로 설계 팀 8개 조 중 최우수상을 받았고 24V를 입력하여 3.3V~48V를 출력해내는 성과를 얻었습니다.",
                "class": "창의력을 가진,데이터 기반의 의사결정을 하는,문제해결능력이 뛰어난,적극적인,목표를 달성하는 능력을 갖춘"
            }
        ]
    }
}