{
    "meta": {
        "text_raw": "\"협력과 책임감을 바탕으로\"\n\n캡스톤디자인 대회를 위해서 얼굴인식을 통한 출석 체크 프로그램을 개발했습니다. 프로그램을 개발한 이유는 코로나로 인하여 비대면 수업이 진행하게 되면서 교수님과 학우들이 출석 체크에 어려움을 느끼고 출석이 제대로 되었는지 확인이 어려운 학우들을 위해서 개발을 기획하게 되었습니다.\n\n프로그램은 저를 포함한 2명이 개발을 진행했습니다. 프로그램을 개발할 때 저는 서버 개발과 회원 정보 등록을 맡았고, 팀원은 기존의 등록된 얼굴과 출석 체크 할 얼굴을 비교하는 코드와 환경변수 설정과 얼굴을 감지하는 코드를 작성했습니다. 나머지 얼굴인식 개발은 팀원과 같이했습니다.\n\n저희 팀은 open cv와 python의 경험이 없어서 얼굴인식에 대해서 유튜브와 네이버를 검색하면서 얼굴이 어떻게 인식되는지부터 배우기 시작했습니다. 서로 얼굴인식 관련 자료를 찾으면 공유를 하고 서로 아는 내용과 모르는 내용을 설명했습니다.\n\n서버 개발은 REST API방식을 활용하여 서버와 로컬을 분리 후 로컬에서 사진을 보내면 서버에 저장되어있는 사진과 비교를 하여 일치하면 출석 확인 처리가 되도록 개발하였고, 회원 정보 등록은 자신이 듣는 과목과 이름을 입력 후 자기의 얼굴 사진을 등록하면 파일에 저장되도록 개발했습니다. 얼굴인식 부분은 오픈소스인 facenet-pytorch를 활용해서 파일에 저장되어있는 사진과 일치하면 출석이 되는 프로그램입니다.\n\n서로 처음 하는 분야이다 보니까 서로 모르는 것을 알려주면서 맡은 임무에 책임감을 느끼게 되어 프로그램을 완성 시킬 수 있었습니다. 비록 입상하지 못했지만, 프로그램을 만들어 보면서 여러 가지 분야를 접하게 되는 좋은 계기였습니다."
    },
    "anno_text_data": {
        "data": [
            {
                "index": 0,
                "raw": "\"협력과 책임감을 바탕으로\"\n\n캡스톤디자인 대회를 위해서 얼굴인식을 통한 출석 체크 프로그램을 개발했습니다. 프로그램을 개발한 이유는 코로나로 인하여 비대면 수업이 진행하게 되면서 교수님과 학우들이 출석 체크에 어려움을 느끼고 출석이 제대로 되었는지 확인이 어려운 학우들을 위해서 개발을 기획하게 되었습니다.\n\n프로그램은 저를 포함한 2명이 개발을 진행했습니다. 프로그램을 개발할 때 저는 서버 개발과 회원 정보 등록을 맡았고, 팀원은 기존의 등록된 얼굴과 출석 체크 할 얼굴을 비교하는 코드와 환경변수 설정과 얼굴을 감지하는 코드를 작성했습니다. 나머지 얼굴인식 개발은 팀원과 같이했습니다.\n\n저희 팀은 open cv와 python의 경험이 없어서 얼굴인식에 대해서 유튜브와 네이버를 검색하면서 얼굴이 어떻게 인식되는지부터 배우기 시작했습니다. 서로 얼굴인식 관련 자료를 찾으면 공유를 하고 서로 아는 내용과 모르는 내용을 설명했습니다.\n\n서버 개발은 REST API방식을 활용하여 서버와 로컬을 분리 후 로컬에서 사진을 보내면 서버에 저장되어있는 사진과 비교를 하여 일치하면 출석 확인 처리가 되도록 개발하였고, 회원 정보 등록은 자신이 듣는 과목과 이름을 입력 후 자기의 얼굴 사진을 등록하면 파일에 저장되도록 개발했습니다. 얼굴인식 부분은 오픈소스인 facenet-pytorch를 활용해서 파일에 저장되어있는 사진과 일치하면 출석이 되는 프로그램입니다.\n\n서로 처음 하는 분야이다 보니까 서로 모르는 것을 알려주면서 맡은 임무에 책임감을 느끼게 되어 프로그램을 완성 시킬 수 있었습니다. 비록 입상하지 못했지만, 프로그램을 만들어 보면서 여러 가지 분야를 접하게 되는 좋은 계기였습니다.",
                "class": "창의력을 가진,탄탄한 의사소통 능력을 가진,적응력이 높은"
            }
        ]
    }
}