{
    "meta": {
        "text_raw": "\"약점을 강점으로, 계속 도전하는 ooo\"\n\n시공 전문가를 목표로 하고 있습니다. 시공 전문가는 건설을 바라보는 넓은 시야를 가지면서 시공에 전문지식을 가져야 합니다. CM은 기획, 설계부터 발주, 시공, 관리까지 통합 관리를 의미합니다. 건설사업관리는 시공 부분에서 공사관리 업무인 품질관리, 공정관리도 포함되어 있습니다. 그렇기에 CM은 전반적인 건설산업 프로세스를 이해하면서 건설을 바라보는 시야를 넓혀줍니다.\n\n대학교 전공수업에서 ‘CM이 무엇인가?’라는 교수님의 질문에 선뜻 대답하지 못하였습니다. 우연히 CM 수업을 듣게 되었고 그것이 CM에 관심을 가지게 되는 계기가 되었습니다. 아무것도 몰랐던 첫 CM 프로젝트가 4번의 CM 프로젝트까지 이어졌습니다. 첫 프로젝트는 교수님과 실무자분들께 주제와 내용은 좋으나 구체적인 방안이 없어서 아쉽다는 평을 받았습니다. 하지만 첫 도전에 끝내지 않고 실패의 원인을 분석하고 구체적인 방안을 세워 보완하였습니다. 그 결과, oo라는 졸업 프로젝트에서 oo이라는 주제로 A+성적과 전체 1등이라는 성적을 거두었습니다. 또한, 여기서 멈추지 않고 2021 대학생 CM 경진대회를 준비하여 계속 도전하려 하고 있습니다. \n\n시공 전문가가 되려는 저에게 약점이었던 CM이 계속되는 도전 끝에 큰 강점이 되었습니다. 계속 도전하는 도전정신으로 끊임없이 배우고 자기혁신을 통해 능력을 개발하고 최고의 경쟁력을 발휘하겠습니다."
    },
    "anno_text_data": {
        "data": [
            {
                "index": 0,
                "raw": "\"약점을 강점으로, 계속 도전하는 ooo\"\n\n시공 전문가를 목표로 하고 있습니다. 시공 전문가는 건설을 바라보는 넓은 시야를 가지면서 시공에 전문지식을 가져야 합니다. CM은 기획, 설계부터 발주, 시공, 관리까지 통합 관리를 의미합니다. 건설사업관리는 시공 부분에서 공사관리 업무인 품질관리, 공정관리도 포함되어 있습니다. 그렇기에 CM은 전반적인 건설산업 프로세스를 이해하면서 건설을 바라보는 시야를 넓혀줍니다.\n\n대학교 전공수업에서 ‘CM이 무엇인가?’라는 교수님의 질문에 선뜻 대답하지 못하였습니다. 우연히 CM 수업을 듣게 되었고 그것이 CM에 관심을 가지게 되는 계기가 되었습니다. 아무것도 몰랐던 첫 CM 프로젝트가 4번의 CM 프로젝트까지 이어졌습니다. 첫 프로젝트는 교수님과 실무자분들께 주제와 내용은 좋으나 구체적인 방안이 없어서 아쉽다는 평을 받았습니다. 하지만 첫 도전에 끝내지 않고 실패의 원인을 분석하고 구체적인 방안을 세워 보완하였습니다. 그 결과, oo라는 졸업 프로젝트에서 oo이라는 주제로 A+성적과 전체 1등이라는 성적을 거두었습니다. 또한, 여기서 멈추지 않고 2021 대학생 CM 경진대회를 준비하여 계속 도전하려 하고 있습니다. \n\n시공 전문가가 되려는 저에게 약점이었던 CM이 계속되는 도전 끝에 큰 강점이 되었습니다. 계속 도전하는 도전정신으로 끊임없이 배우고 자기혁신을 통해 능력을 개발하고 최고의 경쟁력을 발휘하겠습니다.",
                "class": "지속적인 성장을 추구하는,적극적인,고도의 자기주도성을 가진,목표를 달성하는 능력을 갖춘,긍정적인 태도를 갖춘"
            }
        ]
    }
}