{
    "meta": {
        "text_raw": "저는 주어진 일에 대하여 정확하고 체계적으로 기억하며 일 처리에 있어서 신중하고 책임감이 있으며 반복되는 일에 대한 인내력이 강합니다. 이는 반복적이고 지난 결과에 대한 피드백이 중요한 인사 직무의 업무를 수행할 때 큰 도움이 될 것입니다. 또한, 저의 잘못에 대해 잘 인정하고 그것에 대한 내외부의 피드백을 잘 수용합니다.\n\n융통성이 부족해 편한 길을 멀게 돌아가는 단점이 있기도 하지만, 대신 일 처리를 즉흥적이거나 대충하지 않고 꼼꼼한 일 처리를 할 수 있습니다. 대학교 시절 버스킹 동아리 임원으로 활동한 적이 있습니다. 당시 번화가와 공원 등에서 하는 공연을 기획하면서 굳이 허가를 받아야 하나, 그냥 장비를 들고가서 하고 민원이 들어오면 그때 철수하자 등과 같은 내부의견이 나왔었습니다. 이때 저는 그래도 정식으로 허가를 받고 해야 한다는 의견을 고수해 지자체 유관부서와 주변 상인들의 허가를 받아 양식과 절차에 따라 정식으로 허가를 받아서 공연을 성공적으로 이끌었던 경험이 있습니다. 허가를 받는 과정에서의 기다려야 하는 기간이 발생하기도 했지만, 오히려 그 기간 동안 공연의 콘셉트와 노래를 더 숙지할 수 있어서 완성도 높은 공연을 만들 수 있었습니다.\n\n현재 문제를 해결하는 데 있어서 과거의 경험을 잘 적용하는 저의 성격은 충동적으로 일을 처리하지 않고 반복적인 업무에 인내력이 높아야 하는 경영지원직무에 필요하다고 생각합니다."
    },
    "anno_text_data": {
        "data": [
            {
                "index": 0,
                "raw": "저는 주어진 일에 대하여 정확하고 체계적으로 기억하며 일 처리에 있어서 신중하고 책임감이 있으며 반복되는 일에 대한 인내력이 강합니다. 이는 반복적이고 지난 결과에 대한 피드백이 중요한 인사 직무의 업무를 수행할 때 큰 도움이 될 것입니다. 또한, 저의 잘못에 대해 잘 인정하고 그것에 대한 내외부의 피드백을 잘 수용합니다.\n\n융통성이 부족해 편한 길을 멀게 돌아가는 단점이 있기도 하지만, 대신 일 처리를 즉흥적이거나 대충하지 않고 꼼꼼한 일 처리를 할 수 있습니다. 대학교 시절 버스킹 동아리 임원으로 활동한 적이 있습니다. 당시 번화가와 공원 등에서 하는 공연을 기획하면서 굳이 허가를 받아야 하나, 그냥 장비를 들고가서 하고 민원이 들어오면 그때 철수하자 등과 같은 내부의견이 나왔었습니다. 이때 저는 그래도 정식으로 허가를 받고 해야 한다는 의견을 고수해 지자체 유관부서와 주변 상인들의 허가를 받아 양식과 절차에 따라 정식으로 허가를 받아서 공연을 성공적으로 이끌었던 경험이 있습니다. 허가를 받는 과정에서의 기다려야 하는 기간이 발생하기도 했지만, 오히려 그 기간 동안 공연의 콘셉트와 노래를 더 숙지할 수 있어서 완성도 높은 공연을 만들 수 있었습니다.\n\n현재 문제를 해결하는 데 있어서 과거의 경험을 잘 적용하는 저의 성격은 충동적으로 일을 처리하지 않고 반복적인 업무에 인내력이 높아야 하는 경영지원직무에 필요하다고 생각합니다.",
                "class": "탄탄한 의사소통 능력을 가진,고도의 책임감을 가진"
            }
        ]
    }
}