{
    "meta": {
        "text_raw": "OO고객사 2차 인증 개발 사업에 참여해서 2차 인증 RESTful API 설계 및 고객의 요청사항을 접수하여서 향후 개발 방향에 반영해서 2차 인증 개발을 완료했습니다. OO고객사 시스템 재구축 사업에 2명으로 구성된 팀에서 메인 개발자로 참여하였고 RESTful API 설계, 리눅스 서버에 앱 배포 및 서비스 모니터링 업무를 수행했으며 안정적으로 시스템을 구축하여 오픈하였습니다."
    },
    "anno_text_data": {
        "data": [
            {
                "index": 0,
                "raw": "OO고객사 2차 인증 개발 사업에 참여해서 2차 인증 RESTful API 설계 및 고객의 요청사항을 접수하여서 향후 개발 방향에 반영해서 2차 인증 개발을 완료했습니다. OO고객사 시스템 재구축 사업에 2명으로 구성된 팀에서 메인 개발자로 참여하였고 RESTful API 설계, 리눅스 서버에 앱 배포 및 서비스 모니터링 업무를 수행했으며 안정적으로 시스템을 구축하여 오픈하였습니다.",
                "class": "고도의 자기주도성을 가진"
            }
        ]
    }
}