{
    "meta": {
        "text_raw": "CJ제일제당은 식품산업 군 매출 1위를 기록하고 있습니다. 또한 2019년 SCHWAN'S COMPANY 인수로 해외 시장까지 공략할 수 있게 되었습니다. 하지만 2019년의 CJ제일제당의 당기순손실은 약 700억 원이었습니다. 13기 재무제표를 확인하면 그 원인은 시설대 목적 장기차입금의 증가로 인한 금융원가의 발생으로 판단할 수 있습니다. 이에 CJ제일제당의 부채비율은 전년대비 약 45% 증가해 안정성에 위협을 받게 되었습니다. 그 후 2020년 매출채권의 매각과 자산의 유동화로 당기순이익은 500% 증가했지만 장기차입금과 금융원가는 여전히 많은 비중을 차지하고 있습니다. \n\n코로나19로 HMR 제품 매출이 상승하고 있는 현재, CJ제일제당은 외부적으로 영업이익을 극대화를, 내부적으로는 영업외비용을 낮추는 재무 안정화를 지속적으로 시도해야 합니다. 때문에 재무 현황에 대한 인과관계를 파악할 수 있고 재무안전성을 고안할 수 있는 인재가 필요합니다. 보유한 자격증은 ONLYONE의 최고 정신으로 재경에 대한 전문성을 증명합니다. 또한 학부 내 재무제표분석 수업에서 재무제표를 통한 기업 분석 방법, 재무관리에서 재무적 기준으로 기업을 판단 방법을 터득했습니다. 이 경험은 CJ제일제당의 상태를 파악해 앞으로 취해야 하는 방향을 결정하는 능력이 됩니다. 더불어 자격증의 갯수는 ONLYONE의 차별화 정신입니다. 남들이 1, 2개로 만족할 때 재경에 대한 적극성을 보여드리기 위해 2016년부터 2021년까지 꾸준히 재경 역량을 인증받았습니다. 이런 역량을 갖춘 저는 CJ제일제당에 필요한 ONLYONE 임을 확신합니다."
    },
    "anno_text_data": {
        "data": [
            {
                "index": 0,
                "raw": "CJ제일제당은 식품산업 군 매출 1위를 기록하고 있습니다. 또한 2019년 SCHWAN'S COMPANY 인수로 해외 시장까지 공략할 수 있게 되었습니다. 하지만 2019년의 CJ제일제당의 당기순손실은 약 700억 원이었습니다. 13기 재무제표를 확인하면 그 원인은 시설대 목적 장기차입금의 증가로 인한 금융원가의 발생으로 판단할 수 있습니다. 이에 CJ제일제당의 부채비율은 전년대비 약 45% 증가해 안정성에 위협을 받게 되었습니다. 그 후 2020년 매출채권의 매각과 자산의 유동화로 당기순이익은 500% 증가했지만 장기차입금과 금융원가는 여전히 많은 비중을 차지하고 있습니다. \n\n코로나19로 HMR 제품 매출이 상승하고 있는 현재, CJ제일제당은 외부적으로 영업이익을 극대화를, 내부적으로는 영업외비용을 낮추는 재무 안정화를 지속적으로 시도해야 합니다. 때문에 재무 현황에 대한 인과관계를 파악할 수 있고 재무안전성을 고안할 수 있는 인재가 필요합니다. 보유한 자격증은 ONLYONE의 최고 정신으로 재경에 대한 전문성을 증명합니다. 또한 학부 내 재무제표분석 수업에서 재무제표를 통한 기업 분석 방법, 재무관리에서 재무적 기준으로 기업을 판단 방법을 터득했습니다. 이 경험은 CJ제일제당의 상태를 파악해 앞으로 취해야 하는 방향을 결정하는 능력이 됩니다. 더불어 자격증의 갯수는 ONLYONE의 차별화 정신입니다. 남들이 1, 2개로 만족할 때 재경에 대한 적극성을 보여드리기 위해 2016년부터 2021년까지 꾸준히 재경 역량을 인증받았습니다. 이런 역량을 갖춘 저는 CJ제일제당에 필요한 ONLYONE 임을 확신합니다.",
                "class": "지속적인 성장을 추구하는,비즈니스 마인드를 갖춘"
            }
        ]
    }
}