{
    "meta": {
        "text_raw": "‘재무제표분석’ 과목을 수강하면서 팀 프로젝트를 진행했습니다 당시 팀원은 세 명으로 인문대 타과생과 중국 유학생이었습니다. 팀원들은 상대적으로 회계 이해가 부족하여 프로젝트에 소극적인 모습을 보였습니다. 저 또한 막막함이 앞섰지만 이는 ‘팀’ 프로젝트로, 좋은 점수보다 협력하여 과제를 ‘완료’하는 목표를 설정했습니다.\n\n먼저 언제든 소통 가능한 모바일 대화를 진행했습니다. 팀 과제 외에도 이해하기 어려운 부분이 있으면 도움을 주기 위해서였습니다. 또한 그들의 상황을 반영해 역할을 분담했습니다. 유학생 팀원은 기업에 대한 자료 수집 역할로 기업의 전반적인 이해가 선행될 수 있도록 하였고 타과생 팀원은 기업의 분석을 같이 수행했습니다. 협업을 통한 분석을 수행하면서 팀원에게는 재무제표를 통해 기업을 읽어내는 방법과 적용 방법을, 저에게는 다시 검토하여 완벽한 분석을 도출해내는 기회를 얻었습니다. 그리고 분석이 완료된 후엔 유학생 팀원에게 설명해 주었습니다. 그 결과, 발표 후 질의응답에서 모든 팀원이 좋은 대답을 할 수 있었고, 과제 점수 만점을 받을 수 있었습니다.\n\n비록 수업의 학점은 B+로 높은 성적을 받지 못했습니다. 하지만 과정을 통해 팀을 이끌 때엔 소통이 중요하다는 것을 깨달았습니다. 소통으로서 상대에게 신뢰를 줄 수 있고, 적극적인 분위기를 형성해 그들의 의지를 일깨울 수 있었기 때문입니다. 재경 부서는 공시로서 내부 의사결정을 지원하기 때문에 타 부서와의 소통 역량이 필요합니다. 해당 경험으로 터득한 의사소통 역량으로 달성 가능한 목표를 제시하고, 상황을 고려한 업무 방향 설정에 기여하겠습니다."
    },
    "anno_text_data": {
        "data": [
            {
                "index": 0,
                "raw": "‘재무제표분석’ 과목을 수강하면서 팀 프로젝트를 진행했습니다 당시 팀원은 세 명으로 인문대 타과생과 중국 유학생이었습니다. 팀원들은 상대적으로 회계 이해가 부족하여 프로젝트에 소극적인 모습을 보였습니다. 저 또한 막막함이 앞섰지만 이는 ‘팀’ 프로젝트로, 좋은 점수보다 협력하여 과제를 ‘완료’하는 목표를 설정했습니다.\n\n먼저 언제든 소통 가능한 모바일 대화를 진행했습니다. 팀 과제 외에도 이해하기 어려운 부분이 있으면 도움을 주기 위해서였습니다. 또한 그들의 상황을 반영해 역할을 분담했습니다. 유학생 팀원은 기업에 대한 자료 수집 역할로 기업의 전반적인 이해가 선행될 수 있도록 하였고 타과생 팀원은 기업의 분석을 같이 수행했습니다. 협업을 통한 분석을 수행하면서 팀원에게는 재무제표를 통해 기업을 읽어내는 방법과 적용 방법을, 저에게는 다시 검토하여 완벽한 분석을 도출해내는 기회를 얻었습니다. 그리고 분석이 완료된 후엔 유학생 팀원에게 설명해 주었습니다. 그 결과, 발표 후 질의응답에서 모든 팀원이 좋은 대답을 할 수 있었고, 과제 점수 만점을 받을 수 있었습니다.\n\n비록 수업의 학점은 B+로 높은 성적을 받지 못했습니다. 하지만 과정을 통해 팀을 이끌 때엔 소통이 중요하다는 것을 깨달았습니다. 소통으로서 상대에게 신뢰를 줄 수 있고, 적극적인 분위기를 형성해 그들의 의지를 일깨울 수 있었기 때문입니다. 재경 부서는 공시로서 내부 의사결정을 지원하기 때문에 타 부서와의 소통 역량이 필요합니다. 해당 경험으로 터득한 의사소통 역량으로 달성 가능한 목표를 제시하고, 상황을 고려한 업무 방향 설정에 기여하겠습니다.",
                "class": "유연한 사고를 가진,다양한 의견을 수렴하는,탄탄한 의사소통 능력을 가진,선한 영향력을 행사하는"
            }
        ]
    }
}