{
    "meta": {
        "text_raw": "대학교 3학년 2학기 시절, ㅇㅇ호 프로젝트라는 호숫가 쓰레기를 정리하는 선체를 만드는 프로그램에 참여한 경험이 있습니다. 처음으로 프로젝트에 참여하였던 저희 팀은 완성품을 제작하는 것이 목표였지만, 높은 목표가 원동력을 만들 수 있을 거란 생각에 수상을 목표로 계획을 세웠습니다. 처음에는 수업을 진행하였고, 수업을 들을 의무는 없었지만 저희는 빠짐없이 들었습니다. 또한 다른 한 명이 참여를 못 할 시 나머지 한 명이 수업을 들으며 노력하였지만, 선체 제작 단계에 들어가 직접 만들 때는 잦은 침수가 일상이었습니다."
    },
    "anno_text_data": {
        "data": [
            {
                "index": 0,
                "raw": "대학교 3학년 2학기 시절, ㅇㅇ호 프로젝트라는 호숫가 쓰레기를 정리하는 선체를 만드는 프로그램에 참여한 경험이 있습니다. 처음으로 프로젝트에 참여하였던 저희 팀은 완성품을 제작하는 것이 목표였지만, 높은 목표가 원동력을 만들 수 있을 거란 생각에 수상을 목표로 계획을 세웠습니다. 처음에는 수업을 진행하였고, 수업을 들을 의무는 없었지만 저희는 빠짐없이 들었습니다. 또한 다른 한 명이 참여를 못 할 시 나머지 한 명이 수업을 들으며 노력하였지만, 선체 제작 단계에 들어가 직접 만들 때는 잦은 침수가 일상이었습니다.",
                "class": "목표를 달성하는 능력을 갖춘"
            }
        ]
    }
}