{
    "meta": {
        "text_raw": "저는 프로그래밍 실력이 매우 부족하여 교수님으로부터 많이 부족하다는 말씀을 듣게 되었습니다. 그 말씀을 듣고 제 실력을 향상시키기 위해 노력하게 되었고 다음 교수님의 수업에서는 많이 노력하고 달라졌다는 말을 듣게 된 경험이 있습니다.\n대학교 2학년 때, 경영과학 이라는 수업에서 교수님께서는 클러스터링 알고리즘에 대해 직접 구현하여 그 코드에 대해 발표 하고 싶은 사람은 발표 준비를 해 오라는 과제를 내 주셨었습니다. 그 당시 저는 다른 교양 수업인 프로그래밍 수업을 들으면서 문제에 대한 해결 방식을 고민하고, 생각했던 방식으로 진행했을 때 예상했던 값이 나왔을 때의 희열감, 예상했던 값이 나오지 않아도 어디서 문제인지 디버그를 걸며 문제를 파악해 가는 과정에서 단순 과제 해결이 아니라 순수 재미를 느끼고 있었습니다. 그 수업으로 인해 프로그래밍에 대해 관심을 갖고 재미를 느끼게 되었고 그 발표를 하겠다는 결심을 하게 되었습니다.\n기본적인 C언어에 대해서만 공부한 상태여서 로직을 구현하는 부분에서 매우 부족함을 느꼈고, 결국은 정말 많이 부족한 발표였고 실력인거 같다는 교수님의 평을 받게 되었습니다.\n\n그래서 저는 실력을 향상시키기 위해 저희 과에 있었던 프로그래밍 동아리에 들어가게 되었습니다. 그 동아리는 JAVA 언어를 사용하여 프로그래머스 사이트 등에서 난이도를 고려하여 1~2문제를 정하고 다음 만났을 때 자신이 해결 방식에 대해 공유하고 코드리뷰를 하는 학술 동아리였습니다. 처음에는 이미 있던 동아리원들의 도움도 받고 다른 사람들의 푸는 방식을 들으면서 점점 저만의 방식으로 만들려고 노력하고 일주일에 3번, 2시간씩 그 문제만 붙잡으면서 실력을 키워나갔습니다.\n\n그 이후 대학교 4학년 때, 같은 교수님의 알고리즘 수업을 듣게 되었습니다. 그 수업도 발표형식의 수업이어서 새로운 알고리즘을 구현하여 발표하며 저의 달라진 실력을 보여드렸고 교수님께서는 예전보다 실력이 향상됨이 보인다며 많은 노력을 한거 같다고 말씀해주셨고 좋은 성적을 받게 되었습니다."
    },
    "anno_text_data": {
        "data": [
            {
                "index": 0,
                "raw": "저는 프로그래밍 실력이 매우 부족하여 교수님으로부터 많이 부족하다는 말씀을 듣게 되었습니다. 그 말씀을 듣고 제 실력을 향상시키기 위해 노력하게 되었고 다음 교수님의 수업에서는 많이 노력하고 달라졌다는 말을 듣게 된 경험이 있습니다.\n대학교 2학년 때, 경영과학 이라는 수업에서 교수님께서는 클러스터링 알고리즘에 대해 직접 구현하여 그 코드에 대해 발표 하고 싶은 사람은 발표 준비를 해 오라는 과제를 내 주셨었습니다. 그 당시 저는 다른 교양 수업인 프로그래밍 수업을 들으면서 문제에 대한 해결 방식을 고민하고, 생각했던 방식으로 진행했을 때 예상했던 값이 나왔을 때의 희열감, 예상했던 값이 나오지 않아도 어디서 문제인지 디버그를 걸며 문제를 파악해 가는 과정에서 단순 과제 해결이 아니라 순수 재미를 느끼고 있었습니다. 그 수업으로 인해 프로그래밍에 대해 관심을 갖고 재미를 느끼게 되었고 그 발표를 하겠다는 결심을 하게 되었습니다.\n기본적인 C언어에 대해서만 공부한 상태여서 로직을 구현하는 부분에서 매우 부족함을 느꼈고, 결국은 정말 많이 부족한 발표였고 실력인거 같다는 교수님의 평을 받게 되었습니다.\n\n그래서 저는 실력을 향상시키기 위해 저희 과에 있었던 프로그래밍 동아리에 들어가게 되었습니다. 그 동아리는 JAVA 언어를 사용하여 프로그래머스 사이트 등에서 난이도를 고려하여 1~2문제를 정하고 다음 만났을 때 자신이 해결 방식에 대해 공유하고 코드리뷰를 하는 학술 동아리였습니다. 처음에는 이미 있던 동아리원들의 도움도 받고 다른 사람들의 푸는 방식을 들으면서 점점 저만의 방식으로 만들려고 노력하고 일주일에 3번, 2시간씩 그 문제만 붙잡으면서 실력을 키워나갔습니다.\n\n그 이후 대학교 4학년 때, 같은 교수님의 알고리즘 수업을 듣게 되었습니다. 그 수업도 발표형식의 수업이어서 새로운 알고리즘을 구현하여 발표하며 저의 달라진 실력을 보여드렸고 교수님께서는 예전보다 실력이 향상됨이 보인다며 많은 노력을 한거 같다고 말씀해주셨고 좋은 성적을 받게 되었습니다.",
                "class": "다양한 의견을 수렴하는,지속적인 성장을 추구하는,고도의 자기주도성을 가진,긍정적인 태도를 갖춘"
            }
        ]
    }
}