{
    "meta": {
        "text_raw": "IBK시스템은 고객중심적으로 변화하는 기술들에 대응하여 항상 노력하고 있는 기업이라고 생각합니다. 이 고객중심 적 성향과 현실에 안주하지 않고 개선하고 노력하는 저의 성향이 잘 맞다 고 생각하여 지원하게 되었습니다. 4개월 가량 인턴생활을 도중 제가 고객입장에서 생각하여 개발했던 부분이 성공적으로 작용했던 경험이 있습니다.\n\n제가 인턴 생활 했던 회사는 챗봇 형식의 인공지능 서비스 개발 회사였고, 자바와 Node.js를 사용하는 회사였습니다. 임원분들이 박람회 출장을 가야하는데 거기서 보여 줄 수 있는 챗봇을 개발해 달라는 부탁을 받았습니다. 처음에는 대화형을 기반으로 하는 형식이기 때문에 아무런 이미지 삽입 없이 만들었었으나 처음 접해 보는 사용자들에게 가이드라인이 필요하지 않을까 라고 제안했고 이미지와 카테고리를 추가하여 사용자가 궁금한 정보들을 클릭 할 수 있도록 만들었습니다. 사소한 부분이었지만 이 부분이 사용자들에게 긍정적으로 작용하게 되었고 그 박람회에서 회사에 대해 한번더 알릴 수 있는 계기가 되었습니다.\n\n그리고 인턴도 지원하고, 교육프로그램을 통해 6개월 가량 프로젝트 경험 등을 하는 등 제 자신을 개선하고 노력하려고 하고 있으며 저의 능력이 IBK시스템에 활용되어 이바지 될 수 있는 인재가 되고 싶어 지원하게 되었습니다."
    },
    "anno_text_data": {
        "data": [
            {
                "index": 0,
                "raw": "IBK시스템은 고객중심적으로 변화하는 기술들에 대응하여 항상 노력하고 있는 기업이라고 생각합니다. 이 고객중심 적 성향과 현실에 안주하지 않고 개선하고 노력하는 저의 성향이 잘 맞다 고 생각하여 지원하게 되었습니다. 4개월 가량 인턴생활을 도중 제가 고객입장에서 생각하여 개발했던 부분이 성공적으로 작용했던 경험이 있습니다.\n\n제가 인턴 생활 했던 회사는 챗봇 형식의 인공지능 서비스 개발 회사였고, 자바와 Node.js를 사용하는 회사였습니다. 임원분들이 박람회 출장을 가야하는데 거기서 보여 줄 수 있는 챗봇을 개발해 달라는 부탁을 받았습니다. 처음에는 대화형을 기반으로 하는 형식이기 때문에 아무런 이미지 삽입 없이 만들었었으나 처음 접해 보는 사용자들에게 가이드라인이 필요하지 않을까 라고 제안했고 이미지와 카테고리를 추가하여 사용자가 궁금한 정보들을 클릭 할 수 있도록 만들었습니다. 사소한 부분이었지만 이 부분이 사용자들에게 긍정적으로 작용하게 되었고 그 박람회에서 회사에 대해 한번더 알릴 수 있는 계기가 되었습니다.\n\n그리고 인턴도 지원하고, 교육프로그램을 통해 6개월 가량 프로젝트 경험 등을 하는 등 제 자신을 개선하고 노력하려고 하고 있으며 저의 능력이 IBK시스템에 활용되어 이바지 될 수 있는 인재가 되고 싶어 지원하게 되었습니다.",
                "class": "창의력을 가진,문제해결능력이 뛰어난,지속적인 성장을 추구하는"
            }
        ]
    }
}