{
    "meta": {
        "text_raw": "\"50권의 독서량 달성 - 독서 소모임을 통한 상호존중\"\n\n독서량을 늘리기 위해 학교 독서 소모임 활동에 참여하여 50권 이상의 책을 읽었던 적이 있습니다. 독서 소모임은 총 6명의 다양한 전공을 가진 학생들이었고 매주 한 사람이 책을 지정하여 읽고 토론할만한 주제를 5개씩 정하여 함께 이야기를 나누는 모임이었습니다. 저는 독서를 별로 안 좋아했고 스마트폰과 컴퓨터를 보는 것이 일상이었습니다. 이러한 제 습관을 고치고자 일부러 독서 소모임에 참여하여 반강제적으로 책을 읽게 되었습니다. 일주일에 한 번 이상은 책을 읽어야 했고 처음에는 소모임 참여를 후회하기도 했습니다. 독서가 취미가 아니었고 억지로 읽는다는 느낌이 강했기 때문입니다. 하지만 이를 극복할 수 있었던 것은 다양한 전공을 가진 사람들과의 만남이 재밌었고 일주일에 한번씩 돌아가며 책을 지정하며 자신이 원하는 책을 읽고 다양한 의견을 나누는 것이 흥미로웠기 때문입니다. 그래서 억지로 독서를 하는 저의 모습은 잠깐이었고 항상 그 다음 독서 소모임을 고대하던 제 모습을 볼 수 있었습니다. 이러한 소모임은 1년 이상 지속되며 총 50권의 책을 읽을 수 있었습니다.\n\n이를 통해 배운 것은 독서 습관을 기르는 것은 기본이고 세상에 많은 일상과 경험을 간접적으로 접하며 저의 시야를 넓힐 수 있었던 것입니다. 그리고 다양한 배경지식과 삶의 방식을 지닌 사람들과 서로 의견을 공유하며 상호 존중할 수 있는 태도도 기를 수 있었습니다. 따라서 입사 후 다양한 국가의 글로벌사업 물류 사원으로서 상대방을 존중하고 고객이 원하는 것을 파악하고 함께 일할 수 있을 것입니다."
    },
    "anno_text_data": {
        "data": [
            {
                "index": 0,
                "raw": "\"50권의 독서량 달성 - 독서 소모임을 통한 상호존중\"\n\n독서량을 늘리기 위해 학교 독서 소모임 활동에 참여하여 50권 이상의 책을 읽었던 적이 있습니다. 독서 소모임은 총 6명의 다양한 전공을 가진 학생들이었고 매주 한 사람이 책을 지정하여 읽고 토론할만한 주제를 5개씩 정하여 함께 이야기를 나누는 모임이었습니다. 저는 독서를 별로 안 좋아했고 스마트폰과 컴퓨터를 보는 것이 일상이었습니다. 이러한 제 습관을 고치고자 일부러 독서 소모임에 참여하여 반강제적으로 책을 읽게 되었습니다. 일주일에 한 번 이상은 책을 읽어야 했고 처음에는 소모임 참여를 후회하기도 했습니다. 독서가 취미가 아니었고 억지로 읽는다는 느낌이 강했기 때문입니다. 하지만 이를 극복할 수 있었던 것은 다양한 전공을 가진 사람들과의 만남이 재밌었고 일주일에 한번씩 돌아가며 책을 지정하며 자신이 원하는 책을 읽고 다양한 의견을 나누는 것이 흥미로웠기 때문입니다. 그래서 억지로 독서를 하는 저의 모습은 잠깐이었고 항상 그 다음 독서 소모임을 고대하던 제 모습을 볼 수 있었습니다. 이러한 소모임은 1년 이상 지속되며 총 50권의 책을 읽을 수 있었습니다.\n\n이를 통해 배운 것은 독서 습관을 기르는 것은 기본이고 세상에 많은 일상과 경험을 간접적으로 접하며 저의 시야를 넓힐 수 있었던 것입니다. 그리고 다양한 배경지식과 삶의 방식을 지닌 사람들과 서로 의견을 공유하며 상호 존중할 수 있는 태도도 기를 수 있었습니다. 따라서 입사 후 다양한 국가의 글로벌사업 물류 사원으로서 상대방을 존중하고 고객이 원하는 것을 파악하고 함께 일할 수 있을 것입니다.",
                "class": "다양한 의견을 수렴하는,탄탄한 의사소통 능력을 가진,다양성을 존중하는,지속적인 성장을 추구하는,적극적인"
            }
        ]
    }
}