{
    "meta": {
        "text_raw": "\"도전 - 12살 어린 나이 OOO에서 홀로 살아가다\"\n\n저는 처음 업무 수행을 할 때 생기는 두려움을 극복하기 위해 구체적인 실행 계획을 세우고 실천하는 사람입니다. 관련 경험으로 12살의 어린 나이에 OOO에서 혼자 생활하며 무사히 연수 생활을 마쳤던 적이 있습니다. 2002년 OOO로 어머니와 함께 영어공부를 위해 처음으로 비행기에 탔습니다. 홈스테이 생활을 하였고 어머니는 한달 후에 한국으로 귀국하셨습니다. 결국 혼자 외국에서 생활해야 했고 생활 상 가장 큰 문제점은 영어 소통이었습니다. 12살까지 초등학교에서 배운 영어가 전부였고 외국인과 영어로 소통했던 적은 한 번도 없었습니다. 그래서 외국인과 소통하는 두려움을 극복하기 위해 매일 10명 이상의 사람들과 대화를 하고 처음 배우는 어휘들을 30개씩 공책에 작성하며 외우는 것을 목표로 삼았습니다. 이러한 습관이 생활화되며 외국인과 소통하는 두려움을 극복할 수 있었습니다. 이러한 경험을 기반으로 입사 후에도 처음 하는 일에 두려움을 가지지 않고 누구보다 빠르게 업무에 적응할 수 있습니다."
    },
    "anno_text_data": {
        "data": [
            {
                "index": 0,
                "raw": "\"도전 - 12살 어린 나이 OOO에서 홀로 살아가다\"\n\n저는 처음 업무 수행을 할 때 생기는 두려움을 극복하기 위해 구체적인 실행 계획을 세우고 실천하는 사람입니다. 관련 경험으로 12살의 어린 나이에 OOO에서 혼자 생활하며 무사히 연수 생활을 마쳤던 적이 있습니다. 2002년 OOO로 어머니와 함께 영어공부를 위해 처음으로 비행기에 탔습니다. 홈스테이 생활을 하였고 어머니는 한달 후에 한국으로 귀국하셨습니다. 결국 혼자 외국에서 생활해야 했고 생활 상 가장 큰 문제점은 영어 소통이었습니다. 12살까지 초등학교에서 배운 영어가 전부였고 외국인과 영어로 소통했던 적은 한 번도 없었습니다. 그래서 외국인과 소통하는 두려움을 극복하기 위해 매일 10명 이상의 사람들과 대화를 하고 처음 배우는 어휘들을 30개씩 공책에 작성하며 외우는 것을 목표로 삼았습니다. 이러한 습관이 생활화되며 외국인과 소통하는 두려움을 극복할 수 있었습니다. 이러한 경험을 기반으로 입사 후에도 처음 하는 일에 두려움을 가지지 않고 누구보다 빠르게 업무에 적응할 수 있습니다.",
                "class": "지속적인 성장을 추구하는,적응력이 높은,고도의 자기주도성을 가진,고도의 책임감을 가진"
            }
        ]
    }
}