{
    "meta": {
        "text_raw": "OOOOOOOOOO 인턴쉽 활동에서 한계를 극복한 경험은 힘든 순간에도 최선을 다하는 자세를 가지게 해주었습니다. 고분자 분리막에 대한 합성과 성능실험에 관심을 가지고 시작한 인턴쉽은 PDMS 멤브레인의 온도, 압력, 조성별 분리막 성능을 측정하면서도 안전을 위해 겨울에도 창문을 열고 추위와 싸우며 진행하는 강행군이었습니다.\n\n한 달간의 진행된 실험 데이터는 기존 예측값과 차이를 가지는 점에서 의문을 가지고 절차와 측정 방식을 재검토하면서 문제를 찾고자 했습니다. 원인은 측정기기 내 Sealing이 이루어지지 않아 가스 투과능 측정에 오류가 발생한 것이었습니다. 문제는 남은 인턴쉽동안 모든 실험을 다시 진행하는 데에 있었습니다.\n\n부족한 실험 시간을 확보하기 위해 “오늘도 제가 마지막에 정리하겠습니다.” 란 말과 함께 연구실을 지키며 목표로 둔 이전 데이터 복구를 진행했고, 일과시간엔 앞으로 진행할 실험들을 수행했습니다. 결과는 오류값을 재측정함과 동시에 실수를 만회하기 위해 진행한 실험은 더 많은 GC 값을 측정할 수 있었고, 나아가 실험 데이터를 차트화하고 분석하는 시간 또한 가지게 해주었습니다. 인턴을 마치며 담당 박사님은 데이터 수집하는 과정이 다른 인원들에 비해 꼼꼼하고 결과가 있다는 의견을 전하면서 실수를 만회하기 위해 고생하던 피로는 눈 녹듯 사라졌습니다.\n\n인턴 경험을 통해 성공 가능성을 저울질하던 모습을 벗어나, 성공하기 힘들지라도 “한다면 할 수 있다”라는 생각으로 한계에 도전하는 모습을 스스로 확인할 수 있었습니다. 그뿐만 아니라 업무에 있어서 모든 작업이 수월하게 이루어지는지 틈틈이 점검하는 습관의 중요성 또한 알 수 있는 경험이었습니다. 이러한 경험을 통해 앞으로 많은 어려움과 절망에서도 포기가 아닌 긍정으로 정진한다면, 어느새 원하는 결과를 만들어낼 가능성을 새기고 극복하겠습니다."
    },
    "anno_text_data": {
        "data": [
            {
                "index": 0,
                "raw": "OOOOOOOOOO 인턴쉽 활동에서 한계를 극복한 경험은 힘든 순간에도 최선을 다하는 자세를 가지게 해주었습니다. 고분자 분리막에 대한 합성과 성능실험에 관심을 가지고 시작한 인턴쉽은 PDMS 멤브레인의 온도, 압력, 조성별 분리막 성능을 측정하면서도 안전을 위해 겨울에도 창문을 열고 추위와 싸우며 진행하는 강행군이었습니다.\n\n한 달간의 진행된 실험 데이터는 기존 예측값과 차이를 가지는 점에서 의문을 가지고 절차와 측정 방식을 재검토하면서 문제를 찾고자 했습니다. 원인은 측정기기 내 Sealing이 이루어지지 않아 가스 투과능 측정에 오류가 발생한 것이었습니다. 문제는 남은 인턴쉽동안 모든 실험을 다시 진행하는 데에 있었습니다.\n\n부족한 실험 시간을 확보하기 위해 “오늘도 제가 마지막에 정리하겠습니다.” 란 말과 함께 연구실을 지키며 목표로 둔 이전 데이터 복구를 진행했고, 일과시간엔 앞으로 진행할 실험들을 수행했습니다. 결과는 오류값을 재측정함과 동시에 실수를 만회하기 위해 진행한 실험은 더 많은 GC 값을 측정할 수 있었고, 나아가 실험 데이터를 차트화하고 분석하는 시간 또한 가지게 해주었습니다. 인턴을 마치며 담당 박사님은 데이터 수집하는 과정이 다른 인원들에 비해 꼼꼼하고 결과가 있다는 의견을 전하면서 실수를 만회하기 위해 고생하던 피로는 눈 녹듯 사라졌습니다.\n\n인턴 경험을 통해 성공 가능성을 저울질하던 모습을 벗어나, 성공하기 힘들지라도 “한다면 할 수 있다”라는 생각으로 한계에 도전하는 모습을 스스로 확인할 수 있었습니다. 그뿐만 아니라 업무에 있어서 모든 작업이 수월하게 이루어지는지 틈틈이 점검하는 습관의 중요성 또한 알 수 있는 경험이었습니다. 이러한 경험을 통해 앞으로 많은 어려움과 절망에서도 포기가 아닌 긍정으로 정진한다면, 어느새 원하는 결과를 만들어낼 가능성을 새기고 극복하겠습니다.",
                "class": "고도의 책임감을 가진,긍정적인 태도를 갖춘"
            }
        ]
    }
}