{
    "meta": {
        "text_raw": "\"단점을 장점으로 승화시키다\"\n\n저는 항상 상대방의 장점을 위주로 보고 단점도 장점으로 보는 습관을 가졌습니다. 저에게 가장 큰 영향을 준 사람은 중학교 3학년 때 담임선생님입니다. 선생님은 자신의 단점이 있더라도 상대방에게 호감과 매력을 살 수 있는 조언을 항상 해주셨습니다. 예를 들어, 처음에는 조용하고 말수가 적은 저에게 활발하고 적극적으로 성격을 바꾸라는 조언 대신 비슷한 성향을 가진 친구들을 소개해 주셨습니다.\n\n이를 통해 저의 단점을 상대방의 성향과 특징에 따라 장점으로 얼마든지 바꿀 수 있음을 알려주셨던 분입니다. 덕분에 사람을 볼 때 사람의 단점을 보더라도 최대한 장점으로 받아들이고자 했습니다. 그리고 자신의 단점으로 고민을 하는 사람들에게 사람의 단점은 상대적이고 얼마든지 장점으로 바뀔 수 있음을 이야기합니다. 이러한 경험을 기반으로, 대학원 시절 교육실습을 다녀왔을 때 똑같이 학생들에게 진심어린 조언을 해줬습니다. 조용하고 활발하지 않은 학생에겐 책 읽는 것을 장려하고 자신의 외모에 대해 자신감이 없는 학생에겐 성인이 되고서 얼마든지 자기관리를 할 수 있다는 조언을 해주는 등 최대한 본인의 단점을 보완할 수 있도록 아낌 없는 조언을 했습니다"
    },
    "anno_text_data": {
        "data": [
            {
                "index": 0,
                "raw": "\"단점을 장점으로 승화시키다\"\n\n저는 항상 상대방의 장점을 위주로 보고 단점도 장점으로 보는 습관을 가졌습니다. 저에게 가장 큰 영향을 준 사람은 중학교 3학년 때 담임선생님입니다. 선생님은 자신의 단점이 있더라도 상대방에게 호감과 매력을 살 수 있는 조언을 항상 해주셨습니다. 예를 들어, 처음에는 조용하고 말수가 적은 저에게 활발하고 적극적으로 성격을 바꾸라는 조언 대신 비슷한 성향을 가진 친구들을 소개해 주셨습니다.\n\n이를 통해 저의 단점을 상대방의 성향과 특징에 따라 장점으로 얼마든지 바꿀 수 있음을 알려주셨던 분입니다. 덕분에 사람을 볼 때 사람의 단점을 보더라도 최대한 장점으로 받아들이고자 했습니다. 그리고 자신의 단점으로 고민을 하는 사람들에게 사람의 단점은 상대적이고 얼마든지 장점으로 바뀔 수 있음을 이야기합니다. 이러한 경험을 기반으로, 대학원 시절 교육실습을 다녀왔을 때 똑같이 학생들에게 진심어린 조언을 해줬습니다. 조용하고 활발하지 않은 학생에겐 책 읽는 것을 장려하고 자신의 외모에 대해 자신감이 없는 학생에겐 성인이 되고서 얼마든지 자기관리를 할 수 있다는 조언을 해주는 등 최대한 본인의 단점을 보완할 수 있도록 아낌 없는 조언을 했습니다",
                "class": "선한 영향력을 행사하는,긍정적인 태도를 갖춘"
            }
        ]
    }
}