{
    "meta": {
        "text_raw": "\"상생의 농협\"\n\n농협은 신용업무만 하는 금융기관이 아닙니다.\n농협은 우리나라의 농업을 지키고 농민의 실익증진을 위한 협동조합이라는 점에서 더욱 높은 가치를 추구한다고 생각합니다.\n농민이 지속해서 농축업을 영위할 수 있도록 지원하고, 부가가치는 국민과 나눔으로써 상생(相生)의 가치를 추구하는 기업이기에 지원하였습니다.\n\n\"실무형 인재\"\n\n저는 군 간부 경력과 구매팀 근무 경력, 아르바이트 경험을 통해 업무에 필요한 실무 역량을 키워왔고 다음과 같이 이바지하겠습니다.\n\n첫째, 분석적 사고\n자동차 부품회사 구매팀에서 데이터를 추출·가공하여 매입비, 금형 투자비, 1인당 안전용품 지출비 등을 산출하는 업무를 했기에 신용사업에 필요한 분석적 사고를 함양할 수 있었습니다.\n\n둘째, 고객 응대 능력\n학창시절 다년간 출장뷔페 아르바이트 하며 고객 만족에 힘썼습니다. 고객과 진심 어린 소통을 통한 고객 니즈 충족에 자신 있습니다.\n\n셋째, 꼼꼼함\n군 간부 시절 보급 업무를 담당하며 철저한 재고 관리 경험은 경제사업에서 두각을 보일 것입니다.\n\n이러한 역량을 바탕으로 농협에서도 자기 주도적인 실무형 인재로 거듭날 것을 약속드립니다."
    },
    "anno_text_data": {
        "data": [
            {
                "index": 0,
                "raw": "\"상생의 농협\"\n\n농협은 신용업무만 하는 금융기관이 아닙니다.\n농협은 우리나라의 농업을 지키고 농민의 실익증진을 위한 협동조합이라는 점에서 더욱 높은 가치를 추구한다고 생각합니다.\n농민이 지속해서 농축업을 영위할 수 있도록 지원하고, 부가가치는 국민과 나눔으로써 상생(相生)의 가치를 추구하는 기업이기에 지원하였습니다.",
                "class": "비즈니스 마인드를 갖춘"
            },
            {
                "index": 1,
                "raw": "\"실무형 인재\"\n\n저는 군 간부 경력과 구매팀 근무 경력, 아르바이트 경험을 통해 업무에 필요한 실무 역량을 키워왔고 다음과 같이 이바지하겠습니다.\n\n첫째, 분석적 사고\n자동차 부품회사 구매팀에서 데이터를 추출·가공하여 매입비, 금형 투자비, 1인당 안전용품 지출비 등을 산출하는 업무를 했기에 신용사업에 필요한 분석적 사고를 함양할 수 있었습니다.\n\n둘째, 고객 응대 능력\n학창시절 다년간 출장뷔페 아르바이트 하며 고객 만족에 힘썼습니다. 고객과 진심 어린 소통을 통한 고객 니즈 충족에 자신 있습니다.\n\n셋째, 꼼꼼함\n군 간부 시절 보급 업무를 담당하며 철저한 재고 관리 경험은 경제사업에서 두각을 보일 것입니다.\n\n이러한 역량을 바탕으로 농협에서도 자기 주도적인 실무형 인재로 거듭날 것을 약속드립니다.",
                "class": "탄탄한 의사소통 능력을 가진,고도의 자기주도성을 가진"
            }
        ]
    }
}