{
    "meta": {
        "text_raw": "기존의 농축협 앱인 콕뱅크 플랫폼을 강화하여 디지털 혁신을 꾀할 수 있을 것입니다.\n\n많은 은행이 '종이 없는 전차 창구시스템'을 구축하였고, 홍채, 지문, 정맥 등의 정보를 활용한 '바이오인증 서비스'를 운용 중이기도 합니다. 최근에는 '오픈뱅킹'의 시행으로 금융업 내 경쟁은 점점 치열해지고 있습니다. 농협도 이러한 사업들을 추진함과 더불어 비대면 업무 처리 향상을 위해 콕뱅크의 기능을 강화해야 한다고 생각합니다.\n\n콕뱅크에 기존의 예·적금, 대출, 카드·보험 가입뿐만 아니라, '제신고 업무' 기능도 탑재한다면 고객의 편의는 더욱 증진될 것입니다. 특히, 'AI 기반 ARS 고객상담 서비스'와 어르신들을 위해 콕뱅크에 영상 통화 기능을 넣어 '시니어 전담 고객센터' 등을 운용한다면 디지털 사각지대는 점차 줄어들 것입니다. 경제사업에서는 '외상약정서 체결', '영농자재 발주' 등의 기능도 콕뱅크로 간단하게 한다면 경제사업 활성화를 꾀할 수 있을 것입니다.\n\n마지막으로 콕뱅크 내 '작목반 중심의 비대면 영농지도' 및 '전자 영농일지' 작성 활성화로 농업인에게 실질적인 도움을 줄 수 있도록 교육을 강화한다면 더욱 신뢰받는 농협이 될 것입니다"
    },
    "anno_text_data": {
        "data": [
            {
                "index": 0,
                "raw": "기존의 농축협 앱인 콕뱅크 플랫폼을 강화하여 디지털 혁신을 꾀할 수 있을 것입니다.\n\n많은 은행이 '종이 없는 전차 창구시스템'을 구축하였고, 홍채, 지문, 정맥 등의 정보를 활용한 '바이오인증 서비스'를 운용 중이기도 합니다. 최근에는 '오픈뱅킹'의 시행으로 금융업 내 경쟁은 점점 치열해지고 있습니다. 농협도 이러한 사업들을 추진함과 더불어 비대면 업무 처리 향상을 위해 콕뱅크의 기능을 강화해야 한다고 생각합니다.\n\n콕뱅크에 기존의 예·적금, 대출, 카드·보험 가입뿐만 아니라, '제신고 업무' 기능도 탑재한다면 고객의 편의는 더욱 증진될 것입니다. 특히, 'AI 기반 ARS 고객상담 서비스'와 어르신들을 위해 콕뱅크에 영상 통화 기능을 넣어 '시니어 전담 고객센터' 등을 운용한다면 디지털 사각지대는 점차 줄어들 것입니다. 경제사업에서는 '외상약정서 체결', '영농자재 발주' 등의 기능도 콕뱅크로 간단하게 한다면 경제사업 활성화를 꾀할 수 있을 것입니다.\n\n마지막으로 콕뱅크 내 '작목반 중심의 비대면 영농지도' 및 '전자 영농일지' 작성 활성화로 농업인에게 실질적인 도움을 줄 수 있도록 교육을 강화한다면 더욱 신뢰받는 농협이 될 것입니다",
                "class": "비즈니스 마인드를 갖춘"
            }
        ]
    }
}