{
    "meta": {
        "text_raw": "평소 CU 편의점 이용 시, 포켓CU를 종종 이용합니다. 적립, 키핑하는 방법들이 매우 간단하여 터치 한 번이면 실행될 정도로 UX가 간편합니다. 3사 편의점들의 어플을 모두 사용해봤지만 포켓CU 처럼 사용자 중심의 UX를 만들어 놓은 곳은 없습니다. 이러한 포켓CU에게도 단점이 있습니다. 점주님들의 평균 연령대가 40대에서 60대까지라는 점에서 친절하지 못한 설명에 어플 활용을 어려워하는 점주님들이 계시고, 이 때문에 지점 별 서비스에도 큰 차이가 있습니다. 어플 활용에 대한 가이드라인을 제작, 배포함으로써 지점 별 다르게 나타나는 서비스의 격차를 줄일 수 있습니다. CU 편의점의 경쟁력을 제고할 수 있는 아이디어는 \"중고거래 플랫폼\"입니다. 앱스토어 7월 2일 기준, “당신 근처의 마켓” 이라는 뜻을 가진 당근마켓의 다운로드 수는 약 2.3만명을 넘습니다. 길을 걷다 보면 “혹시.. 당근?” 이라는 말을 종종 들을 수 있습니다. 다운로드 수가 2.3만 명을 넘어가는 만큼 많은 사람들이 당근을 통해 거래를 하고 있습니다. 하지만 많은 사람들이 마땅한 장소 선정에 어려움을 느끼고 또한 언택트 트렌드가 확산됨에 따라 사람에서 오는 스트레스도 무시할 수 없게 되었습니다. 따라서 CU 편의점에서 물건을 맡기고 찾아가도록 하는 서비스를 무료로 제시함으로써 한 번이라도 더 고객님들이 방문할 수 있는 환경을 조성합니다."
    },
    "anno_text_data": {
        "data": [
            {
                "index": 0,
                "raw": "평소 CU 편의점 이용 시, 포켓CU를 종종 이용합니다. 적립, 키핑하는 방법들이 매우 간단하여 터치 한 번이면 실행될 정도로 UX가 간편합니다. 3사 편의점들의 어플을 모두 사용해봤지만 포켓CU 처럼 사용자 중심의 UX를 만들어 놓은 곳은 없습니다. 이러한 포켓CU에게도 단점이 있습니다. 점주님들의 평균 연령대가 40대에서 60대까지라는 점에서 친절하지 못한 설명에 어플 활용을 어려워하는 점주님들이 계시고, 이 때문에 지점 별 서비스에도 큰 차이가 있습니다. 어플 활용에 대한 가이드라인을 제작, 배포함으로써 지점 별 다르게 나타나는 서비스의 격차를 줄일 수 있습니다. CU 편의점의 경쟁력을 제고할 수 있는 아이디어는 \"중고거래 플랫폼\"입니다. 앱스토어 7월 2일 기준, “당신 근처의 마켓” 이라는 뜻을 가진 당근마켓의 다운로드 수는 약 2.3만명을 넘습니다. 길을 걷다 보면 “혹시.. 당근?” 이라는 말을 종종 들을 수 있습니다. 다운로드 수가 2.3만 명을 넘어가는 만큼 많은 사람들이 당근을 통해 거래를 하고 있습니다. 하지만 많은 사람들이 마땅한 장소 선정에 어려움을 느끼고 또한 언택트 트렌드가 확산됨에 따라 사람에서 오는 스트레스도 무시할 수 없게 되었습니다. 따라서 CU 편의점에서 물건을 맡기고 찾아가도록 하는 서비스를 무료로 제시함으로써 한 번이라도 더 고객님들이 방문할 수 있는 환경을 조성합니다.",
                "class": "비전을 제시하는"
            }
        ]
    }
}