{
    "meta": {
        "text_raw": "입사 후 우선 첫 1년 동안은 부족한 물류 지식과 정보를 쌓을 수 있도록 노력하겠습니다. 이를 위해 무역 및 물류자격증 취득을 하여 회사 업무에 빠르게 적응할 수 있도록 하겠습니다. 입사 5년 후에는 대리로서 신입사원들을 관리하는 중간 지점의 역할을 할 것입니다. 무엇보다 중요한 것은 신입사원들의 업무 적응일 것입니다. 그 이유는 신입사원의 교육은 업무 가중을 의미하며 하루 빨리 신입사원들이 업무에 적응을 해야 모든 사람들이 업무를 좀 더 순탄하게 진행할 수 있기 때문입니다. 따라서, 중간 위치의 대리로서 신입 사원의 부족한 점을 파악하고 빠르게 업무에 투입될 수 있도록 하겠습니다. 10년 후는 물류 업무에 대해 전문성을 가지고 있을 때입니다. 그만큼 책임이 더해지며 물류업에서 시장 개척을 할 수 있을 정도의 능력이 될 것입니다. 특히, 중국어와 영어에 강점을 둔 저로서 좀 더 많은 중국과 동남아시아의 시장 개척을 위해 노력하겠습니다."
    },
    "anno_text_data": {
        "data": [
            {
                "index": 0,
                "raw": "입사 후 우선 첫 1년 동안은 부족한 물류 지식과 정보를 쌓을 수 있도록 노력하겠습니다. 이를 위해 무역 및 물류자격증 취득을 하여 회사 업무에 빠르게 적응할 수 있도록 하겠습니다. 입사 5년 후에는 대리로서 신입사원들을 관리하는 중간 지점의 역할을 할 것입니다. 무엇보다 중요한 것은 신입사원들의 업무 적응일 것입니다. 그 이유는 신입사원의 교육은 업무 가중을 의미하며 하루 빨리 신입사원들이 업무에 적응을 해야 모든 사람들이 업무를 좀 더 순탄하게 진행할 수 있기 때문입니다. 따라서, 중간 위치의 대리로서 신입 사원의 부족한 점을 파악하고 빠르게 업무에 투입될 수 있도록 하겠습니다. 10년 후는 물류 업무에 대해 전문성을 가지고 있을 때입니다. 그만큼 책임이 더해지며 물류업에서 시장 개척을 할 수 있을 정도의 능력이 될 것입니다. 특히, 중국어와 영어에 강점을 둔 저로서 좀 더 많은 중국과 동남아시아의 시장 개척을 위해 노력하겠습니다.",
                "class": "고도의 자기주도성을 가진"
            }
        ]
    }
}