{
    "meta": {
        "text_raw": "4학년 때 영어 발표 수업을 수강한 경험이 있습니다. 사람들 앞에만 서면 말을 잘 못 하는 성격이 너무 싫어서 사회로 나가기 전에 사람들 앞에서 영어 발표를 연습해 보기 위해 수강을 했습니다. 역시 첫 발표에서 긴장하는 탓에 망쳐버렸습니다. 수업이 끝나고, 교수님께서 본인은 원래 저보다 더 긴장하는 성격이라고 하시면서 연습만이 살길이라고 말씀해주셨습니다. 저는 교수님께 배운 대로 거울 앞에서 연습을 시작했고 사람들 앞에 선 제 모습이 상상하면서 말문이 막혀왔지만, 긴장이 가라앉을 때까지 연습을 반복했습니다. 수차례 연습한 결과, 최종 발표를 성공적으로 마칠 수 있었고 교수님이 미소를 지으며 건네주신 평가표에는 모든 항목에 만점이 표시되어 있었습니다. \n\n이러한 단점 극복 경험처럼 저는 성장하는 삶에 최우선 가치를 두고 살아왔으며 다음과 같은 삶을 지향하고 있습니다. 첫째는 사람들과 융화되는 삶입니다. 교수님과의 만남이 저를 더 나은 방향으로 이끌었듯이 저는 주변 사람들이 있었기에 제가 좋은 방향으로 성장할 수 있었고 현재의 제가 존재한다고 생각합니다. 둘째는 도전하는 삶입니다. 저는 성장을 위해서는 ‘발표 수업’과 같은 계기가 필요하고 따라서 여러 대내외 활동에 도전함으로써 도약의 발판으로 삼기 위해 노력해왔습니다.\n\n업무 및 과제를 함에 있어 꼼꼼함과 더불어 모든 것을 기록으로 남기는 습관이 있습니다. 인턴을 하면서 꼼꼼히 메모하는 습관은 정말 도움이 많이 되었습니다. 업무의 우선순위와 왜 이 업무를 해야하는지를 기록으로 남김으로써 명확하게 알 수 있었습니다. 그러나 꼼꼼함은 가끔 단점으로 작용할 때도 있었습니다. 문서를 보는 사람 입장을 생각해 폰트, 줄 간격 그리고 시각적인 부분등 최대한 눈에 잘 들어오게 노력하다 보니 제출하는데 시간이 많이 소비되었습니다. 그러나 사수분께서는 보고서가 깔끔하고 보는 사람 입장으로 작성해줘서 고맙다고 칭찬해 주셨습니다. 이러한 단점은 업무 적응을 통해 극복할 수 있다고 생각합니다."
    },
    "anno_text_data": {
        "data": [
            {
                "index": 0,
                "raw": "4학년 때 영어 발표 수업을 수강한 경험이 있습니다. 사람들 앞에만 서면 말을 잘 못 하는 성격이 너무 싫어서 사회로 나가기 전에 사람들 앞에서 영어 발표를 연습해 보기 위해 수강을 했습니다. 역시 첫 발표에서 긴장하는 탓에 망쳐버렸습니다. 수업이 끝나고, 교수님께서 본인은 원래 저보다 더 긴장하는 성격이라고 하시면서 연습만이 살길이라고 말씀해주셨습니다. 저는 교수님께 배운 대로 거울 앞에서 연습을 시작했고 사람들 앞에 선 제 모습이 상상하면서 말문이 막혀왔지만, 긴장이 가라앉을 때까지 연습을 반복했습니다. 수차례 연습한 결과, 최종 발표를 성공적으로 마칠 수 있었고 교수님이 미소를 지으며 건네주신 평가표에는 모든 항목에 만점이 표시되어 있었습니다. \n\n이러한 단점 극복 경험처럼 저는 성장하는 삶에 최우선 가치를 두고 살아왔으며 다음과 같은 삶을 지향하고 있습니다. 첫째는 사람들과 융화되는 삶입니다. 교수님과의 만남이 저를 더 나은 방향으로 이끌었듯이 저는 주변 사람들이 있었기에 제가 좋은 방향으로 성장할 수 있었고 현재의 제가 존재한다고 생각합니다. 둘째는 도전하는 삶입니다. 저는 성장을 위해서는 ‘발표 수업’과 같은 계기가 필요하고 따라서 여러 대내외 활동에 도전함으로써 도약의 발판으로 삼기 위해 노력해왔습니다.",
                "class": "지속적인 성장을 추구하는,고도의 자기주도성을 가진"
            },
            {
                "index": 1,
                "raw": "업무 및 과제를 함에 있어 꼼꼼함과 더불어 모든 것을 기록으로 남기는 습관이 있습니다. 인턴을 하면서 꼼꼼히 메모하는 습관은 정말 도움이 많이 되었습니다. 업무의 우선순위와 왜 이 업무를 해야하는지를 기록으로 남김으로써 명확하게 알 수 있었습니다. 그러나 꼼꼼함은 가끔 단점으로 작용할 때도 있었습니다. 문서를 보는 사람 입장을 생각해 폰트, 줄 간격 그리고 시각적인 부분등 최대한 눈에 잘 들어오게 노력하다 보니 제출하는데 시간이 많이 소비되었습니다. 그러나 사수분께서는 보고서가 깔끔하고 보는 사람 입장으로 작성해줘서 고맙다고 칭찬해 주셨습니다. 이러한 단점은 업무 적응을 통해 극복할 수 있다고 생각합니다.",
                "class": "문제해결능력이 뛰어난,지속적인 성장을 추구하는"
            }
        ]
    }
}