{
    "meta": {
        "text_raw": "\"100번의 연습을 통한 캐나다 웅변대회 3등 수상\"\n\n어렸을 때부터 도전의식을 위한 노력을 했습니다. 관련 경험으로 OOO의 초등학교 웅변대회에서 3등을 수상했던 적이 있습니다. OOO에서 12살 때 일 년동안 홈스테이 생활을 하며 현지인 학생들과 함께 학교를 다녔습니다. 연수생활 6개월 쯤, 학교에서 웅변대회를 열었고 총 5명에게 상을 수여하는 대회였습니다. 수많은 사람들이 보는 무대에 서서 한국 문화를 주제로 연설을 해보고 싶었습니다. 한국이라고 하면 대부분 사람들이 '서울'만 알고 있었습니다. 그래서 한국에 대해서 좀 더 알리고자 웅변대회 참여에 결심했습니다.\n\n하지만 가장 큰 문제점은 영어 실력과 자신감이었습니다. 이를 보완하기 위해서 학교 선생님들에게 대본과 말하기 실력에 대한 피드백을 지속적으로 받았습니다. 개선점으로 목소리를 더 크고 당당하게 말하라는 것이었습니다. 모국어가 영어가 아닌 학생에게 영어 실력에 대한 지적을 하는 것보다는 자신감을 오히려 더 어필하라는 피드백을 얻었습니다. 이를 고치기 위해 웅변대회 열흘 전부터 하루에 10번 이상 연습하고 선생님들에게는 하루에 한 번씩은 꼭 평가를 받았습니다. 결국 선생님들에게 제 노력을 어필한 것은 물론이고 대본 숙지의 완벽함과 당당함을 보였기 때문에 3등으로 수상할 수 있었습니다. 또한 영어가 모국어가 아님에도 불구하고 영어에 대한 당당함을 보였던 사례라고 교장선생님에게 상을 받으며 칭찬을 얻었습니다. 이를 통해 배운 것은 목표 추진을 위해 다양한 사람들의 피드백을 얻어야 하며 당당함이 키포인트임을 깨달았습니다."
    },
    "anno_text_data": {
        "data": [
            {
                "index": 0,
                "raw": "\"100번의 연습을 통한 캐나다 웅변대회 3등 수상\"\n\n어렸을 때부터 도전의식을 위한 노력을 했습니다. 관련 경험으로 OOO의 초등학교 웅변대회에서 3등을 수상했던 적이 있습니다. OOO에서 12살 때 일 년동안 홈스테이 생활을 하며 현지인 학생들과 함께 학교를 다녔습니다. 연수생활 6개월 쯤, 학교에서 웅변대회를 열었고 총 5명에게 상을 수여하는 대회였습니다. 수많은 사람들이 보는 무대에 서서 한국 문화를 주제로 연설을 해보고 싶었습니다. 한국이라고 하면 대부분 사람들이 '서울'만 알고 있었습니다. 그래서 한국에 대해서 좀 더 알리고자 웅변대회 참여에 결심했습니다.\n\n하지만 가장 큰 문제점은 영어 실력과 자신감이었습니다. 이를 보완하기 위해서 학교 선생님들에게 대본과 말하기 실력에 대한 피드백을 지속적으로 받았습니다. 개선점으로 목소리를 더 크고 당당하게 말하라는 것이었습니다. 모국어가 영어가 아닌 학생에게 영어 실력에 대한 지적을 하는 것보다는 자신감을 오히려 더 어필하라는 피드백을 얻었습니다. 이를 고치기 위해 웅변대회 열흘 전부터 하루에 10번 이상 연습하고 선생님들에게는 하루에 한 번씩은 꼭 평가를 받았습니다. 결국 선생님들에게 제 노력을 어필한 것은 물론이고 대본 숙지의 완벽함과 당당함을 보였기 때문에 3등으로 수상할 수 있었습니다. 또한 영어가 모국어가 아님에도 불구하고 영어에 대한 당당함을 보였던 사례라고 교장선생님에게 상을 받으며 칭찬을 얻었습니다. 이를 통해 배운 것은 목표 추진을 위해 다양한 사람들의 피드백을 얻어야 하며 당당함이 키포인트임을 깨달았습니다.",
                "class": "탄탄한 의사소통 능력을 가진,적응력이 높은,지속적인 성장을 추구하는,적극적인,목표를 달성하는 능력을 갖춘"
            }
        ]
    }
}