{
    "meta": {
        "text_raw": "\"넝쿨째 갑자기 굴러온 벨기에 학생들\"\n\n첫째, 돌발상황에 대해 슬기롭게 대처한 능력이 있습니다. 해외연수 첫째 날 갑작스럽게 벨기에 출신 대학생들도 관리를 하게 되었습니다. 사전에 통지 받은 적이 없었기 때문에 살짝 당황스러웠습니다. 하지만 벨기에 학생들도 마찬가지로 저의 고객이었기 때문에 당황스러움을 보이지 않으려고 했습니다. 그리고 벨기에 학생들도 연수 과정에 대해서 전혀 들은 바가 없었기 때문에 하나부터 열까지 설명을 해줬습니다. 매일 연수 계획을 설명할 때마다 한국 학생들을 위해 먼저 한국어를 그리고 벨기에 학생들을 위해 영어를 구사하였습니다. 이러한 저의 노력을 학생들도 물론 중국 업무담당자 분들도 높게 샀습니다. 그래서 첫 해외출장에도 불구하고 순탄하게 마무리할 수 있었습니다. 덕분에 결국 다음 해외출장도 다시 갈 수 있는 기회가 부여되었습니다. \n\n\"먹거리 행사의 영업매출 1위\"\n\n둘째, 학부생 조교 때 OO아카데미에서 먹거리 행사가 있습니다. 제가 맡았던 먹거리로 당일 매출 1위를 하며 상금을 탔던 적이 있습니다. 그 당시 각자 맡았던 음식이 있었고 행사의 사기 고취를 위해 매출 1위에게는 상금을 주는 소식을 전달 받았습니다. 그렇기 때문에 저를 포함해서 많은 직원들이 열심히 준비했습니다. 점심 쯤 진행되었고 다른 사람들은 분식, 양식 등 식사용을 준비했지만 저는 디저트를 준비해서 차별성을 가졌습니다. 또한 저의 모든 인맥을 동원하여 제가 만든 음식을 선보였고 매출 상승에 힘썼습니다. 이러한 노력 덕분에 1위를 차지하였고 영업의 성과를 체험할 수 있던 계기였습니다."
    },
    "anno_text_data": {
        "data": [
            {
                "index": 0,
                "raw": "\"넝쿨째 갑자기 굴러온 벨기에 학생들\"\n\n첫째, 돌발상황에 대해 슬기롭게 대처한 능력이 있습니다. 해외연수 첫째 날 갑작스럽게 벨기에 출신 대학생들도 관리를 하게 되었습니다. 사전에 통지 받은 적이 없었기 때문에 살짝 당황스러웠습니다. 하지만 벨기에 학생들도 마찬가지로 저의 고객이었기 때문에 당황스러움을 보이지 않으려고 했습니다. 그리고 벨기에 학생들도 연수 과정에 대해서 전혀 들은 바가 없었기 때문에 하나부터 열까지 설명을 해줬습니다. 매일 연수 계획을 설명할 때마다 한국 학생들을 위해 먼저 한국어를 그리고 벨기에 학생들을 위해 영어를 구사하였습니다. 이러한 저의 노력을 학생들도 물론 중국 업무담당자 분들도 높게 샀습니다. 그래서 첫 해외출장에도 불구하고 순탄하게 마무리할 수 있었습니다. 덕분에 결국 다음 해외출장도 다시 갈 수 있는 기회가 부여되었습니다.",
                "class": "탄탄한 의사소통 능력을 가진,적응력이 높은,고도의 책임감을 가진,적극적인,긍정적인 태도를 갖춘"
            },
            {
                "index": 1,
                "raw": "\"먹거리 행사의 영업매출 1위\"\n\n둘째, 학부생 조교 때 OO아카데미에서 먹거리 행사가 있습니다. 제가 맡았던 먹거리로 당일 매출 1위를 하며 상금을 탔던 적이 있습니다. 그 당시 각자 맡았던 음식이 있었고 행사의 사기 고취를 위해 매출 1위에게는 상금을 주는 소식을 전달 받았습니다. 그렇기 때문에 저를 포함해서 많은 직원들이 열심히 준비했습니다. 점심 쯤 진행되었고 다른 사람들은 분식, 양식 등 식사용을 준비했지만 저는 디저트를 준비해서 차별성을 가졌습니다. 또한 저의 모든 인맥을 동원하여 제가 만든 음식을 선보였고 매출 상승에 힘썼습니다. 이러한 노력 덕분에 1위를 차지하였고 영업의 성과를 체험할 수 있던 계기였습니다.",
                "class": "창의력을 가진,고도의 자기주도성을 가진,목표를 달성하는 능력을 갖춘"
            }
        ]
    }
}