{
    "meta": {
        "text_raw": "통신설비회사에서 서버 통신장비 설치 및 정비 업무 아르바이트를 2개월간 근무한 경험이 있습니다. ㅇㅇ은행 서버 통신장비 개선 작업프로젝트를 참여하여 A/S업무 수행 시 잦은 고장으로 인해 시간이 오래 걸릴뿐더러 고객사의 불만이 많아지고 있어 대안이 필요한 상황이었습니다. 그래서 저는 이를 조금이나마 해소하기 위해 설치 할 때마다 상위업체에 연락하여 원격을 통해 설치 시 오류가 없는지, 장비에 이상이 없는지 체크하는 과정을 사장님께 양해를 드려 넣게 되었습니다. 이를 통해 이따금 생기는 오류로 인한 고장을 해결할 수 있었습니다.\n"
    },
    "anno_text_data": {
        "data": [
            {
                "index": 0,
                "raw": "통신설비회사에서 서버 통신장비 설치 및 정비 업무 아르바이트를 2개월간 근무한 경험이 있습니다. ㅇㅇ은행 서버 통신장비 개선 작업프로젝트를 참여하여 A/S업무 수행 시 잦은 고장으로 인해 시간이 오래 걸릴뿐더러 고객사의 불만이 많아지고 있어 대안이 필요한 상황이었습니다. 그래서 저는 이를 조금이나마 해소하기 위해 설치 할 때마다 상위업체에 연락하여 원격을 통해 설치 시 오류가 없는지, 장비에 이상이 없는지 체크하는 과정을 사장님께 양해를 드려 넣게 되었습니다. 이를 통해 이따금 생기는 오류로 인한 고장을 해결할 수 있었습니다.",
                "class": "문제해결능력이 뛰어난"
            }
        ]
    }
}