{
    "meta": {
        "text_raw": "\"기상관측 - 수치,통계 관리를 통한 직무준비\"\n\n수출,수입 직무를 위해 준비한 것은 꼼꼼한 데이터 및 수치 관리 경험입니다. 특히, 군대에서 항공기상관측 보직을 통하여 관련 경험을 많이 했습니다. 항공기상관측은 매일 비행전투기의 작전을 위해 날씨 현황을 보고하는 보직으로 하늘의 높이마다 생성되는 구름의 양과 눈으로 보았을 때 시야의 길이를 수치로 보고하는 것이 주된 업무였습니다. 매 시간마다 날씨현황을 체크하고 컴퓨터로 입력했으며 전투상황과 관련하여 날씨의 특이상황이 있을 경우 별도로 보고하는 일도 종종 있었습니다. 예를 들어, 안개가 끼거나 갑작스럽게 소나기가 내리는 등 날씨의 변화를 수시로 체크하며 수치 데이터를 입력했습니다. 이러한 통계 및 수치 입력과 관리 경험 덕분에 꼼꼼함과 세심함을 키울 수 있었습니다. 수출,수입 직무에서 출고되는 물품의 양과 각 거래처에 필요한 통계를 관리하는 것이 관건일 것입니다. 지금까지 군대에서 쌓아온 경험으로 데이터 및 통계를 철처히 관리할 자신이 있습니다."
    },
    "anno_text_data": {
        "data": [
            {
                "index": 0,
                "raw": "\"기상관측 - 수치,통계 관리를 통한 직무준비\"\n\n수출,수입 직무를 위해 준비한 것은 꼼꼼한 데이터 및 수치 관리 경험입니다. 특히, 군대에서 항공기상관측 보직을 통하여 관련 경험을 많이 했습니다. 항공기상관측은 매일 비행전투기의 작전을 위해 날씨 현황을 보고하는 보직으로 하늘의 높이마다 생성되는 구름의 양과 눈으로 보았을 때 시야의 길이를 수치로 보고하는 것이 주된 업무였습니다. 매 시간마다 날씨현황을 체크하고 컴퓨터로 입력했으며 전투상황과 관련하여 날씨의 특이상황이 있을 경우 별도로 보고하는 일도 종종 있었습니다. 예를 들어, 안개가 끼거나 갑작스럽게 소나기가 내리는 등 날씨의 변화를 수시로 체크하며 수치 데이터를 입력했습니다. 이러한 통계 및 수치 입력과 관리 경험 덕분에 꼼꼼함과 세심함을 키울 수 있었습니다. 수출,수입 직무에서 출고되는 물품의 양과 각 거래처에 필요한 통계를 관리하는 것이 관건일 것입니다. 지금까지 군대에서 쌓아온 경험으로 데이터 및 통계를 철처히 관리할 자신이 있습니다.",
                "class": "적응력이 높은,고도의 자기주도성을 가진,고도의 책임감을 가진"
            }
        ]
    }
}