{
    "meta": {
        "text_raw": "\"블로그 운영에서 배운 영업\"\n\n중학생 때 취미로 운영했던 블로그가 있습니다. 즐겨보는 프로그램에 대한 비평을 쓰는 블로그였고 글을 올릴 때마다 늘어나는 방문자 수와 스크랩 수에 뿌듯해 했던 적이 있습니다. 지속해서 글을 올리면서 새롭게 방문을 하는 사람들이 대부분이었지만 시간이 지남에 따라 기존에 방문했던 사람들이 재방문을 하는 비율이 점점 늘어 갔습니다. 그만큼 제가 올린 콘텐츠에 흥미를 느끼고 다시 방문하는 거라고 생각되었습니다. 영업도 이와 마찬가지입니다. 훌륭하고 시선을 끄는 소재와 콘텐츠를 어떻게 표현하고 어떤 방식으로 알리는지에 따라 그 매력은 배가 됩니다. 제가 현대바이오랜드에서 영업 직무로 일하면서 제품을 좀 더 효율적으로 사람들에게 알리고 싶습니다. 제가 취업준비생으로서 고려해야 할 사항은 기술의 전문성입니다. 더 배워야 할 것은 고민하고 연구하면서 저의 역량을 더욱 키울 수 있기 때문에 지원하고 싶습니다. 그리고 저의 업무 수행에 따라서 더 많은 고객의 흥미를 이끌고 실적을 쌓아 가는 것에 큰 흥미를 느낍니다.\n또한, 영업은 우리나라뿐만 아니라 전 세계 사람들을 대상으로 합니다. 저의 특기인 영어와 중국어 실력을 직무에 가미한다면 영업 효과가 증폭됨을 확신할 수 있습니다. 글로벌 리더를 꿈꾸는 기업 혹은 사람에게 요구되는 역량은 외국어입니다. 또한, 외국어를 어떻게 표현하고 고객의 관심을 끌 것인지도 중요합니다. 저의 다양한 연수 경험과 전공에 대한 깊이는 영업을 수행하는 것에 있어서 지대한 영향을 끼칠 것입니다."
    },
    "anno_text_data": {
        "data": [
            {
                "index": 0,
                "raw": "\"블로그 운영에서 배운 영업\"\n\n중학생 때 취미로 운영했던 블로그가 있습니다. 즐겨보는 프로그램에 대한 비평을 쓰는 블로그였고 글을 올릴 때마다 늘어나는 방문자 수와 스크랩 수에 뿌듯해 했던 적이 있습니다. 지속해서 글을 올리면서 새롭게 방문을 하는 사람들이 대부분이었지만 시간이 지남에 따라 기존에 방문했던 사람들이 재방문을 하는 비율이 점점 늘어 갔습니다. 그만큼 제가 올린 콘텐츠에 흥미를 느끼고 다시 방문하는 거라고 생각되었습니다. 영업도 이와 마찬가지입니다. 훌륭하고 시선을 끄는 소재와 콘텐츠를 어떻게 표현하고 어떤 방식으로 알리는지에 따라 그 매력은 배가 됩니다. 제가 현대바이오랜드에서 영업 직무로 일하면서 제품을 좀 더 효율적으로 사람들에게 알리고 싶습니다. 제가 취업준비생으로서 고려해야 할 사항은 기술의 전문성입니다. 더 배워야 할 것은 고민하고 연구하면서 저의 역량을 더욱 키울 수 있기 때문에 지원하고 싶습니다. 그리고 저의 업무 수행에 따라서 더 많은 고객의 흥미를 이끌고 실적을 쌓아 가는 것에 큰 흥미를 느낍니다.\n또한, 영업은 우리나라뿐만 아니라 전 세계 사람들을 대상으로 합니다. 저의 특기인 영어와 중국어 실력을 직무에 가미한다면 영업 효과가 증폭됨을 확신할 수 있습니다. 글로벌 리더를 꿈꾸는 기업 혹은 사람에게 요구되는 역량은 외국어입니다. 또한, 외국어를 어떻게 표현하고 고객의 관심을 끌 것인지도 중요합니다. 저의 다양한 연수 경험과 전공에 대한 깊이는 영업을 수행하는 것에 있어서 지대한 영향을 끼칠 것입니다.",
                "class": "지속적인 성장을 추구하는,목표를 달성하는 능력을 갖춘,고도의 자기주도성을 가진"
            }
        ]
    }
}