{
    "meta": {
        "text_raw": "현대 오일뱅크 산하의 현대 케미칼 품질관리 직무에 고분자 전공지식과 플랜트 역량을 활용하겠습니다. 재료를 설계하고자는 목표로 전공한 고분자공학은 유기화학과 고분자합성을 배우며, 기계로 대체되지 않는 엔지니어라는 꿈을 가지게 해주었습니다. 엔지니어라는 역할에서 가장 이루고 싶은 목표는 높은 수율을 구현하고 고품질을 갖출 때라고 생각합니다. \n\n이를 이루기 위해 석유화학공업과 화공양론을 통해 NCC 내 Cracking,Quench 과정과 열전달, 압축에 대한 전공지식을 쌓았습니다. 하지만 전공지식으로 공장 스케일의 프로세스를 이해하는 것은 한계가 있다고 생각하여, 플랜트 화공/공정 교육을 수료하며 실무에 필요한 설비지식을 갖춰냈습니다. 교육을 통해 디부타나이저에서 추출된 C4 이하 탑정류물에서 뷰타다이엔 추출공정과 해당 공정의 P&ID에 대해 중점적으로 배웠습니다. 플랜트 공정교육은 엔지니어에 대한 공부라는 점에 매력적으로 다가왔고, 그 결과 꾸준히 노력에서 평가시험 상위 5%를 이뤄 우수상을 받으며 전문성을 갖춰냈습니다.\n\n석유화학에 있어 혁신적인 개발은 어렵지만, 규제를 준수하는 과정에서 수율을 유지하는 것이 가장 큰 경쟁력이라 생각합니다. 예를 들어 Tatoray 공정은 Zeolite 촉매와 같은 다양한 Resource를 사용하고 이송을 위한 온도 및 Gas 압축에 있어서 사용되는 에너지를 계산하고 있습니다. 그리고 다가오는 환경 규제에 따라 탈황설비를 구축하면서 수율을 유지하는 공정 개선은 하나의 공정에 있어서 전문적인 스페셜리스트의 역량이라고 생각합니다. 현대오일뱅크를 대표해 인적자원개발 컨소시엄과 석유화학 협회의 세미나를 통해 각 기업의 규제 대비 기술/설비 트렌드를 파악하고, 기술을 벤치마킹하는 과정을 실천하고 실무에 적용할 수 있도록 설비지식을 겸용해 사용하겠습니다."
    },
    "anno_text_data": {
        "data": [
            {
                "index": 0,
                "raw": "현대 오일뱅크 산하의 현대 케미칼 품질관리 직무에 고분자 전공지식과 플랜트 역량을 활용하겠습니다. 재료를 설계하고자는 목표로 전공한 고분자공학은 유기화학과 고분자합성을 배우며, 기계로 대체되지 않는 엔지니어라는 꿈을 가지게 해주었습니다. 엔지니어라는 역할에서 가장 이루고 싶은 목표는 높은 수율을 구현하고 고품질을 갖출 때라고 생각합니다. \n\n이를 이루기 위해 석유화학공업과 화공양론을 통해 NCC 내 Cracking,Quench 과정과 열전달, 압축에 대한 전공지식을 쌓았습니다. 하지만 전공지식으로 공장 스케일의 프로세스를 이해하는 것은 한계가 있다고 생각하여, 플랜트 화공/공정 교육을 수료하며 실무에 필요한 설비지식을 갖춰냈습니다. 교육을 통해 디부타나이저에서 추출된 C4 이하 탑정류물에서 뷰타다이엔 추출공정과 해당 공정의 P&ID에 대해 중점적으로 배웠습니다. 플랜트 공정교육은 엔지니어에 대한 공부라는 점에 매력적으로 다가왔고, 그 결과 꾸준히 노력에서 평가시험 상위 5%를 이뤄 우수상을 받으며 전문성을 갖춰냈습니다.\n\n석유화학에 있어 혁신적인 개발은 어렵지만, 규제를 준수하는 과정에서 수율을 유지하는 것이 가장 큰 경쟁력이라 생각합니다. 예를 들어 Tatoray 공정은 Zeolite 촉매와 같은 다양한 Resource를 사용하고 이송을 위한 온도 및 Gas 압축에 있어서 사용되는 에너지를 계산하고 있습니다. 그리고 다가오는 환경 규제에 따라 탈황설비를 구축하면서 수율을 유지하는 공정 개선은 하나의 공정에 있어서 전문적인 스페셜리스트의 역량이라고 생각합니다. 현대오일뱅크를 대표해 인적자원개발 컨소시엄과 석유화학 협회의 세미나를 통해 각 기업의 규제 대비 기술/설비 트렌드를 파악하고, 기술을 벤치마킹하는 과정을 실천하고 실무에 적용할 수 있도록 설비지식을 겸용해 사용하겠습니다.",
                "class": "지속적인 성장을 추구하는,목표를 달성하는 능력을 갖춘,적극적인"
            }
        ]
    }
}