{
    "meta": {
        "text_raw": "롯데상사에 지원한 이유는 사람들이 흔하게 접하는 ‘식품’을 담당하고 있기 때문입니다. 곡물, 축산, 수산물, 식품원료 등 식품들을 중점적으로 다루며 해당 품목들의 다양한 활동을 접해보고 싶습니다. 또한 롯데상사는 베트남, 러시아, 미국 등 다양한 시장을 가지고 있는 글로벌한 기업입니다. 저도 마찬가지로 국내뿐만 아니라 해외로서 나아가는 넓은 시야와 안목 그리고 도전 의식을 가지고 있는 사람입니다. 그렇기 때문에 롯데상사에 지원을 했습니다.\n\n입사 후 우선, 신입사원으로서 가장 기본적으로 해야 할 업무들을 겸손한 자세로 배우겠습니다. 전문성과 경험의 내공이 쌓이기 위해서는 첫 시작이 가장 중요하다고 생각합니다. 그 다음, 5년 후에는 신입들을 관리하고 또한 상사님들의 지시를 따르는 중간 위치로 역할을 다하겠습니다. 마지막으로 10년 후에는 충분히 전문성을 가지고 있는 위치라고 생각하며 업무에 대한 막중한 책임감을 느끼며 부하직원을 관리하는 카리스마를 지니도록 하겠습니다."
    },
    "anno_text_data": {
        "data": [
            {
                "index": 0,
                "raw": "롯데상사에 지원한 이유는 사람들이 흔하게 접하는 ‘식품’을 담당하고 있기 때문입니다. 곡물, 축산, 수산물, 식품원료 등 식품들을 중점적으로 다루며 해당 품목들의 다양한 활동을 접해보고 싶습니다. 또한 롯데상사는 베트남, 러시아, 미국 등 다양한 시장을 가지고 있는 글로벌한 기업입니다. 저도 마찬가지로 국내뿐만 아니라 해외로서 나아가는 넓은 시야와 안목 그리고 도전 의식을 가지고 있는 사람입니다. 그렇기 때문에 롯데상사에 지원을 했습니다.\n\n입사 후 우선, 신입사원으로서 가장 기본적으로 해야 할 업무들을 겸손한 자세로 배우겠습니다. 전문성과 경험의 내공이 쌓이기 위해서는 첫 시작이 가장 중요하다고 생각합니다. 그 다음, 5년 후에는 신입들을 관리하고 또한 상사님들의 지시를 따르는 중간 위치로 역할을 다하겠습니다. 마지막으로 10년 후에는 충분히 전문성을 가지고 있는 위치라고 생각하며 업무에 대한 막중한 책임감을 느끼며 부하직원을 관리하는 카리스마를 지니도록 하겠습니다.",
                "class": "고도의 자기주도성을 가진"
            }
        ]
    }
}