{
    "meta": {
        "text_raw": "대학교 4학년 시절, 졸업 작품으로 소방관을 위한 웨어러블 디바이스를 제작한 경험이 있습니다. 당시 어떤 MCU를 사용할지에 대해 팀원 한 명과 의견 차이가 난 적이 있었습니다. 저는 라즈베리파이를 사용하자는 의견을 내었고, 팀원은 아두이노를 사용하자는 의견을 내었습니다. 라즈베리파이를 사용하면 다양성과 정확성을 챙길 수는 있지만, 난이도가 어려워지게 됬습니다. 하지만 아두이노를 사용한다면 이와 반대로 난이도는 쉬워지지만, 다양한 센서나 기능들을 사용할 수 없게 됬기에 의견 차이가 생겼었습니다."
    },
    "anno_text_data": {
        "data": [
            {
                "index": 0,
                "raw": "대학교 4학년 시절, 졸업 작품으로 소방관을 위한 웨어러블 디바이스를 제작한 경험이 있습니다. 당시 어떤 MCU를 사용할지에 대해 팀원 한 명과 의견 차이가 난 적이 있었습니다. 저는 라즈베리파이를 사용하자는 의견을 내었고, 팀원은 아두이노를 사용하자는 의견을 내었습니다. 라즈베리파이를 사용하면 다양성과 정확성을 챙길 수는 있지만, 난이도가 어려워지게 됬습니다. 하지만 아두이노를 사용한다면 이와 반대로 난이도는 쉬워지지만, 다양한 센서나 기능들을 사용할 수 없게 됬기에 의견 차이가 생겼었습니다.",
                "class": "다양한 의견을 수렴하는,다양성을 존중하는"
            }
        ]
    }
}