{
    "meta": {
        "text_raw": "\"나의 가치관과 함께 성장하는 회사\"\n\n환경문제를 공학적으로 다뤄보고 싶어 화학공학을 전공으로 선택했을만큼 환경에 대해 관심이 많았습니다. 최근 GS칼텍스의 2,3-부탄다이올 바이오 생산공정은 화학 공정으로 생산할 때보다 온실가스 발생량을 40% 이상 줄일 수 있다는 기사를 읽었습니다. 2,3-부탄다이올은 일상에서 많이 사용하는 화장품의 원료이므로 소비자들에게 친환경 이슈로 쉽게 다가갈 수 있고, 친환경 원료가 들어간 제품을 통해 환경문제의 중요성을 사회 구성원들과 공유할 수 있습니다. 지속가능한 발전은 기업의 목표일 뿐 아니라 사회 구성원들이 함께 참여해야 하는 공동의 목표라고 생각해왔는데, GS칼텍스가 2,3-부탄다이올 공정 기술로 추구하는 가치가 저와 잘 맞는다고 생각합니다. 환경을 생각하는 엔지니어로서 GS칼텍스 고객들과 함께 지속가능한 발전을 실현시키고 싶습니다."
    },
    "anno_text_data": {
        "data": [
            {
                "index": 0,
                "raw": "\"나의 가치관과 함께 성장하는 회사\"\n\n환경문제를 공학적으로 다뤄보고 싶어 화학공학을 전공으로 선택했을만큼 환경에 대해 관심이 많았습니다. 최근 GS칼텍스의 2,3-부탄다이올 바이오 생산공정은 화학 공정으로 생산할 때보다 온실가스 발생량을 40% 이상 줄일 수 있다는 기사를 읽었습니다. 2,3-부탄다이올은 일상에서 많이 사용하는 화장품의 원료이므로 소비자들에게 친환경 이슈로 쉽게 다가갈 수 있고, 친환경 원료가 들어간 제품을 통해 환경문제의 중요성을 사회 구성원들과 공유할 수 있습니다. 지속가능한 발전은 기업의 목표일 뿐 아니라 사회 구성원들이 함께 참여해야 하는 공동의 목표라고 생각해왔는데, GS칼텍스가 2,3-부탄다이올 공정 기술로 추구하는 가치가 저와 잘 맞는다고 생각합니다. 환경을 생각하는 엔지니어로서 GS칼텍스 고객들과 함께 지속가능한 발전을 실현시키고 싶습니다.",
                "class": "선한 영향력을 행사하는,지속적인 성장을 추구하는"
            }
        ]
    }
}