{
    "meta": {
        "text_raw": "극장이나 조용한 공간에서 즐겨보는 영화를 다시 보는 과정에 즐거움을 느낍니다. 잘 만든 작품은 처음엔 재미를 주고, 반복해서 보다 보면 숨겨진 의미와 촬영 방식을 뜯어보며 감독의 의도를 확인하는 재미를 주기 때문입니다. 같은 영화를 10번 넘게 보면서 다른 사람들은 별나다는 이야기를 전하기도 했지만, 매번 숨겨진 장면들을 찾는 과정에선 하나의 영화에 있어 전문가가 된다는 기분을 들게 했습니다. 가장 기억에 남는 장면은 보헤미안 랩소디의 프레디 머큐리의 반성을 꼽고 있습니다. 프레디 머큐리의 천재적인 음악성 속에서, 팀원을 버리고 활동한 것을 반성하며 “혼자 잘된 것보다, 다같이 잘될 때 즐거운걸 느껴”라는 대사는 멘토링 활동에서 사람들을 이끌 때 겪은 고민을 이입해 더욱 기억에 남습니다.\n\n대학 멘토링 활동에서 열정으로 이끌었지만 좀처럼 따라와주지 않는 팀원들에게 많은 불만을 가지고 아쉬웠던 경험이 있습니다. 그때 당시에 겪었던 문제와 이유는 영화와는 달랐지만, 스스로 찾을 수 없던 문제를 모두 알게 된 이후 문제를 해결해나가는 주인공의 모습은 저를 비춰보는 기회였습니다. 이처럼 하나의 대사와 장면에서도 주인공과 같이 함께 고민 할 때 오는 카타르시스는 다른 활동에서 찾을 수 없는 영화만이 주는 소확행이라 생각합니다."
    },
    "anno_text_data": {
        "data": [
            {
                "index": 0,
                "raw": "극장이나 조용한 공간에서 즐겨보는 영화를 다시 보는 과정에 즐거움을 느낍니다. 잘 만든 작품은 처음엔 재미를 주고, 반복해서 보다 보면 숨겨진 의미와 촬영 방식을 뜯어보며 감독의 의도를 확인하는 재미를 주기 때문입니다. 같은 영화를 10번 넘게 보면서 다른 사람들은 별나다는 이야기를 전하기도 했지만, 매번 숨겨진 장면들을 찾는 과정에선 하나의 영화에 있어 전문가가 된다는 기분을 들게 했습니다. 가장 기억에 남는 장면은 보헤미안 랩소디의 프레디 머큐리의 반성을 꼽고 있습니다. 프레디 머큐리의 천재적인 음악성 속에서, 팀원을 버리고 활동한 것을 반성하며 “혼자 잘된 것보다, 다같이 잘될 때 즐거운걸 느껴”라는 대사는 멘토링 활동에서 사람들을 이끌 때 겪은 고민을 이입해 더욱 기억에 남습니다.\n\n대학 멘토링 활동에서 열정으로 이끌었지만 좀처럼 따라와주지 않는 팀원들에게 많은 불만을 가지고 아쉬웠던 경험이 있습니다. 그때 당시에 겪었던 문제와 이유는 영화와는 달랐지만, 스스로 찾을 수 없던 문제를 모두 알게 된 이후 문제를 해결해나가는 주인공의 모습은 저를 비춰보는 기회였습니다. 이처럼 하나의 대사와 장면에서도 주인공과 같이 함께 고민 할 때 오는 카타르시스는 다른 활동에서 찾을 수 없는 영화만이 주는 소확행이라 생각합니다.",
                "class": "선한 영향력을 행사하는,긍정적인 태도를 갖춘"
            }
        ]
    }
}