{
    "meta": {
        "text_raw": "\"50:1 이상 경쟁률을 넘어선 신의 한 수 - 편입\"\n\n원하는 학과와 대학교에 편입하기 위해 주변의 만류에도 불구하고 스스로 다짐했습니다. 주변에서 만류했던 이유는 기본적으로 경쟁률이 50:1은 넘어가며 차라리 편입 대신에 재수를 추천하며 편입의 리스크를 강조했습니다. 하지만 저는 상대적으로 영어에 자신이 있었고 편입을 할 수 있는 자신감을 주변 사람들에게 보여주기 위해 저의 성실성을 증명하고자 했습니다. \n\n첫째, 대학교 2학년 때 학교를 다니며 일 년 동안 편입 학원을 새벽에 다니고 오후에 학교 수업을 들으며 하루 일과를 보냈던 적이 있습니다. 하루의 스케줄을 바쁘게 잡아놓고 평소보다 더 알차게 시간을 보내는 모습을 보이면 주변 사람들에게 신뢰를 보일 수 있을 것이라 생각했습니다.\n\n둘째, 자투리 시간 활용을 통해 극도의 효율성을 추구했습니다. 예를 들어, 학원에서 공부한 내용은 그 날 무조건 복습을 마쳤고 대중교통을 이용하는 시간과 학교 수업 중간의 쉬는 시간에 요약 내용을 정리한 노트를 하루에 5번 이상 봤습니다. 그리고 자투리 시간 이외에는 학원에서 공부한 내용은 보지 않고 학원 공부 이외의 공부를 했습니다. 이를 통해 시간 절약이 가능했고 더 많은 공부 시간을 확보하여 편입에 성공하게 되었습니다.\n\n편입 경험을 통해 배운 것은 목표 성취를 위해 시간을 효율적으로 관리하고 다른 사람과 비교했을 때 목표 성취에서 저의 부족한 점을 파악하고 극복하는 것입니다. 당사에서도 어떠한 일이 주어져도 시간적 효율성을 추구하여 업무를 수행하고 부족한 점을 빠르게 파악하여 대처하는 능력을 기르도록 하겠습니다."
    },
    "anno_text_data": {
        "data": [
            {
                "index": 0,
                "raw": "\"50:1 이상 경쟁률을 넘어선 신의 한 수 - 편입\"\n\n원하는 학과와 대학교에 편입하기 위해 주변의 만류에도 불구하고 스스로 다짐했습니다. 주변에서 만류했던 이유는 기본적으로 경쟁률이 50:1은 넘어가며 차라리 편입 대신에 재수를 추천하며 편입의 리스크를 강조했습니다. 하지만 저는 상대적으로 영어에 자신이 있었고 편입을 할 수 있는 자신감을 주변 사람들에게 보여주기 위해 저의 성실성을 증명하고자 했습니다. \n\n첫째, 대학교 2학년 때 학교를 다니며 일 년 동안 편입 학원을 새벽에 다니고 오후에 학교 수업을 들으며 하루 일과를 보냈던 적이 있습니다. 하루의 스케줄을 바쁘게 잡아놓고 평소보다 더 알차게 시간을 보내는 모습을 보이면 주변 사람들에게 신뢰를 보일 수 있을 것이라 생각했습니다.\n\n둘째, 자투리 시간 활용을 통해 극도의 효율성을 추구했습니다. 예를 들어, 학원에서 공부한 내용은 그 날 무조건 복습을 마쳤고 대중교통을 이용하는 시간과 학교 수업 중간의 쉬는 시간에 요약 내용을 정리한 노트를 하루에 5번 이상 봤습니다. 그리고 자투리 시간 이외에는 학원에서 공부한 내용은 보지 않고 학원 공부 이외의 공부를 했습니다. 이를 통해 시간 절약이 가능했고 더 많은 공부 시간을 확보하여 편입에 성공하게 되었습니다.\n\n편입 경험을 통해 배운 것은 목표 성취를 위해 시간을 효율적으로 관리하고 다른 사람과 비교했을 때 목표 성취에서 저의 부족한 점을 파악하고 극복하는 것입니다. 당사에서도 어떠한 일이 주어져도 시간적 효율성을 추구하여 업무를 수행하고 부족한 점을 빠르게 파악하여 대처하는 능력을 기르도록 하겠습니다.",
                "class": "목표를 달성하는 능력을 갖춘,고도의 자기주도성을 가진,적극적인,자원을 효율적으로 활용하는"
            }
        ]
    }
}