{
    "meta": {
        "text_raw": "\"도전 서바이벌 ? 12살 나이에 혼자 OOO에서 살아남다\"\n\n인생의 터닝 포인트가 된 경험으로 2002년부터 2003년까지 OOO에서 혼자 홈스테이 생활을 하며 살았던 경험입니다. 처음 해외로 갔던 경험이고 덕분에 영어 실력은 물론이고 해외로 나아가고자 하는 욕망과 도전 의식을 고취시킬 수 있었습니다. 12살 초등학생 때 어머니와 함께 OOO로 개인 연수를 떠났습니다. 어느 모르는 가정에서 홈스테이를 지내기로 했고 현지인 학생들과 함께 학교를 다니며 영어를 배웠습니다. 하지만 어머니는 한 달 후에 한국으로 귀국하셨고 결국 저 혼자 남아서 OOO에서 살았습니다. 영어는 당연히 못했고 처음 해외 생활은 낯설기만 했습니다. 하지만 어느 순간 극복할 수 있었던 계기는 제 스스로의 막연한 두려움을 깨는 것이었습니다. 평소에는 영어를 못한다고 아무에게도 말을 못 걸었지만 먼저 용기를 내서 같은 반인 학생들에게 말을 걸었습니다. 제가 우려했던 바와는 다르게 친절하게 대해줬고 제가 영어를 이해하지 못해도 최대한 천천히 말을 하며 함께 소통하려고 노력해줬습니다. 덕분에 학교 생활이 훨씬 좋아졌고 함께 다른 학생들이랑 어울리며 자연스럽게 영어도 더욱 늘게 되었습니다.\n\n5~6개월 후 OOO 학교에서 웅변대회가 있었습니다. 영어에도 한창 자신감이 있었기 때문에 자신있게 지원했습니다. 예선 때 본선을 위해 대본도 열심히 외우고 선생님과 홈스테이 주인아저씨로부터 피드백도 많이 받았습니다. 비록 본선까지는 진출하진 못했지만 적어도 어린 나이에 현지 영어 웅변대회에 도전한 것은 아직까지도 저에게 의미 있게 남아있습니다."
    },
    "anno_text_data": {
        "data": [
            {
                "index": 0,
                "raw": "\"도전 서바이벌 ? 12살 나이에 혼자 OOO에서 살아남다\"\n\n인생의 터닝 포인트가 된 경험으로 2002년부터 2003년까지 OOO에서 혼자 홈스테이 생활을 하며 살았던 경험입니다. 처음 해외로 갔던 경험이고 덕분에 영어 실력은 물론이고 해외로 나아가고자 하는 욕망과 도전 의식을 고취시킬 수 있었습니다. 12살 초등학생 때 어머니와 함께 OOO로 개인 연수를 떠났습니다. 어느 모르는 가정에서 홈스테이를 지내기로 했고 현지인 학생들과 함께 학교를 다니며 영어를 배웠습니다. 하지만 어머니는 한 달 후에 한국으로 귀국하셨고 결국 저 혼자 남아서 OOO에서 살았습니다. 영어는 당연히 못했고 처음 해외 생활은 낯설기만 했습니다. 하지만 어느 순간 극복할 수 있었던 계기는 제 스스로의 막연한 두려움을 깨는 것이었습니다. 평소에는 영어를 못한다고 아무에게도 말을 못 걸었지만 먼저 용기를 내서 같은 반인 학생들에게 말을 걸었습니다. 제가 우려했던 바와는 다르게 친절하게 대해줬고 제가 영어를 이해하지 못해도 최대한 천천히 말을 하며 함께 소통하려고 노력해줬습니다. 덕분에 학교 생활이 훨씬 좋아졌고 함께 다른 학생들이랑 어울리며 자연스럽게 영어도 더욱 늘게 되었습니다.\n\n5~6개월 후 OOO 학교에서 웅변대회가 있었습니다. 영어에도 한창 자신감이 있었기 때문에 자신있게 지원했습니다. 예선 때 본선을 위해 대본도 열심히 외우고 선생님과 홈스테이 주인아저씨로부터 피드백도 많이 받았습니다. 비록 본선까지는 진출하진 못했지만 적어도 어린 나이에 현지 영어 웅변대회에 도전한 것은 아직까지도 저에게 의미 있게 남아있습니다.",
                "class": "적응력이 높은,적극적인,고도의 자기주도성을 가진"
            }
        ]
    }
}