{
    "meta": {
        "text_raw": "인재개발 직무에 지원하는 이유는 교육자로서 사람들의 고유한 특성과 성향을 이해하고 사람마다의 핵심 역량을 끌어내어 모두가 유익하고 즐거운 교육 시간을 진행할 자신이 있기 때문입니다. 한 때 중국어 중등교사 임용시험을 준비했던 사람으로 교육대학원 4학기 때 교육실습을 다녀왔습니다. 가장 큰 중점을 둔 것은 학생들의 관심사와 성향에 맞춰서 다양한 교수방안과 맞춤식 교수법을 수행하려고 노력했습니다. 예를 들어, 중국어를 잘하는 외국어 특성반의 경우 교과서보다 좀 더 어려운 교육내용을 선정하여 학생들이 최소 10문장 이상은 수업에서 말할 수 있도록 수업을 진행했습니다. 반면에, 중국어를 잘 못하는 다른 일반 인문계 학생들에게는 학생들이 관심을 가질만한 소재들을 위주로 수업을 진행했습니다. 중국 연예인, 먹거리 등 학생들을 자극하고 큰 흥미를 부를 수 있는 소재들을 활용하여 게임식 수업을 진행하고자 했습니다. 즉, 학생들의 특성과 관심사에 따라서 같은 교육 내용이라도 조금씩 다르게 구성하여 맞춤식 수업을 진행하였고 모두가 만족할 수 있는 수업을 진행했습니다. 아모레퍼시픽에서 해당 직무를 수행할 때도 이러한 경험을 기반으로 모든 직원이 만족할 수 있는 커리큘럼과 교육 내용을 선정하고 교육을 진행할 수 있습니다.\n\n2) 성인 대상 교육의 난관\n예측되는 어려움은 성인 대상의 교육 효율성 제고 방안입니다. 지금까지 저의 교육 경험은 주로 10대 학생들 위주였습니다. 중등교사 임용시험 특성 상, 중고등학교 학생들을 대상으로 교육 경험을 쌓았지만 회사에서 진행할 교육 대상은 성인이며 그것도 다양한 연령 범위의 성인들을 대상으로 하고 있습니다. 10대 학생들에게 진행했던 수업 방식과 교수법을 그대로 적용한다면 만족스러운 교육 및 커리큘럼 효과를 볼 수 없을 것입니다. 10대 학생들을 위주로 하는 재밌고 자극적인 교육 컨텐츠 방식이 기업 교육에서는 맞지 않을 수 있으며 성인들이 원하는 교육 방식과 내용은 차이가 있을 것입니다. 그렇기 때문에 성인 대상으로 어떻게 교육을 진행하고 어떻게 하면 알차고 유익한 교육 내용을 선정하며 진행할지를 가장 중점으로 고민하겠습니다. \n\n3) 20~50대의 다양한 연령대 대상 소논문 및 팀 발표\n2)에 대한 어려움을 극복하기 위한 강점은 교육대학원에서의 여러 가지의 소논문 발표와 팀 발표 경험입니다. 제가 다니던 교육대학원 수업에서는 20~50대 다양한 연령대의 선생님들이 수강을 했습니다. 대학원 특성 상 수업 과제로 다양한 소논문을 작성했고 소논문에 대한 발표를 진행하며 여러 선생님들의 피드백과 조언을 듣는 수업들이 많았습니다. 여기서 경험했던 것은 10대 학생들은 최대한 재미있고 지루하지 않는 수업을 추구하지만 성인 대상의 교육은 수업의 재미도 물론 중요하지만 서로의 의견이 오고 가는 끊임업슨 소통의 장이 되어야 하는 것입니다. 또한 많이 고민해볼 수 있는 주제들을 위주로 선정하여 서로의 지적 욕구를 채울 수 있는 수업을 진행해야 많은 선생님들이 만족할 수 있다는 것입니다. 교육대학원에 다니면서 이렇게 다양한 연령대의 선생님들을 대상으로 발표한 경험이 아모레퍼시픽에서 해당 직무 수행에 큰 강점으로 발휘될 것이라고 믿습니다.\n\n4) 서로가 협업하고 이해하는 교육\n모든 사람들의 귀를 기울이고 최대한 많은 사람들이 수긍하는 교육을 진행할 수 있도록 하겠습니다. 교육자로서 가장 중요한 자세는 처음부터 모든 것을 완벽하게 수행하는 것보다 최선을 다하되 사람들의 다양한 피드백과 조언을 수시로 반영하여 더 옳은 방향으로 개선하는 것이라고 생각합니다. 교육자 혼자만 말하는 것이 아니라 교육을 받는 사람들이 주인공이 되어야 이상적인 교육이 진행될 것입니다. \n\n위와 같은 비전을 위해 단기적으로 화장품 산업의 교육 내용이 어떻게 구성되어 있고 어떤 교육 방안을 주로 활용하는지를 살펴보고 분석하겠습니다. 비록 교육에 대한 경험은 있지만 화장품 산업에 대한 교육 내용 이해가 아직 부족하다고 생각합니다. 화장품 산업에 대한 깊은 이해를 추구하고 관련 교육 컨텐츠를 접하여 알맞은 교육 컨텐츠를 진행하고 개발할 수 있도록 하겠습니다.\n장기적으로 서로가 협동을 하고 서로 다른 강점과 역량을 개발하여 더욱 큰 시너지를 발휘할 수 있도록 노력하겠습니다. 기업의 모든 활동은 개인적인 업무가 아니라 많은 구성원들이 모인 팀 활동을 통해 진행됩니다. 서로가 상대방을 존중하고 본인의 강점을 발휘하여 함께 약점을 보완하는 더 큰 시너지를 발휘하는 것이 우선일 것입니다. 자신의 약점을 보완하기 위해 상대방을 존중하고 함께 성장할 수 있도록 돕는 것이 저의 가장 큰 목표입니다."
    },
    "anno_text_data": {
        "data": [
            {
                "index": 0,
                "raw": "인재개발 직무에 지원하는 이유는 교육자로서 사람들의 고유한 특성과 성향을 이해하고 사람마다의 핵심 역량을 끌어내어 모두가 유익하고 즐거운 교육 시간을 진행할 자신이 있기 때문입니다. 한 때 중국어 중등교사 임용시험을 준비했던 사람으로 교육대학원 4학기 때 교육실습을 다녀왔습니다. 가장 큰 중점을 둔 것은 학생들의 관심사와 성향에 맞춰서 다양한 교수방안과 맞춤식 교수법을 수행하려고 노력했습니다. 예를 들어, 중국어를 잘하는 외국어 특성반의 경우 교과서보다 좀 더 어려운 교육내용을 선정하여 학생들이 최소 10문장 이상은 수업에서 말할 수 있도록 수업을 진행했습니다. 반면에, 중국어를 잘 못하는 다른 일반 인문계 학생들에게는 학생들이 관심을 가질만한 소재들을 위주로 수업을 진행했습니다. 중국 연예인, 먹거리 등 학생들을 자극하고 큰 흥미를 부를 수 있는 소재들을 활용하여 게임식 수업을 진행하고자 했습니다. 즉, 학생들의 특성과 관심사에 따라서 같은 교육 내용이라도 조금씩 다르게 구성하여 맞춤식 수업을 진행하였고 모두가 만족할 수 있는 수업을 진행했습니다. 아모레퍼시픽에서 해당 직무를 수행할 때도 이러한 경험을 기반으로 모든 직원이 만족할 수 있는 커리큘럼과 교육 내용을 선정하고 교육을 진행할 수 있습니다.",
                "class": "유연한 사고를 가진,다양성을 존중하는,탄탄한 의사소통 능력을 가진,고도의 자기주도성을 가진"
            },
            {
                "index": 1,
                "raw": "2) 성인 대상 교육의 난관\n예측되는 어려움은 성인 대상의 교육 효율성 제고 방안입니다. 지금까지 저의 교육 경험은 주로 10대 학생들 위주였습니다. 중등교사 임용시험 특성 상, 중고등학교 학생들을 대상으로 교육 경험을 쌓았지만 회사에서 진행할 교육 대상은 성인이며 그것도 다양한 연령 범위의 성인들을 대상으로 하고 있습니다. 10대 학생들에게 진행했던 수업 방식과 교수법을 그대로 적용한다면 만족스러운 교육 및 커리큘럼 효과를 볼 수 없을 것입니다. 10대 학생들을 위주로 하는 재밌고 자극적인 교육 컨텐츠 방식이 기업 교육에서는 맞지 않을 수 있으며 성인들이 원하는 교육 방식과 내용은 차이가 있을 것입니다. 그렇기 때문에 성인 대상으로 어떻게 교육을 진행하고 어떻게 하면 알차고 유익한 교육 내용을 선정하며 진행할지를 가장 중점으로 고민하겠습니다.",
                "class": "다양한 의견을 수렴하는"
            },
            {
                "index": 2,
                "raw": "3) 20~50대의 다양한 연령대 대상 소논문 및 팀 발표\n2)에 대한 어려움을 극복하기 위한 강점은 교육대학원에서의 여러 가지의 소논문 발표와 팀 발표 경험입니다. 제가 다니던 교육대학원 수업에서는 20~50대 다양한 연령대의 선생님들이 수강을 했습니다. 대학원 특성 상 수업 과제로 다양한 소논문을 작성했고 소논문에 대한 발표를 진행하며 여러 선생님들의 피드백과 조언을 듣는 수업들이 많았습니다. 여기서 경험했던 것은 10대 학생들은 최대한 재미있고 지루하지 않는 수업을 추구하지만 성인 대상의 교육은 수업의 재미도 물론 중요하지만 서로의 의견이 오고 가는 끊임업슨 소통의 장이 되어야 하는 것입니다. 또한 많이 고민해볼 수 있는 주제들을 위주로 선정하여 서로의 지적 욕구를 채울 수 있는 수업을 진행해야 많은 선생님들이 만족할 수 있다는 것입니다. 교육대학원에 다니면서 이렇게 다양한 연령대의 선생님들을 대상으로 발표한 경험이 아모레퍼시픽에서 해당 직무 수행에 큰 강점으로 발휘될 것이라고 믿습니다.",
                "class": "다양한 의견을 수렴하는,탄탄한 의사소통 능력을 가진"
            },
            {
                "index": 3,
                "raw": "4) 서로가 협업하고 이해하는 교육\n모든 사람들의 귀를 기울이고 최대한 많은 사람들이 수긍하는 교육을 진행할 수 있도록 하겠습니다. 교육자로서 가장 중요한 자세는 처음부터 모든 것을 완벽하게 수행하는 것보다 최선을 다하되 사람들의 다양한 피드백과 조언을 수시로 반영하여 더 옳은 방향으로 개선하는 것이라고 생각합니다. 교육자 혼자만 말하는 것이 아니라 교육을 받는 사람들이 주인공이 되어야 이상적인 교육이 진행될 것입니다.",
                "class": "다양한 의견을 수렴하는,탄탄한 의사소통 능력을 가진"
            },
            {
                "index": 4,
                "raw": "위와 같은 비전을 위해 단기적으로 화장품 산업의 교육 내용이 어떻게 구성되어 있고 어떤 교육 방안을 주로 활용하는지를 살펴보고 분석하겠습니다. 비록 교육에 대한 경험은 있지만 화장품 산업에 대한 교육 내용 이해가 아직 부족하다고 생각합니다. 화장품 산업에 대한 깊은 이해를 추구하고 관련 교육 컨텐츠를 접하여 알맞은 교육 컨텐츠를 진행하고 개발할 수 있도록 하겠습니다.\n장기적으로 서로가 협동을 하고 서로 다른 강점과 역량을 개발하여 더욱 큰 시너지를 발휘할 수 있도록 노력하겠습니다. 기업의 모든 활동은 개인적인 업무가 아니라 많은 구성원들이 모인 팀 활동을 통해 진행됩니다. 서로가 상대방을 존중하고 본인의 강점을 발휘하여 함께 약점을 보완하는 더 큰 시너지를 발휘하는 것이 우선일 것입니다. 자신의 약점을 보완하기 위해 상대방을 존중하고 함께 성장할 수 있도록 돕는 것이 저의 가장 큰 목표입니다.",
                "class": "선한 영향력을 행사하는,지속적인 성장을 추구하는"
            }
        ]
    }
}