{
    "meta": {
        "text_raw": "\"모래알 팀원으로 프로젝트 경연 2위를 달성하다\"\n\n프로젝트 경연을 위해 팀원으로 만나게 된 학우들이 프로젝트에 대한 서로 다른 생각으로 부딪쳤으나 결국 이들을 이끌어 프로젝트 경연에서 2위를 한 경험이 있습니다. 처음 만난 팀원들과 아이디어 회의를 하는 과정에서 팀원 A는 시험 성적을 잘 받으면 프로젝트는 큰 영향이 없으니 대충하겠다고 단언하였고, 팀원 B는 해당 과목은 관심 없다면서 완성된 자료를 주면 PPT 제작은 거들 수 있다고 하였습니다. 프로젝트 경연에서 좋은 성과를 얻고 싶었던 저는 이런 상황이 정말 막막했습니다.\n\n저는 제가 조금 더 많은 부분을 맡기로 하고 일정 등을 양보하면서 팀원들을 설득하였습니다. 자료 조사와 발표를 제가 모두 하겠다고 제안하면서 팀원 B에게 PPT를 부탁하였습니다. 평가 항목 중 70%의 높은 비중을 차지하는 발표를 맡을테니 발표에 사용할 PPT 제작을 의뢰하였고, 다행히 팀원 B는 응해주었습니다. 문제는 팀원 A를 설득하는 것이었습니다. 일단 저는 자료 조사를 시작하였고, 그러는 과정에서 강의를 굉장히 집중하며 수업에 충실한 그의 모습을 보게 되었습니다. 저는 자료 조사를 하다가 모르는 내용을 팀원 A에게 가서 물어보거나 조언을 구했는데 놀랍게도 팀원 A의 실력은 매우 좋았습니다. 초반 자료 조사 및 연구 과정에서 팀원 A의 조력을 받는 횟수가 늘어났고, 저는 진심으로 고마워하였습니다. 그 과정에서 팀원 A에게 그의 힘이 필요함을 간곡히 설득하였고, 팀원 A는 프로젝트 마감일까지 10일이 남은 상태에서 합류하게 되었습니다. 우리는 극적으로 의기투합하여 마지막 피치를 올렸습니다.\n\n결과는 놀라웠습니다. 저는 팀원 A의 도움으로 자료 정리를 마친 후, 팀원 B가 제작한 PPT 수정에도 공을 들였고, 프로젝트 당일까지 발표 연습을 수없이 되풀이 하였습니다. 그 결과 11팀 중 2위를 하였습니다. 자발적 노력과 양보하는 태도로 팀원들의 마음을 모아 협업을 성공적으로 할 수 있었던 소중한 경험이었습니다."
    },
    "anno_text_data": {
        "data": [
            {
                "index": 0,
                "raw": "\"모래알 팀원으로 프로젝트 경연 2위를 달성하다\"\n\n프로젝트 경연을 위해 팀원으로 만나게 된 학우들이 프로젝트에 대한 서로 다른 생각으로 부딪쳤으나 결국 이들을 이끌어 프로젝트 경연에서 2위를 한 경험이 있습니다. 처음 만난 팀원들과 아이디어 회의를 하는 과정에서 팀원 A는 시험 성적을 잘 받으면 프로젝트는 큰 영향이 없으니 대충하겠다고 단언하였고, 팀원 B는 해당 과목은 관심 없다면서 완성된 자료를 주면 PPT 제작은 거들 수 있다고 하였습니다. 프로젝트 경연에서 좋은 성과를 얻고 싶었던 저는 이런 상황이 정말 막막했습니다.\n\n저는 제가 조금 더 많은 부분을 맡기로 하고 일정 등을 양보하면서 팀원들을 설득하였습니다. 자료 조사와 발표를 제가 모두 하겠다고 제안하면서 팀원 B에게 PPT를 부탁하였습니다. 평가 항목 중 70%의 높은 비중을 차지하는 발표를 맡을테니 발표에 사용할 PPT 제작을 의뢰하였고, 다행히 팀원 B는 응해주었습니다. 문제는 팀원 A를 설득하는 것이었습니다. 일단 저는 자료 조사를 시작하였고, 그러는 과정에서 강의를 굉장히 집중하며 수업에 충실한 그의 모습을 보게 되었습니다. 저는 자료 조사를 하다가 모르는 내용을 팀원 A에게 가서 물어보거나 조언을 구했는데 놀랍게도 팀원 A의 실력은 매우 좋았습니다. 초반 자료 조사 및 연구 과정에서 팀원 A의 조력을 받는 횟수가 늘어났고, 저는 진심으로 고마워하였습니다. 그 과정에서 팀원 A에게 그의 힘이 필요함을 간곡히 설득하였고, 팀원 A는 프로젝트 마감일까지 10일이 남은 상태에서 합류하게 되었습니다. 우리는 극적으로 의기투합하여 마지막 피치를 올렸습니다.\n\n결과는 놀라웠습니다. 저는 팀원 A의 도움으로 자료 정리를 마친 후, 팀원 B가 제작한 PPT 수정에도 공을 들였고, 프로젝트 당일까지 발표 연습을 수없이 되풀이 하였습니다. 그 결과 11팀 중 2위를 하였습니다. 자발적 노력과 양보하는 태도로 팀원들의 마음을 모아 협업을 성공적으로 할 수 있었던 소중한 경험이었습니다.",
                "class": "다양한 의견을 수렴하는,탄탄한 의사소통 능력을 가진"
            }
        ]
    }
}