{
    "meta": {
        "text_raw": "\"민주적인 역량으로 1등 상금 500위안을 타다\"\n\n팀 과제에서 구성원 각자의 역할을 성실히 수행하여 1등을 해서 상금을 탔던 경험이 있습니다. 해당 과제는 학생들끼리 학교와 기숙사 주변의 생활모습에 대해 지도를 그려 외국인들에게 소개를 하는 과제였습니다. 팀 중에서 중국어를 제일 잘했던 제가 리더를 맡았고 구성원들과 과제에 대해서 자주 논의하는 시간을 가졌습니다. 리더로서 먼저 하고 싶었던 것은 팀원들과 함께 친해지는 것이었습니다. 그래서 먼저 식사 및 여러 관광지를 방문하는 약속 제안을 했습니다. 함께 여행을 다니고 밥을 먹으면서 서로를 알아갔습니다. 함께 생활했기 때문에 금방 친해졌고 이러한 저의 노력 덕분에 서로 과제 이야기를 하는 것에 불편함이 없었으며 의견 공유가 자유로웠습니다.\n\n물론 서로 팀 과제를 수행하며 의견 차이가 다소 있긴 했습니다. 제가 리더였기 때문에 가장 많은 의견을 어필했지만 제 의견이 강행되는 느낌을 없애기 위해 구성원들의 의견을 지속적으로 물어보며 역할 배정에 불만이 없도록 하였습니다. 예를 들어, 중국어를 아예 못하는 구성원 2명에겐 지도 그림 및 색칠 업무를 부여했고 다른 한명은 저와 함께 숙소 및 학교 주변을 돌아다니며 지도에 반영할 내용을 파악했습니다. 수시로 구성원들이 힘들어하는 것에 대해 물어보고 피드백을 받으며 함께 으쌰으쌰할 수 있도록 노력했습니다. 서로가 업무를 성실히하는 것뿐만 아니라 돈독하고 자연스러운 관계 덕분에 과제에서 1등을 할 수 있었습니다. 그리고 해당 과제의 1등 상금인 500위안을 받아서 구성원들과 함께 그 기쁨을 공유했습니다."
    },
    "anno_text_data": {
        "data": [
            {
                "index": 0,
                "raw": "\"민주적인 역량으로 1등 상금 500위안을 타다\"\n\n팀 과제에서 구성원 각자의 역할을 성실히 수행하여 1등을 해서 상금을 탔던 경험이 있습니다. 해당 과제는 학생들끼리 학교와 기숙사 주변의 생활모습에 대해 지도를 그려 외국인들에게 소개를 하는 과제였습니다. 팀 중에서 중국어를 제일 잘했던 제가 리더를 맡았고 구성원들과 과제에 대해서 자주 논의하는 시간을 가졌습니다. 리더로서 먼저 하고 싶었던 것은 팀원들과 함께 친해지는 것이었습니다. 그래서 먼저 식사 및 여러 관광지를 방문하는 약속 제안을 했습니다. 함께 여행을 다니고 밥을 먹으면서 서로를 알아갔습니다. 함께 생활했기 때문에 금방 친해졌고 이러한 저의 노력 덕분에 서로 과제 이야기를 하는 것에 불편함이 없었으며 의견 공유가 자유로웠습니다.",
                "class": "신뢰를 주는 리더,탄탄한 의사소통 능력을 가진"
            },
            {
                "index": 1,
                "raw": "물론 서로 팀 과제를 수행하며 의견 차이가 다소 있긴 했습니다. 제가 리더였기 때문에 가장 많은 의견을 어필했지만 제 의견이 강행되는 느낌을 없애기 위해 구성원들의 의견을 지속적으로 물어보며 역할 배정에 불만이 없도록 하였습니다. 예를 들어, 중국어를 아예 못하는 구성원 2명에겐 지도 그림 및 색칠 업무를 부여했고 다른 한명은 저와 함께 숙소 및 학교 주변을 돌아다니며 지도에 반영할 내용을 파악했습니다. 수시로 구성원들이 힘들어하는 것에 대해 물어보고 피드백을 받으며 함께 으쌰으쌰할 수 있도록 노력했습니다. 서로가 업무를 성실히하는 것뿐만 아니라 돈독하고 자연스러운 관계 덕분에 과제에서 1등을 할 수 있었습니다. 그리고 해당 과제의 1등 상금인 500위안을 받아서 구성원들과 함께 그 기쁨을 공유했습니다.",
                "class": "신뢰를 주는 리더,다양성을 존중하는"
            }
        ]
    }
}