{
    "meta": {
        "text_raw": "첫째, 성실함입니다. 성실함은 어떤 어려운 업무든 해낼 수 있다고 생각합니다. 그 이유는 과거에 편입을 준비했던 적이 있습니다. 원하는 학과에 진학하기 위해 꼼꼼하게 계획을 세우고 열심히 공부를 했던 기억이 납니다. 또한 당시에 학교를 다니면서 편입 공부를 병행했기 때문에 최대한 많은 공부시간을 확보하도록 노력했습니다. 편입이 평균 50:1의 경쟁률로 편입 준비 당시에는 힘들었지만 저의 성실함 덕분에 고진감래의 결과를 맞이했습니다.\n\n둘째, 꼼꼼함입니다. 업무를 부여받았을 때, A부터 Z까지 꼼꼼하게 분석하며 업무 결과에 있어서 실수하지 않도록 최대한 조심하는 성격입니다. 이러한 성격 덕분에, 대학원 졸업논문도 순탄하게 마무리할 수 있었습니다. 특히, 제 논문은 통계와 관련되어 수치에 대한 이해와 논문지도 때마다의 꼼꼼한 수정이 요구되었습니다. 심사 때도 논문의 꼼꼼함과 세부적인 점에서 좋은 평가를 얻었고 결국 무사히 졸업할 수 있었습니다."
    },
    "anno_text_data": {
        "data": [
            {
                "index": 0,
                "raw": "첫째, 성실함입니다. 성실함은 어떤 어려운 업무든 해낼 수 있다고 생각합니다. 그 이유는 과거에 편입을 준비했던 적이 있습니다. 원하는 학과에 진학하기 위해 꼼꼼하게 계획을 세우고 열심히 공부를 했던 기억이 납니다. 또한 당시에 학교를 다니면서 편입 공부를 병행했기 때문에 최대한 많은 공부시간을 확보하도록 노력했습니다. 편입이 평균 50:1의 경쟁률로 편입 준비 당시에는 힘들었지만 저의 성실함 덕분에 고진감래의 결과를 맞이했습니다.\n\n둘째, 꼼꼼함입니다. 업무를 부여받았을 때, A부터 Z까지 꼼꼼하게 분석하며 업무 결과에 있어서 실수하지 않도록 최대한 조심하는 성격입니다. 이러한 성격 덕분에, 대학원 졸업논문도 순탄하게 마무리할 수 있었습니다. 특히, 제 논문은 통계와 관련되어 수치에 대한 이해와 논문지도 때마다의 꼼꼼한 수정이 요구되었습니다. 심사 때도 논문의 꼼꼼함과 세부적인 점에서 좋은 평가를 얻었고 결국 무사히 졸업할 수 있었습니다.",
                "class": "고도의 자기주도성을 가진"
            }
        ]
    }
}