{
    "meta": {
        "text_raw": "\"삼성엔지니어링과 함께 변화하는 세상을 꿈꾸다\"\n\n삼성엔지니어링의 기업 슬로건 중 “완전한 기술력으로 일하고” “끝없는 혁신을 추구한다”는 이념은 기존 화공 부문뿐만 아니라 비화공 분야에도 적극적으로 투자하는 모습으로 구현되고 있다고 생각합니다. 적극적인 도전을 통해서 새로운 가치를 창출하는 모습은 엔지니어로써 다양한 경험을 할 수 있을 뿐 아니라 직업 소명도 성취할 수 있다는 생각이 들어 지원하였습니다.\n\n학부 연구생 시절, 분리막을 이용한 이산화탄소 흡수 공정 연구를 보조하며 이산화탄소 포집 성능을 30% 증가시킨 적이 있습니다. 많은 사람들과 협업을 통해 실험실 규모의 공정을 설계해보았고, 이 과정에서 공정 설계에 대한 재미를 느꼈습니다. 또한 반응공학 수업을 들으며 정유 공정에 대한 흥미가 생겼습니다. 특히 정유 공정에 사용하는 제올라이트는 기존 불산, 황산 등 강산을 사용하는 공정을 대체하여 부식성과 경제성을 향상시키는 것에 흥미를 느껴 제올라이트에 관한 논문을 찾아보며 지식을 습득하였습니다.\n\n세상은 빠르게 변하고 있고, 다양하고 풍부한 지식을 갖는 것이 중요하다고 생각합니다. 이산화탄소 흡수 공정을 통해 비화공 분야를, 정유 공정을 통해 화공 분야를 공부해보았습니다. 주도적인 역량 계발을 통해 위의 두 분야뿐 아니라 다양한 공정에 대해 공부하여 삼성엔지니어링 플랜트 사업에 기여하고 싶습니다."
    },
    "anno_text_data": {
        "data": [
            {
                "index": 0,
                "raw": "삼성엔지니어링과 함께 변화하는 세상을 꿈꾸다\"\n\n삼성엔지니어링의 기업 슬로건 중 “완전한 기술력으로 일하고” “끝없는 혁신을 추구한다”는 이념은 기존 화공 부문뿐만 아니라 비화공 분야에도 적극적으로 투자하는 모습으로 구현되고 있다고 생각합니다. 적극적인 도전을 통해서 새로운 가치를 창출하는 모습은 엔지니어로써 다양한 경험을 할 수 있을 뿐 아니라 직업 소명도 성취할 수 있다는 생각이 들어 지원하였습니다.\n\n학부 연구생 시절, 분리막을 이용한 이산화탄소 흡수 공정 연구를 보조하며 이산화탄소 포집 성능을 30% 증가시킨 적이 있습니다. 많은 사람들과 협업을 통해 실험실 규모의 공정을 설계해보았고, 이 과정에서 공정 설계에 대한 재미를 느꼈습니다. 또한 반응공학 수업을 들으며 정유 공정에 대한 흥미가 생겼습니다. 특히 정유 공정에 사용하는 제올라이트는 기존 불산, 황산 등 강산을 사용하는 공정을 대체하여 부식성과 경제성을 향상시키는 것에 흥미를 느껴 제올라이트에 관한 논문을 찾아보며 지식을 습득하였습니다.\n\n세상은 빠르게 변하고 있고, 다양하고 풍부한 지식을 갖는 것이 중요하다고 생각합니다. 이산화탄소 흡수 공정을 통해 비화공 분야를, 정유 공정을 통해 화공 분야를 공부해보았습니다. 주도적인 역량 계발을 통해 위의 두 분야뿐 아니라 다양한 공정에 대해 공부하여 삼성엔지니어링 플랜트 사업에 기여하고 싶습니다.",
                "class": "지속적인 성장을 추구하는,고도의 자기주도성을 가진"
            }
        ]
    }
}