{
    "meta": {
        "text_raw": "한국남부발전 체험형 인턴 발전 부문으로 지원하게 된 동기는, 저의 직업적 목표를 실현하기 위한 준비과정에 필요한 경험이라 생각했기 때문입니다. 저의 목표는 전공을 살려 필수 공공재인 전기를 필요한 만큼 생산하고, 이를 원활하게 운영하며 시민들에게 기여하는 직업을 갖는 것입니다. 그리고 목표를 실현하기 위해 중요하게 생각하는 것은 단순 지식적인 측면 이외에도 알고 있는 지식과 실무에서 다른 게 적용되는 지식들을 보충하며, 새롭게 배우는 것이 중요하다고 생각되어 이번 체험형 인턴을 지원하게 되었습니다."
    },
    "anno_text_data": {
        "data": [
            {
                "index": 0,
                "raw": "한국남부발전 체험형 인턴 발전 부문으로 지원하게 된 동기는, 저의 직업적 목표를 실현하기 위한 준비과정에 필요한 경험이라 생각했기 때문입니다. 저의 목표는 전공을 살려 필수 공공재인 전기를 필요한 만큼 생산하고, 이를 원활하게 운영하며 시민들에게 기여하는 직업을 갖는 것입니다. 그리고 목표를 실현하기 위해 중요하게 생각하는 것은 단순 지식적인 측면 이외에도 알고 있는 지식과 실무에서 다른 게 적용되는 지식들을 보충하며, 새롭게 배우는 것이 중요하다고 생각되어 이번 체험형 인턴을 지원하게 되었습니다.",
                "class": "선한 영향력을 행사하는,지속적인 성장을 추구하는"
            }
        ]
    }
}