{
    "meta": {
        "text_raw": "\"선의의 경쟁 속에서 효율적인 팀 워크를 위한 방안들\"\n\n`OOOOO` 프로그램의 최종 프로젝트는 다양한 문제점들과 해결방법에 대해 고민하는 시간이었습니다. OOOOO 주관`공공 OOOO 청년 인턴십`프로그램은 총 120명을 선발하여 성적순으로 100명만 인턴을 하는 프로그램입니다. 그렇기 때문에 선발된 학생들끼리 선의의 경쟁이 중요하였고 성적 비중이 가장 높은 최종 프로젝트에서의 팀 화합에 제일 중요했습니다.\n\n\"뚜렷한 목적 선정\"\n\n모두 높은 성적으로 가고자 하는 공공기관에서 인턴을 가고 싶어 했기 때문에 모두 의욕이 충만했습니다. 이러한 상황 속에서 각자의 이견을 조율하고 주제의 방향성과 목표를 팀원 모두가 인지하고 출발하는 게 중요했습니다. 저희는 시간이 촉박하다는 이유로 정확한 주제보다는 방향만 설정하여 진행하였는데 진행하면 할수록 프로젝트의 목적에 혼란이 왔고 각자 생각하는 결론이 달랐습니다. 반복되는 회의만 계속되어 저는 화이트보드를 이용해서 각자의 생각을 표현하는것을 제안 했습니다. 이전에는 말로만 설명을 하였기 때문에 뜬구름을 잡는 것 같았지만 화이트보드를 사용함 으로써 목적을 정확히 잡을수 있었습니다.\n\n\"상황 공유의 중요성\"\n\n또한 팀원들의 업무 진행 상황 공유의 중요성을 배웠습니다. 짧은 시간에 프로젝트를 마무리해야 했기때문에 하루하루가 중요했습니다. 그렇기 때문에 하루를 효율적으로 보내야 했는데 이를 위해서는 팀원 각각이 무엇을 왜 하고 있는지 모두가 인지하는게 중요했습니다. 그 방향이 맞는지 틀린지를 팀원들이 알려줄 수 있기 때문입니다. 그래서 저는 매일 15분 이내로 짧게 오늘 할 일, 내일 할 일, 잘 안 되는 일을 공유하는 시간을 가졌습니다. 매일 짧게 핵심적인 요소들만 소통을 함으로써 저희 조는 단기간에 효율적으로 진행할 수 있었습니다."
    },
    "anno_text_data": {
        "data": [
            {
                "index": 0,
                "raw": "\"선의의 경쟁 속에서 효율적인 팀 워크를 위한 방안들\"\n\n`OOOOO` 프로그램의 최종 프로젝트는 다양한 문제점들과 해결방법에 대해 고민하는 시간이었습니다. OOOOO 주관`공공 OOOO 청년 인턴십`프로그램은 총 120명을 선발하여 성적순으로 100명만 인턴을 하는 프로그램입니다. 그렇기 때문에 선발된 학생들끼리 선의의 경쟁이 중요하였고 성적 비중이 가장 높은 최종 프로젝트에서의 팀 화합에 제일 중요했습니다.",
                "class": "탄탄한 의사소통 능력을 가진"
            },
            {
                "index": 1,
                "raw": "\"뚜렷한 목적 선정\"\n\n모두 높은 성적으로 가고자 하는 공공기관에서 인턴을 가고 싶어 했기 때문에 모두 의욕이 충만했습니다. 이러한 상황 속에서 각자의 이견을 조율하고 주제의 방향성과 목표를 팀원 모두가 인지하고 출발하는 게 중요했습니다. 저희는 시간이 촉박하다는 이유로 정확한 주제보다는 방향만 설정하여 진행하였는데 진행하면 할수록 프로젝트의 목적에 혼란이 왔고 각자 생각하는 결론이 달랐습니다. 반복되는 회의만 계속되어 저는 화이트보드를 이용해서 각자의 생각을 표현하는것을 제안 했습니다. 이전에는 말로만 설명을 하였기 때문에 뜬구름을 잡는 것 같았지만 화이트보드를 사용함 으로써 목적을 정확히 잡을수 있었습니다.",
                "class": "다양한 의견을 수렴하는,탄탄한 의사소통 능력을 가진,목표를 달성하는 능력을 갖춘"
            },
            {
                "index": 2,
                "raw": "\"상황 공유의 중요성\"\n\n또한 팀원들의 업무 진행 상황 공유의 중요성을 배웠습니다. 짧은 시간에 프로젝트를 마무리해야 했기때문에 하루하루가 중요했습니다. 그렇기 때문에 하루를 효율적으로 보내야 했는데 이를 위해서는 팀원 각각이 무엇을 왜 하고 있는지 모두가 인지하는게 중요했습니다. 그 방향이 맞는지 틀린지를 팀원들이 알려줄 수 있기 때문입니다. 그래서 저는 매일 15분 이내로 짧게 오늘 할 일, 내일 할 일, 잘 안 되는 일을 공유하는 시간을 가졌습니다. 매일 짧게 핵심적인 요소들만 소통을 함으로써 저희 조는 단기간에 효율적으로 진행할 수 있었습니다.",
                "class": "탄탄한 의사소통 능력을 가진,신속한 의사결정을 내리는,자원을 효율적으로 활용하는"
            }
        ]
    }
}