{
    "meta": {
        "text_raw": "\"OJT 가이드북 - 한 달에서 2주로 교육 시간 감소효과\"\n\n기존에는 군대 선임들이 신병 교육을 위해 돌아가며 한 달 이상 교육을 시키는 것이 관행이었지만 OJT 가이드북 아이디어를 제시하여 군대 신병 교육을 무려 2주로 감소시켜 효율성을 봤던 경험이 있습니다. 군복무 때 제가 신병으로 자대 배치를 받고 업무 교육을 받으며 항상 느끼던 불편함이 있었습니다. OJT의 틀이 정해져 있지 않고 중구난방했기 때문에 단독 업무로 투입이 되어도 실제 업무가 교육 내용과 차이가 있던 적도 있습니다. 이를 해결하기 위해 제시했던 것이 OJT 가이드북입니다. 업무의 처음부터 끝까지 가이드북만 봐도 충분히 업무 투입이 가능할 정도로 완벽한 가이드북을 만드는 것이 목표였습니다.\n\n또한 OJT 내용의 통일성을 부여하기 위해 선임들로부터 지속적인 피드백을 요청했습니다. 물론, 제 스스로가 가이드북을 만드는 것은 한계가 있었기 때문에 군복무 1년이 되었을쯤에 가이드북 아이디어를 제시하며 후임들과 함께 OJT 가이드북을 만들었습니다. 반대 의견 제시의 우려와는 달리 후임들이 제 아이디어에 찬성하였고 함께 가이드북을 만들었습니다. 총 두 달 동안 가이드북을 만들었고 덕분에 이후에 자대 배치를 받은 신병들은 가이드북 교육을 통해 무려 2주의 교육 기간 감축 효과를 보았습니다. 이러한 혁신 사례를 통해 배운 것은 문제점을 찾아보려는 노력과 다른 사람들과 함께 해결방안을 마련하기 위해 함께 소통하는 것입니다."
    },
    "anno_text_data": {
        "data": [
            {
                "index": 0,
                "raw": "\"OJT 가이드북 - 한 달에서 2주로 교육 시간 감소효과\"\n\n기존에는 군대 선임들이 신병 교육을 위해 돌아가며 한 달 이상 교육을 시키는 것이 관행이었지만 OJT 가이드북 아이디어를 제시하여 군대 신병 교육을 무려 2주로 감소시켜 효율성을 봤던 경험이 있습니다. 군복무 때 제가 신병으로 자대 배치를 받고 업무 교육을 받으며 항상 느끼던 불편함이 있었습니다. OJT의 틀이 정해져 있지 않고 중구난방했기 때문에 단독 업무로 투입이 되어도 실제 업무가 교육 내용과 차이가 있던 적도 있습니다. 이를 해결하기 위해 제시했던 것이 OJT 가이드북입니다. 업무의 처음부터 끝까지 가이드북만 봐도 충분히 업무 투입이 가능할 정도로 완벽한 가이드북을 만드는 것이 목표였습니다.",
                "class": "적극적인"
            },
            {
                "index": 1,
                "raw": "또한 OJT 내용의 통일성을 부여하기 위해 선임들로부터 지속적인 피드백을 요청했습니다. 물론, 제 스스로가 가이드북을 만드는 것은 한계가 있었기 때문에 군복무 1년이 되었을쯤에 가이드북 아이디어를 제시하며 후임들과 함께 OJT 가이드북을 만들었습니다. 반대 의견 제시의 우려와는 달리 후임들이 제 아이디어에 찬성하였고 함께 가이드북을 만들었습니다. 총 두 달 동안 가이드북을 만들었고 덕분에 이후에 자대 배치를 받은 신병들은 가이드북 교육을 통해 무려 2주의 교육 기간 감축 효과를 보았습니다. 이러한 혁신 사례를 통해 배운 것은 문제점을 찾아보려는 노력과 다른 사람들과 함께 해결방안을 마련하기 위해 함께 소통하는 것입니다.",
                "class": "다양한 의견을 수렴하는,다양성을 존중하는,탄탄한 의사소통 능력을 가진,목표를 달성하는 능력을 갖춘"
            }
        ]
    }
}