{
    "meta": {
        "text_raw": "\"지금은 도약의 기회 - 평가체제의 새로운 확립\"\n\n주춤했던 애경산업의 매출 상승 전략과 해외 거래처와의 시장 확산에 대해 다시 한 번 고민을 할 시기일 것입니다. 애경산업의 주요 분야인 화장품산업은 코로나 시국 이후로 큰 타격을 입었습니다. 화장품의 수요가 급속히 떨어졌고 또한 화장품의 주요 고객인 중국과의 상호교류가 줄어들면서 더욱 타격을 입게 되었습니다. 하지만 전세계적으로 코로나가 점차 해결되는 기미가 보이고 있고 점차 애경산업도 다시 활기를 띄는 것으로 보입니다. \n\n이러한 현 상황에서 제가 이바지할 수 있는 것은 임직원 분들의 사기를 증진시키기 위한 교육 평가 체제 마련일 것입니다. 다시 한번 화장품산업의 매출 상승과 도약을 위해 임직원 분들이 힘을 쓸 기회이며 이를 위해 효과적인 교육 내용과 커리큘럼을 제공하고 마무리로 알맞은 교육 평가 체제를 마련하는 것이 저의 의무라고 생각합니다. 특히, 제가 가장 관심을 가지는 것으로 교육 평가가 있습니다. 교육 목적에 부합하고 공정성 있는 평가 체제를 위한 문제 제기를 하여 졸업 논문을 작성한 경험이 있고 최근에 팀을 결성하여 스터디를 하며 서로의 공부 내용을 확인하기 위해 평가지를 작성한 경험도 있습니다.\n\n이를 통해 배운 것은 교육 평가 자체로서 높은 점수를 받는 것보다 평가를 통해 본인의 취약한 점을 파악하고 이를 개선하는 의지를 배우는 것입니다. 알맞은 교육평가 체제를 확립하여 임직원 분들의 각자의 강점과 약점을 파악할 수 있도록 도와드리고 회사 발전에 기여할 수 있도록 하겠습니다."
    },
    "anno_text_data": {
        "data": [
            {
                "index": 0,
                "raw": "\"지금은 도약의 기회 - 평가체제의 새로운 확립\"\n\n주춤했던 애경산업의 매출 상승 전략과 해외 거래처와의 시장 확산에 대해 다시 한 번 고민을 할 시기일 것입니다. 애경산업의 주요 분야인 화장품산업은 코로나 시국 이후로 큰 타격을 입었습니다. 화장품의 수요가 급속히 떨어졌고 또한 화장품의 주요 고객인 중국과의 상호교류가 줄어들면서 더욱 타격을 입게 되었습니다. 하지만 전세계적으로 코로나가 점차 해결되는 기미가 보이고 있고 점차 애경산업도 다시 활기를 띄는 것으로 보입니다. \n\n이러한 현 상황에서 제가 이바지할 수 있는 것은 임직원 분들의 사기를 증진시키기 위한 교육 평가 체제 마련일 것입니다. 다시 한번 화장품산업의 매출 상승과 도약을 위해 임직원 분들이 힘을 쓸 기회이며 이를 위해 효과적인 교육 내용과 커리큘럼을 제공하고 마무리로 알맞은 교육 평가 체제를 마련하는 것이 저의 의무라고 생각합니다. 특히, 제가 가장 관심을 가지는 것으로 교육 평가가 있습니다. 교육 목적에 부합하고 공정성 있는 평가 체제를 위한 문제 제기를 하여 졸업 논문을 작성한 경험이 있고 최근에 팀을 결성하여 스터디를 하며 서로의 공부 내용을 확인하기 위해 평가지를 작성한 경험도 있습니다.",
                "class": "문제해결능력이 뛰어난,적극적인"
            },
            {
                "index": 1,
                "raw": "이를 통해 배운 것은 교육 평가 자체로서 높은 점수를 받는 것보다 평가를 통해 본인의 취약한 점을 파악하고 이를 개선하는 의지를 배우는 것입니다. 알맞은 교육평가 체제를 확립하여 임직원 분들의 각자의 강점과 약점을 파악할 수 있도록 도와드리고 회사 발전에 기여할 수 있도록 하겠습니다.",
                "class": "지속적인 성장을 추구하는,고도의 책임감을 가진"
            }
        ]
    }
}