{
    "meta": {
        "text_raw": "\"소통과 조율, 그리고 실천으로 만든 상\"\n\n플랜트 화공/공정 교육 중 프로젝트 발표에서 갈등을 극복하고 발표를 성공한 경험이 있습니다. 캐나다 Fort Hills 대한 자료조사와 PPT 제작, 발표를 2인 1조로 오일샌드 자원의 특징과 사업을 조사하고 준비를 시작했습니다. 문제는 다른 발표에 차별화를 위해 조사해온 사업성에 갈등이 있었고 팀원은 수익성이 핵심이라 주장했지만, 기존 내용도 어렵고 발표가 힘들다는 발표의견과 부딪혀 진행이 멈추기를 반복했습니다.\n\n이를 해결하기 위해 각각의 사안별 내용의 틀을 짜 비교해보며, 팀원 간의 의견을 끊임없이 수용하고 조정하는 역할을 맡았습니다. 예상할 수 있는 불편함을 다듬어주고 실제로 해보면서 개선사항을 알려주며, 이를 통해 단순하게 많이 담고자 했던 의견들도 빠르게 수정할 수 있었습니다. 피드백을 거친 발표 내용은 기존 내용에 발주처의 유가간 주가변동을 수치화했고, 국내외 사업 비교로 자료의 깊이를 더하는 자료를 갖춰냈습니다.\n\n결과는 최종 평가에서 최우수발표로 선정되었고, 조원들의 노력이 인정받는 순간이었습니다. 그리고 말하지 않은 불편함을 항상 생각하고 끊임없이 대화하면서, 의견을 빠르고 다양하게 반영해 시행착오를 거치는 과정의 소중함을 경험했습니다. 그리고 모든 팀 활동에서도 내가 항상 맞을 거란 생각이 아닌, 우리의 합의점을 찾아가는 과정을 배울 수 있었습니다."
    },
    "anno_text_data": {
        "data": [
            {
                "index": 0,
                "raw": "\"소통과 조율, 그리고 실천으로 만든 상\"\n\n플랜트 화공/공정 교육 중 프로젝트 발표에서 갈등을 극복하고 발표를 성공한 경험이 있습니다. 캐나다 Fort Hills 대한 자료조사와 PPT 제작, 발표를 2인 1조로 오일샌드 자원의 특징과 사업을 조사하고 준비를 시작했습니다. 문제는 다른 발표에 차별화를 위해 조사해온 사업성에 갈등이 있었고 팀원은 수익성이 핵심이라 주장했지만, 기존 내용도 어렵고 발표가 힘들다는 발표의견과 부딪혀 진행이 멈추기를 반복했습니다.\n\n이를 해결하기 위해 각각의 사안별 내용의 틀을 짜 비교해보며, 팀원 간의 의견을 끊임없이 수용하고 조정하는 역할을 맡았습니다. 예상할 수 있는 불편함을 다듬어주고 실제로 해보면서 개선사항을 알려주며, 이를 통해 단순하게 많이 담고자 했던 의견들도 빠르게 수정할 수 있었습니다. 피드백을 거친 발표 내용은 기존 내용에 발주처의 유가간 주가변동을 수치화했고, 국내외 사업 비교로 자료의 깊이를 더하는 자료를 갖춰냈습니다.\n\n결과는 최종 평가에서 최우수발표로 선정되었고, 조원들의 노력이 인정받는 순간이었습니다. 그리고 말하지 않은 불편함을 항상 생각하고 끊임없이 대화하면서, 의견을 빠르고 다양하게 반영해 시행착오를 거치는 과정의 소중함을 경험했습니다. 그리고 모든 팀 활동에서도 내가 항상 맞을 거란 생각이 아닌, 우리의 합의점을 찾아가는 과정을 배울 수 있었습니다.",
                "class": "탄탄한 의사소통 능력을 가진,신뢰를 주는 리더,다양성을 존중하는,위기 상황에서도 안정감을 주는"
            }
        ]
    }
}