{
    "meta": {
        "text_raw": "\"유니드글로벌상사를 통한 글로벌 날개짓\"\n\n유니드글로벌상사를 통해 저의 글로벌 역량을 마음껏 펼치며 끝없이 도전을 하고 성취를 느끼고 싶습니다. 특히, 저는 해외에 연수와 여행을 다니면서 모르는 사람들과 함께 소통을 하고 그 나라의 문화와 풍습을 이해하고 체험하는 것에 큰 흥미를 가졌습니다. 신입사원으로서 제가 지금까지 가보지 못한 나라뿐만 아니라 단순히 여행으로 발자취를 남긴 곳에서도 무한한 꿈을 펼치고자 합니다.\n\n직무 내용을 참고했을 때 영어,중국어 능력을 우수하게 활용하여 신입으로서 다소 한국에서 먼 국가 및 오지로 출장을 가더라도 유니드글로벌상사에 이바지할 수 있는 일을 해보고 싶습니다. 또한, 제 전공을 고려해서 유니드글로벌상사의 일원으로 중국 명품 실크로드가 되고 싶습니다. 스스로를 세계의 무역로 중 하나인 실크로드가 되어 글로벌 역량을 키우고 우수한 수입,수출 직무의 사원이 되도록 노력하겠습니다. 그리고 중국에서 새로운 시장 개발을 추진하여 더욱 안정적이고 견고한 실크로드가 될 수 있도록 하겠습니다."
    },
    "anno_text_data": {
        "data": [
            {
                "index": 0,
                "raw": "\"유니드글로벌상사를 통한 글로벌 날개짓\"\n\n유니드글로벌상사를 통해 저의 글로벌 역량을 마음껏 펼치며 끝없이 도전을 하고 성취를 느끼고 싶습니다. 특히, 저는 해외에 연수와 여행을 다니면서 모르는 사람들과 함께 소통을 하고 그 나라의 문화와 풍습을 이해하고 체험하는 것에 큰 흥미를 가졌습니다. 신입사원으로서 제가 지금까지 가보지 못한 나라뿐만 아니라 단순히 여행으로 발자취를 남긴 곳에서도 무한한 꿈을 펼치고자 합니다.\n\n직무 내용을 참고했을 때 영어,중국어 능력을 우수하게 활용하여 신입으로서 다소 한국에서 먼 국가 및 오지로 출장을 가더라도 유니드글로벌상사에 이바지할 수 있는 일을 해보고 싶습니다. 또한, 제 전공을 고려해서 유니드글로벌상사의 일원으로 중국 명품 실크로드가 되고 싶습니다. 스스로를 세계의 무역로 중 하나인 실크로드가 되어 글로벌 역량을 키우고 우수한 수입,수출 직무의 사원이 되도록 노력하겠습니다. 그리고 중국에서 새로운 시장 개발을 추진하여 더욱 안정적이고 견고한 실크로드가 될 수 있도록 하겠습니다.",
                "class": "비전을 제시하는,지속적인 성장을 추구하는"
            }
        ]
    }
}