{
    "meta": {
        "text_raw": "\"경청 그리고 꼼꼼함\"\n\n다른 사람의 상태를 파악하고 함께 고민해주는 것이 저의 큰 장점입니다. 고등학교로 교육실습을 다녀왔던 적이 있습니다. 고등학교 학창 시절을 바탕으로 학생들의 의견에 최대한 귀 기울였습니다. 예를 들어, 교육실습생의 의무는 아니었지만, 학생들의 공부에 도움을 주기 위해 아침에 중간고사 시험을 위한 수업을 해주고 직접 자료를 만들어서 제공해주었던 적이 있습니다. 그만큼 학생들의 고민을 알고 적극적으로 해결해주고 싶은 마음에서 시작했기에 가능한 것이었습니다. 또한, 제가 카페나 음식점에서 아르바이트할 때, 매장을 관리하고 손님들을 응대하는 경험에서 배운 것이 있습니다. 한결같은 응대보다는 손님에 따라서 응대를 다르게 하는 것이 원활한 업무 수행에 도움을 주는 것입니다. 이런 경험을 바탕으로 상대방의 기분을 헤아리고 경청하며 이는 제 성격의 큰 장점입니다.\n\n꼼꼼하게 업무 처리를 하는 것이 저의 단점입니다. 비록 꼼꼼한 업무 처리로 실수를 최소화할 수 있지만, 업무가 다소 느리게 수행될 수 있습니다. 하지만 이는 점점 개선하였습니다. 특히, 아르바이트할 때 업무 처리 속도를 더 높일 수 있었습니다. 그 이유는 제가 일했던 시간이 점심 시간대였고 많은 직장인이 한꺼번에 몰렸기 때문에 빨리 일을 하는 것이 요구되었습니다. 비록 처음에는 미숙했지만, 시간이 지날수록 업무에 익숙해졌고 꼼꼼하고 빠르게 처리를 할 수 있었습니다. 한편 저의 단점에 대한 개선 경험으로 교육대학원을 다닐 때 등록금 마련을 위해 프리랜서로 번역가 활동을 한 적이 있습니다. 초반에는 꼼꼼한 업무 수행을 위해 클라이언트에게 마감에 딱 맞춰 번역본을 제공하는 등 업무 속도가 빠르지는 않았습니다. 하지만 클라이언트가 주로 요구했던 것은 빠른 업무 수행이었습니다. 요구에 맞춰서 업무를 빠르게 수행하였고 좋은 피드백을 받을 수 있었습니다."
    },
    "anno_text_data": {
        "data": [
            {
                "index": 0,
                "raw": "\"경청 그리고 꼼꼼함\"\n\n다른 사람의 상태를 파악하고 함께 고민해주는 것이 저의 큰 장점입니다. 고등학교로 교육실습을 다녀왔던 적이 있습니다. 고등학교 학창 시절을 바탕으로 학생들의 의견에 최대한 귀 기울였습니다. 예를 들어, 교육실습생의 의무는 아니었지만, 학생들의 공부에 도움을 주기 위해 아침에 중간고사 시험을 위한 수업을 해주고 직접 자료를 만들어서 제공해주었던 적이 있습니다. 그만큼 학생들의 고민을 알고 적극적으로 해결해주고 싶은 마음에서 시작했기에 가능한 것이었습니다. 또한, 제가 카페나 음식점에서 아르바이트할 때, 매장을 관리하고 손님들을 응대하는 경험에서 배운 것이 있습니다. 한결같은 응대보다는 손님에 따라서 응대를 다르게 하는 것이 원활한 업무 수행에 도움을 주는 것입니다. 이런 경험을 바탕으로 상대방의 기분을 헤아리고 경청하며 이는 제 성격의 큰 장점입니다.",
                "class": "다양한 의견을 수렴하는,탄탄한 의사소통 능력을 가진,선한 영향력을 행사하는"
            },
            {
                "index": 1,
                "raw": "꼼꼼하게 업무 처리를 하는 것이 저의 단점입니다. 비록 꼼꼼한 업무 처리로 실수를 최소화할 수 있지만, 업무가 다소 느리게 수행될 수 있습니다. 하지만 이는 점점 개선하였습니다. 특히, 아르바이트할 때 업무 처리 속도를 더 높일 수 있었습니다. 그 이유는 제가 일했던 시간이 점심 시간대였고 많은 직장인이 한꺼번에 몰렸기 때문에 빨리 일을 하는 것이 요구되었습니다. 비록 처음에는 미숙했지만, 시간이 지날수록 업무에 익숙해졌고 꼼꼼하고 빠르게 처리를 할 수 있었습니다. 한편 저의 단점에 대한 개선 경험으로 교육대학원을 다닐 때 등록금 마련을 위해 프리랜서로 번역가 활동을 한 적이 있습니다. 초반에는 꼼꼼한 업무 수행을 위해 클라이언트에게 마감에 딱 맞춰 번역본을 제공하는 등 업무 속도가 빠르지는 않았습니다. 하지만 클라이언트가 주로 요구했던 것은 빠른 업무 수행이었습니다. 요구에 맞춰서 업무를 빠르게 수행하였고 좋은 피드백을 받을 수 있었습니다.",
                "class": "지속적인 성장을 추구하는"
            }
        ]
    }
}