{
    "meta": {
        "text_raw": "\"누이좋고 매부좋고 윈윈 전략\"\n\nOO대학교 동아리행사가 있었고 일일점포 진행 동안 업무 스케줄 배정에 대해 서로 불만과 갈등이 있었습니다. 이를 해결하기 위해, 당시 행사 스케줄을 제가 더 많이 받기로 했고 대신 추후에 진행될 다른 동아리행사 때는 업무를 덜 받기로 서로 합의를 했습니다. 대학교마다 진행되는 대규모 행사였고 학교 수업이 있었기 때문에 점포가 저녁 이후 진행되었습니다. 그래서 스케쥴 배정에 다들 예민했고 조금이라도 업무 시간을 덜 배정받기를 원했습니다. 그 당시 제 동기이자 친구였던 A는 저에게 부탁을 했습니다. A는 중요한 전공과목 학점을 위해 쪽지시험을 준비해야 했고 본인 스케줄의 대부분을 저에게 부탁했습니다. 저도 학교 수업 과제 때문에 바빴고 가중된 업무 스케줄이 큰 부담이었기 때문에 A의 부탁을 처음에는 정중하게 거절했습니다. 하지만 계속되는 A의 부탁으로 A의 입장을 고려하게 되었고 제가 당장 해결해야 하는 수업 과제들의 우선순위와 중요도를 함께 비교하며 고려했습니다. 저는 비록 과제를 해야 했지만 시험이 있던 것은 아니었고 A가 그만큼 급하고 더 중요한 일정을 앞두었다고 판단되어 서로 합의를 봤습니다. 바로 A의 대부분 일정을 제가 좀 더 맡은 대신에 그 다음 행사에서 스케줄 배정 때 제 업무를 A가 반대로 맡기로 했습니다. 최종적으로 합의를 보기 전에 동아리 선배들에게도 의견을 물었습니다. 많은 사람들이 참여하는 행사였고 A와 저만의 임의적인 결정은 행사 진행에 큰 문제가 될 것이라고 판단했기 때문입니다. 다행히 선배들은 저와 A의 입장을 좋게 고려해줬고 행사 진행도 원활하게 흘러갈 수 있었습니다.\n\n이러한 경험으로 배운 것은 자신만의 입장을 무조건 내세우기보다는 상대방의 입장도 들어보며 서로의 우선순위와 중요성을 함께 고려하는 것입니다. 또한 제가 비록 당장 손해볼 수 있는 것이라도 언제든지 상대방이 들어줄 수도 있으며 같이 윈윈할 수 있는 방법은 얼마든지 있다는 것입니다. 마지막으로 대부분의 업무가 많은 인원들이 투입되어 하기 때문에 서로가 임의적으로 결정하지 않고 많은 사람들의 의견과 피드백을 수용하여 함께 의사를 결정해야 한다는 것입니다."
    },
    "anno_text_data": {
        "data": [
            {
                "index": 0,
                "raw": "\"누이좋고 매부좋고 윈윈 전략\"\n\nOO대학교 동아리행사가 있었고 일일점포 진행 동안 업무 스케줄 배정에 대해 서로 불만과 갈등이 있었습니다. 이를 해결하기 위해, 당시 행사 스케줄을 제가 더 많이 받기로 했고 대신 추후에 진행될 다른 동아리행사 때는 업무를 덜 받기로 서로 합의를 했습니다. 대학교마다 진행되는 대규모 행사였고 학교 수업이 있었기 때문에 점포가 저녁 이후 진행되었습니다. 그래서 스케쥴 배정에 다들 예민했고 조금이라도 업무 시간을 덜 배정받기를 원했습니다. 그 당시 제 동기이자 친구였던 A는 저에게 부탁을 했습니다. A는 중요한 전공과목 학점을 위해 쪽지시험을 준비해야 했고 본인 스케줄의 대부분을 저에게 부탁했습니다. 저도 학교 수업 과제 때문에 바빴고 가중된 업무 스케줄이 큰 부담이었기 때문에 A의 부탁을 처음에는 정중하게 거절했습니다. 하지만 계속되는 A의 부탁으로 A의 입장을 고려하게 되었고 제가 당장 해결해야 하는 수업 과제들의 우선순위와 중요도를 함께 비교하며 고려했습니다. 저는 비록 과제를 해야 했지만 시험이 있던 것은 아니었고 A가 그만큼 급하고 더 중요한 일정을 앞두었다고 판단되어 서로 합의를 봤습니다. 바로 A의 대부분 일정을 제가 좀 더 맡은 대신에 그 다음 행사에서 스케줄 배정 때 제 업무를 A가 반대로 맡기로 했습니다. 최종적으로 합의를 보기 전에 동아리 선배들에게도 의견을 물었습니다. 많은 사람들이 참여하는 행사였고 A와 저만의 임의적인 결정은 행사 진행에 큰 문제가 될 것이라고 판단했기 때문입니다. 다행히 선배들은 저와 A의 입장을 좋게 고려해줬고 행사 진행도 원활하게 흘러갈 수 있었습니다.\n\n이러한 경험으로 배운 것은 자신만의 입장을 무조건 내세우기보다는 상대방의 입장도 들어보며 서로의 우선순위와 중요성을 함께 고려하는 것입니다. 또한 제가 비록 당장 손해볼 수 있는 것이라도 언제든지 상대방이 들어줄 수도 있으며 같이 윈윈할 수 있는 방법은 얼마든지 있다는 것입니다. 마지막으로 대부분의 업무가 많은 인원들이 투입되어 하기 때문에 서로가 임의적으로 결정하지 않고 많은 사람들의 의견과 피드백을 수용하여 함께 의사를 결정해야 한다는 것입니다.",
                "class": "다양한 의견을 수렴하는,유연한 사고를 가진,선한 영향력을 행사하는,적극적인"
            }
        ]
    }
}