{
    "meta": {
        "text_raw": "\"중국 현지인과의 소통능력 위기관리능력 기르기\"\n\n중국에 00대학교로 출장을 다녀온 적이 있습니다. 원래는 40명 정원의 한국인 대학생들을 이끌어 연수 진행을 하는 것이었지만 갑작스럽게 중국인 업무 담당자로부터 벨기에 학생들도 함께 관리해달라는 요청을 들었습니다. 정원 이외에 다른 학생들이 연수에 참여할 수 없었고 외국인 학생들이 연수에 참여한 적이 없었습니다. 또한 사전에 통지 받은 업무가 아니었기에 살짝 당황스러웠습니다. 하지만 벨기에 학생들에게 좋은 이미지를 선사하고 싶었습니다. 벨기에 학생들은 연수 프로그램에 대한 일정을 전혀 몰랐기 때문에 처음부터 끝까지 차근차근히 설명해줬습니다. 또한 저의 메신저와 이메일주소를 알려주며 궁금한 점에 대해서 언제든지 물어봐달라고 했습니다. 매일 함께 소통을 한 덕분에 벨기에 저를 더욱 신뢰하는 것을 느꼈습니다. 이를 통해 배운 것은 항상 위기상황을 맞이할 수 있으며 당황스러워하지 않고 상대방을 최대한 편하게 맞춰주고 적극적인 업무태도를 보인다면 서로의 신뢰관계를 형성할 수 있다는 것입니다."
    },
    "anno_text_data": {
        "data": [
            {
                "index": 0,
                "raw": "\"중국 현지인과의 소통능력 위기관리능력 기르기\"\n\n중국에 00대학교로 출장을 다녀온 적이 있습니다. 원래는 40명 정원의 한국인 대학생들을 이끌어 연수 진행을 하는 것이었지만 갑작스럽게 중국인 업무 담당자로부터 벨기에 학생들도 함께 관리해달라는 요청을 들었습니다. 정원 이외에 다른 학생들이 연수에 참여할 수 없었고 외국인 학생들이 연수에 참여한 적이 없었습니다. 또한 사전에 통지 받은 업무가 아니었기에 살짝 당황스러웠습니다. 하지만 벨기에 학생들에게 좋은 이미지를 선사하고 싶었습니다. 벨기에 학생들은 연수 프로그램에 대한 일정을 전혀 몰랐기 때문에 처음부터 끝까지 차근차근히 설명해줬습니다. 또한 저의 메신저와 이메일주소를 알려주며 궁금한 점에 대해서 언제든지 물어봐달라고 했습니다. 매일 함께 소통을 한 덕분에 벨기에 저를 더욱 신뢰하는 것을 느꼈습니다. 이를 통해 배운 것은 항상 위기상황을 맞이할 수 있으며 당황스러워하지 않고 상대방을 최대한 편하게 맞춰주고 적극적인 업무태도를 보인다면 서로의 신뢰관계를 형성할 수 있다는 것입니다.",
                "class": "유연한 사고를 가진,탄탄한 의사소통 능력을 가진"
            }
        ]
    }
}