{
    "meta": {
        "text_raw": "6개월동안 기업에서 진행했던 채용연계형 자바풀스택 과정의 교육 프로그램에서 react 와 java를 기반으로 한 프로젝트 진행 속에서 팀원 중 한명이 자신의 실력이 뛰어남을 알고 다른 팀원들의 의견을 묵살시켜 프로젝트 진행 동안 힘들었던 경험이 있습니다.\n\n이 교육 프로그램은 이론교육과 실습교육을 동시에 진행하고 남은 남은 3개월 동안 4명이서 하나의 주제를 정해 개발을 진행하였습니다. 본격적으로 개발을 진행하는 와중, 한 명의 팀원은 자신의 개발 실력에 대해 매우 자신감이 있었고 남들을 무시하는 성향을 가진 사람이었습니다. 특히 제가 막내인 점을 약점으로 삼아 저를 무시하는 발언들을 많이 하였고 그 팀원이 저희들의 업무를 다 정해주는 방식으로 프로젝트가 진행되었습니다. 다른 팀원들은 ” 잘하니까 ” 라는 생각으로 수동적으로 따라 가려고만 하였고 저는 그 상황이 매우 부당하다고 생각하였습니다.\n\n그 당시, 프론트에서 넘어가는 페이지의 경로를 잡아야 하는 상황이었는데 react로 하고 있었고 처음 사용해봐서 router를 다루는 것은 쉽지 않았고, 파라미터를 담는 방법, 메인 부분과 서브 부분에서의 router사용이 다른 점 등이 어려웠었습니다. 그 팀원도 어려워 하고 있었고 자기가 일주일 안에 다 해오겠다고 말했지만 저도 해보겠다고 말했고 ” react를 다루는 기술 ” 이라는 책을 구매하여 읽기도 읽고, router 활용법에 대해 검색하고 예제들을 프로젝트로 만들어 따라해 보면서 공부하였고 프로젝트에도 접목시켜 경로 틀을 잡았습니다.\n\n그 팀원은 실력은 뛰어났지만 성실함이 부족했고 결국은 제가 먼저 틀을 잡아 저희의 프로젝트 일정을 앞당길 수 있었습니다. 그 팀원은 저의 성실함과 노력을 인정하며 미안해 했고 그 이후로는 다른 팀원들의 의견도 수용하며 프로젝트를 진행 할 수 있엇습니다. 저는 실력도 중요하지만 그만큼의 성실함과 노력이 그 실력을 따라 잡을 수도 있다는 것을 배울 수 있었습니다."
    },
    "anno_text_data": {
        "data": [
            {
                "index": 0,
                "raw": "6개월동안 기업에서 진행했던 채용연계형 자바풀스택 과정의 교육 프로그램에서 react 와 java를 기반으로 한 프로젝트 진행 속에서 팀원 중 한명이 자신의 실력이 뛰어남을 알고 다른 팀원들의 의견을 묵살시켜 프로젝트 진행 동안 힘들었던 경험이 있습니다.\n\n이 교육 프로그램은 이론교육과 실습교육을 동시에 진행하고 남은 남은 3개월 동안 4명이서 하나의 주제를 정해 개발을 진행하였습니다. 본격적으로 개발을 진행하는 와중, 한 명의 팀원은 자신의 개발 실력에 대해 매우 자신감이 있었고 남들을 무시하는 성향을 가진 사람이었습니다. 특히 제가 막내인 점을 약점으로 삼아 저를 무시하는 발언들을 많이 하였고 그 팀원이 저희들의 업무를 다 정해주는 방식으로 프로젝트가 진행되었습니다. 다른 팀원들은 ” 잘하니까 ” 라는 생각으로 수동적으로 따라 가려고만 하였고 저는 그 상황이 매우 부당하다고 생각하였습니다.\n\n그 당시, 프론트에서 넘어가는 페이지의 경로를 잡아야 하는 상황이었는데 react로 하고 있었고 처음 사용해봐서 router를 다루는 것은 쉽지 않았고, 파라미터를 담는 방법, 메인 부분과 서브 부분에서의 router사용이 다른 점 등이 어려웠었습니다. 그 팀원도 어려워 하고 있었고 자기가 일주일 안에 다 해오겠다고 말했지만 저도 해보겠다고 말했고 ” react를 다루는 기술 ” 이라는 책을 구매하여 읽기도 읽고, router 활용법에 대해 검색하고 예제들을 프로젝트로 만들어 따라해 보면서 공부하였고 프로젝트에도 접목시켜 경로 틀을 잡았습니다.\n\n그 팀원은 실력은 뛰어났지만 성실함이 부족했고 결국은 제가 먼저 틀을 잡아 저희의 프로젝트 일정을 앞당길 수 있었습니다. 그 팀원은 저의 성실함과 노력을 인정하며 미안해 했고 그 이후로는 다른 팀원들의 의견도 수용하며 프로젝트를 진행 할 수 있엇습니다. 저는 실력도 중요하지만 그만큼의 성실함과 노력이 그 실력을 따라 잡을 수도 있다는 것을 배울 수 있었습니다.",
                "class": "문제해결능력이 뛰어난,고도의 자기주도성을 가진,적극적인,위기 상황에서도 안정감을 주는"
            }
        ]
    }
}