{
    "meta": {
        "text_raw": "‘설득' ; 내가 가진 아이디어를 제 3자의 사람이 듣고 완벽히 이해했을 때의 상황을 일컫는 말. 저는 대외활동 관련 앱을 만들고자 했습니다. 앱 제작이 가능한 디자이너와 개발자가 필요했습니다. 기획은 이미 짜여져 있고 디자인과 개발만 남았다는 점을 강조하였고, 그 근거로 와이어프레임과 IA를 보여줬습니다. 더하여, 후에 있을 구체적인 마케팅 방안까지 더하였습니다. 누군가를 설득하기 위해서는 피설득자가 처한 상황을 정확하게 파악해야 합니다. 저는 어플 제작과 같은, 구체적인 성과가 있는 커리어를 필요로 하는 개발자의 상황을 잘 파악했습니다. 그런 그에게는 세부적으로 잘 짜여진 기획안에다가, 앱 출시 후 마케팅과 홍보 방안까지 짜여진 제 기획안이 획기적으로 보였던 것입니다.제가 SC 직무로 일할 기회를 얻는다면, 매출 향상이라는 공동의 목표를 위해, 현재 점주님이 처한 환경과 상황을 충분히 고려하여 본사와 점주님 사이의 훌륭한 매개체가 될 것입니다."
    },
    "anno_text_data": {
        "data": [
            {
                "index": 0,
                "raw": "‘설득' ; 내가 가진 아이디어를 제 3자의 사람이 듣고 완벽히 이해했을 때의 상황을 일컫는 말. 저는 대외활동 관련 앱을 만들고자 했습니다. 앱 제작이 가능한 디자이너와 개발자가 필요했습니다. 기획은 이미 짜여져 있고 디자인과 개발만 남았다는 점을 강조하였고, 그 근거로 와이어프레임과 IA를 보여줬습니다. 더하여, 후에 있을 구체적인 마케팅 방안까지 더하였습니다. 누군가를 설득하기 위해서는 피설득자가 처한 상황을 정확하게 파악해야 합니다. 저는 어플 제작과 같은, 구체적인 성과가 있는 커리어를 필요로 하는 개발자의 상황을 잘 파악했습니다. 그런 그에게는 세부적으로 잘 짜여진 기획안에다가, 앱 출시 후 마케팅과 홍보 방안까지 짜여진 제 기획안이 획기적으로 보였던 것입니다.제가 SC 직무로 일할 기회를 얻는다면, 매출 향상이라는 공동의 목표를 위해, 현재 점주님이 처한 환경과 상황을 충분히 고려하여 본사와 점주님 사이의 훌륭한 매개체가 될 것입니다.",
                "class": "유연한 사고를 가진,탄탄한 의사소통 능력을 가진"
            }
        ]
    }
}