{
    "meta": {
        "text_raw": "\"실험에 문제를 찾고, 결과에 의미를 찾고\"\n\n한국에너지기술원에서의 인턴십은 평범을 넘어 한계를 극복하는 가능성을 알게 해주었습니다. 고분자 분리막에 대한 합성과 성능실험에 관심을 가지고 인턴으로서 실험 보조 업무를 맡은 경험이 있습니다. 분리막 가스 성능실험을 맡은 인턴십은 시작부터 강행군이었습니다. PDMS 분리막 온도와 압력 등 30개 이상의 설정값을 시간에 따라 값을 확인하며 실험을 진행했지만, 데이터에선 예상 값과 크게 다르다는 점에서 원인을 찾아내는 목표를 가졌습니다.\n\n부족한 시간을 확보하기 위해 “오늘도 제가 마지막에 정리하겠습니다”라는 말과 함께 실험을 다시 진행하고 남은 인턴십을 진행했습니다. 실험기기 Sealing문제를 찾은 이후 해결은 순조로웠습니다. 추가 실험 속에서 나만의 합성방식을 실험하는 과정들을 가질 수 있었고, 데이터를 도표화하고 분석하는 시간 또한 가졌습니다. 그 결과, 데이터가 꼼꼼하고 유의미한 결과라는 의견을 연구원께서 전하면서 피로는 눈 녹듯 사라졌습니다.\n\n문제를 찾는 과정에서 시간이 모자라도 “한다면 할 수 있다”라는 생각을 가지고 도전하는 모습을 스스로 확인할 수 있었고, 업무에서 흥미를 갖출 때의 추진력을 실천 할 수 있었습니다. 이를 통해 앞으로 많은 어려움과 문제에서도 포기가 아닌 긍정을 가진다면, 값진 결과 만들어낼 수 있다는 경험을 새기고 극복하겠습니다."
    },
    "anno_text_data": {
        "data": [
            {
                "index": 0,
                "raw": "\"실험에 문제를 찾고, 결과에 의미를 찾고\"\n\n한국에너지기술원에서의 인턴십은 평범을 넘어 한계를 극복하는 가능성을 알게 해주었습니다. 고분자 분리막에 대한 합성과 성능실험에 관심을 가지고 인턴으로서 실험 보조 업무를 맡은 경험이 있습니다. 분리막 가스 성능실험을 맡은 인턴십은 시작부터 강행군이었습니다. PDMS 분리막 온도와 압력 등 30개 이상의 설정값을 시간에 따라 값을 확인하며 실험을 진행했지만, 데이터에선 예상 값과 크게 다르다는 점에서 원인을 찾아내는 목표를 가졌습니다.\n\n부족한 시간을 확보하기 위해 “오늘도 제가 마지막에 정리하겠습니다”라는 말과 함께 실험을 다시 진행하고 남은 인턴십을 진행했습니다. 실험기기 Sealing문제를 찾은 이후 해결은 순조로웠습니다. 추가 실험 속에서 나만의 합성방식을 실험하는 과정들을 가질 수 있었고, 데이터를 도표화하고 분석하는 시간 또한 가졌습니다. 그 결과, 데이터가 꼼꼼하고 유의미한 결과라는 의견을 연구원께서 전하면서 피로는 눈 녹듯 사라졌습니다.",
                "class": "고도의 책임감을 가진,고도의 자기주도성을 가진,적극적인"
            },
            {
                "index": 1,
                "raw": "문제를 찾는 과정에서 시간이 모자라도 “한다면 할 수 있다”라는 생각을 가지고 도전하는 모습을 스스로 확인할 수 있었고, 업무에서 흥미를 갖출 때의 추진력을 실천 할 수 있었습니다. 이를 통해 앞으로 많은 어려움과 문제에서도 포기가 아닌 긍정을 가진다면, 값진 결과 만들어낼 수 있다는 경험을 새기고 극복하겠습니다.",
                "class": "긍정적인 태도를 갖춘"
            }
        ]
    }
}