{
    "meta": {
        "text_raw": "\"모든 일에 용기있게 도전하였고 적응력을 바탕으로 끈기있게 버텨냈습니다.\"\n\n공사의 핵심가치 중 저와 가장 가깝다고 생각한 요소는 도전입니다. 제가 갖고 있는 강점인 매사에 긍정적인 자세와 인내심 그리고 높은 적응력이 도전이라는 공사의 핵심가치와 매우 유사하다고 생각하기 때문입니다. 도전을 할 때 가장 먼저 충족되어야 할 것은 긍정적인 자세라고 생각합니다. 저는 대학교 입학을 시작으로 대학생 대상 전국 OO대회에서 대상을 수상해본 것, 군에 입대하여 전쟁이 한창인 국가에 해외파병을 무사히 다녀와 부대장으로부터 표창을 받은 것, 대학교 자연과학대학 감사위원장으로 무사히 감사를 마무리한 것, 그리고 공공기관 인턴을 성실하게 수료한 것까지 매사에 용기있고 긍정적으로 행동하지 않았다면 이러한 도전에 시도조차 하지 못했을 것입니다.\n\n한낮의 온도가 50도까지 올라가는 나라인 OOO으로 해외파병을 8개월간 다녀왔습니다. 내전중인 국가이기에 UN기지 밖으로는 용무가 있지 않는 한 나갈 수도 없으며 쇠파리, 모기 등 해충이 들끓는 곳에서 휴가 한번 가지 않고 저에게 주어진 임무를 완수하고 버텨내었습니다. 또한 국내에서는 공공기관에서 약 4개월간 인턴을 수행하면서 항상 팀원들보다 20분 이상 일찍 출근하며 짧게나마 민간조직의 분위기나 특성 등을 배울 수 있었습니다. 이러한 경험들은 어떤 상황이 와도 버텨낼 수 있는 인내심을, 어떤 환경속에서도 잘 적응할 수 있는 노력을 통하여 얻게 되었습니다."
    },
    "anno_text_data": {
        "data": [
            {
                "index": 0,
                "raw": "\"모든 일에 용기있게 도전하였고 적응력을 바탕으로 끈기있게 버텨냈습니다.\"\n\n공사의 핵심가치 중 저와 가장 가깝다고 생각한 요소는 도전입니다. 제가 갖고 있는 강점인 매사에 긍정적인 자세와 인내심 그리고 높은 적응력이 도전이라는 공사의 핵심가치와 매우 유사하다고 생각하기 때문입니다. 도전을 할 때 가장 먼저 충족되어야 할 것은 긍정적인 자세라고 생각합니다. 저는 대학교 입학을 시작으로 대학생 대상 전국 OO대회에서 대상을 수상해본 것, 군에 입대하여 전쟁이 한창인 국가에 해외파병을 무사히 다녀와 부대장으로부터 표창을 받은 것, 대학교 자연과학대학 감사위원장으로 무사히 감사를 마무리한 것, 그리고 공공기관 인턴을 성실하게 수료한 것까지 매사에 용기있고 긍정적으로 행동하지 않았다면 이러한 도전에 시도조차 하지 못했을 것입니다.\n\n한낮의 온도가 50도까지 올라가는 나라인 OOO으로 해외파병을 8개월간 다녀왔습니다. 내전중인 국가이기에 UN기지 밖으로는 용무가 있지 않는 한 나갈 수도 없으며 쇠파리, 모기 등 해충이 들끓는 곳에서 휴가 한번 가지 않고 저에게 주어진 임무를 완수하고 버텨내었습니다. 또한 국내에서는 공공기관에서 약 4개월간 인턴을 수행하면서 항상 팀원들보다 20분 이상 일찍 출근하며 짧게나마 민간조직의 분위기나 특성 등을 배울 수 있었습니다. 이러한 경험들은 어떤 상황이 와도 버텨낼 수 있는 인내심을, 어떤 환경속에서도 잘 적응할 수 있는 노력을 통하여 얻게 되었습니다.",
                "class": "적응력이 높은,지속적인 성장을 추구하는,고도의 자기주도성을 가진,긍정적인 태도를 갖춘"
            }
        ]
    }
}