{
    "meta": {
        "text_raw": "SC 직무의 역할은 각 팀이 맡은 지점들의 매출을 관리하는 것입니다. 점주님들과 함께 새로운 서비스를 기획하고 전략을 논의하며 더 높은 매출을 발생시킬 수 있도록 지원하는 일을 합니다. 저는 교양수업에서 NHN이 개발한 어플인 “핑크 다이어리”에 대한 과제를 받았습니다. 핑크 다이어리는 여성의 생리주기 예측 어플로, 남성 유저 확보에 대한 고민이 있었습니다. 고민에 대한 해답으로, 저희 팀은 20대 라는 명확한 타켓층을 설정하고 생리주기 커플 공유 서비스를 제안하였습니다. 또한 남성 커뮤니티 개설을 통해 유입된 남성 유저들의 DAU를 높일 수 있는 방안을 함께 제시하였습니다. 실제 NHN 진은숙 CTO님과 이준호회장님이 오셔서 발표를 들으셨고 상당히 좋은 평가를 받을 수 있었습니다. 1년이 지난 지금, 실제로 앱에서 커플 공유 서비스를 사용하고 있어 매우 뿌듯했습니다. 저는 이 수업에서 배웠던 BMC 모델을 활용하여 매출을 향상시킬 수 있는 새로운 서비스를 기획하고 싶습니다. 저는 현재 방학을 활용하여 빅데이터 특강을 듣고 있습니다. 입사 후, 통계 프로그래밍 심화 공부를 통해 트위터, 네이버 등의 비정형 데이터를 크롤링하여 시각화시킬 것입니다. SNS 데이터들은 유행에 민감하게 반응하고 트렌드를 따라가기 때문에 발 빠르게 변화하고 있는 소비자들의 소비 심리에 한 발 더 빠르게 대응할 수 있다고 생각합니다."
    },
    "anno_text_data": {
        "data": [
            {
                "index": 0,
                "raw": "SC 직무의 역할은 각 팀이 맡은 지점들의 매출을 관리하는 것입니다. 점주님들과 함께 새로운 서비스를 기획하고 전략을 논의하며 더 높은 매출을 발생시킬 수 있도록 지원하는 일을 합니다. 저는 교양수업에서 NHN이 개발한 어플인 “핑크 다이어리”에 대한 과제를 받았습니다. 핑크 다이어리는 여성의 생리주기 예측 어플로, 남성 유저 확보에 대한 고민이 있었습니다. 고민에 대한 해답으로, 저희 팀은 20대 라는 명확한 타켓층을 설정하고 생리주기 커플 공유 서비스를 제안하였습니다. 또한 남성 커뮤니티 개설을 통해 유입된 남성 유저들의 DAU를 높일 수 있는 방안을 함께 제시하였습니다. 실제 NHN 진은숙 CTO님과 이준호회장님이 오셔서 발표를 들으셨고 상당히 좋은 평가를 받을 수 있었습니다. 1년이 지난 지금, 실제로 앱에서 커플 공유 서비스를 사용하고 있어 매우 뿌듯했습니다. 저는 이 수업에서 배웠던 BMC 모델을 활용하여 매출을 향상시킬 수 있는 새로운 서비스를 기획하고 싶습니다. 저는 현재 방학을 활용하여 빅데이터 특강을 듣고 있습니다. 입사 후, 통계 프로그래밍 심화 공부를 통해 트위터, 네이버 등의 비정형 데이터를 크롤링하여 시각화시킬 것입니다. SNS 데이터들은 유행에 민감하게 반응하고 트렌드를 따라가기 때문에 발 빠르게 변화하고 있는 소비자들의 소비 심리에 한 발 더 빠르게 대응할 수 있다고 생각합니다.",
                "class": "지속적인 성장을 추구하는,적극적인,고도의 자기주도성을 가진"
            }
        ]
    }
}