{
    "meta": {
        "text_raw": "\"상생과 존중 그리고 내면과 외면의 아름다움\"\n\n첫째, 서로 상생하고 기업과 직원이 서로를 존중할 수 있는지를 기준으로 회사를 고려합니다. 아모레퍼시픽은 직원을 존중해주고 사람의 가치와 인격을 우선하는 곳이라고 판단되어 지원하게 되었습니다. 사람들이 누군가를 판단할 때 외모를 보고 프레임을 씌우며 선입견을 가집니다. 이러한 특징 때문에 우리가 진정으로 봐야 할 내면의 가치와 인격을 고려하지 않습니다. 하지만 아모레퍼시픽이 특별한 이유는 사람의 내면의 가치를 우선 파악합니다. 그리고 사람마다 자신 내면의 가치와 아름다움을 파악할 수 있게 도움을 주기 때문입니다. \n\n둘째, 아모레퍼시픽은 이러한 내면의 가치와 아름다움뿐만 아니라 더욱 내면에 대해 자신감을 가질 수 있도록 외면에 대해 자신감을 불어넣는 기업이기 때문입니다. 사람이 가지는 아름다움으로 크게 외면의 아름다움과 내면의 아름다움이 있습니다. 자신의 내면 아름다움을 좀 더 표현하고 자신감을 갖게 하기 위해 외면을 꾸미며 외면의 아름다움을 사람들에게 내세우려고 합니다. 즉, 자신의 내면을 표현하기 위해 각자가 표현하는 화장법이 따로 있고 이에 따라 다양한 외면의 아름다움을 표현할 수 있습니다. 하지만 본인 내면의 아름다움을 잘 모르고 자신에 대해 확신이 없는 사람들이 있으며 이러한 사람들에게 자신감과 활기를 불어 넣는 것이 바로 화장품이라고 생각합니다. 여러 화장품을 통해 사람들에게 자신의 내면의 아름다움을 되찾고 본인에 대한 확신과 자신감을 불러 일으키고 싶습니다."
    },
    "anno_text_data": {
        "data": [
            {
                "index": 0,
                "raw": "\"상생과 존중 그리고 내면과 외면의 아름다움\"\n\n첫째, 서로 상생하고 기업과 직원이 서로를 존중할 수 있는지를 기준으로 회사를 고려합니다. 아모레퍼시픽은 직원을 존중해주고 사람의 가치와 인격을 우선하는 곳이라고 판단되어 지원하게 되었습니다. 사람들이 누군가를 판단할 때 외모를 보고 프레임을 씌우며 선입견을 가집니다. 이러한 특징 때문에 우리가 진정으로 봐야 할 내면의 가치와 인격을 고려하지 않습니다. 하지만 아모레퍼시픽이 특별한 이유는 사람의 내면의 가치를 우선 파악합니다. 그리고 사람마다 자신 내면의 가치와 아름다움을 파악할 수 있게 도움을 주기 때문입니다. \n\n둘째, 아모레퍼시픽은 이러한 내면의 가치와 아름다움뿐만 아니라 더욱 내면에 대해 자신감을 가질 수 있도록 외면에 대해 자신감을 불어넣는 기업이기 때문입니다. 사람이 가지는 아름다움으로 크게 외면의 아름다움과 내면의 아름다움이 있습니다. 자신의 내면 아름다움을 좀 더 표현하고 자신감을 갖게 하기 위해 외면을 꾸미며 외면의 아름다움을 사람들에게 내세우려고 합니다. 즉, 자신의 내면을 표현하기 위해 각자가 표현하는 화장법이 따로 있고 이에 따라 다양한 외면의 아름다움을 표현할 수 있습니다. 하지만 본인 내면의 아름다움을 잘 모르고 자신에 대해 확신이 없는 사람들이 있으며 이러한 사람들에게 자신감과 활기를 불어 넣는 것이 바로 화장품이라고 생각합니다. 여러 화장품을 통해 사람들에게 자신의 내면의 아름다움을 되찾고 본인에 대한 확신과 자신감을 불러 일으키고 싶습니다.",
                "class": "비즈니스 마인드를 갖춘,긍정적인 태도를 갖춘"
            }
        ]
    }
}