{
    "meta": {
        "text_raw": "\"모두가 유익한 2시간을 위한 노력\"\n\n경제학술 동아리 학습부장 시절, 경제 상식 골든벨을 진행하며 구성원들의 적극적인 참여를 끌어낸 경험이 있습니다. 당시 경제 시사 토론에 소극적이던 동아리원들을 보며 이들이 적극적으로 참여할 수 있는 프로그램을 모색하였고 골든벨을 하기로 하였습니다. 하지만 첫날에는 다들 제대로 공부를 안 해왔고, 그저 시간만 보내려는 모습에 저는 크게 실망했습니다. 그렇다고 좌절하고 있을 수는 없었기에 긍정적이고 열정적인 태도로 골든벨의 전체적인 구상과 더불어 세부적인 사항을 고민하며 준비하기 시작했습니다.\n\n첫째, 교재를 반복해 읽으며 다양한 형태의 문제를 구성했습니다.\n둘째, PPT에 부연 설명도 추가하여 본 목적인 지식 전달에 힘썼습니다.\n셋째, 대본을 작성하고 장기자랑을 통한 힌트 획득, 무작위 선출 후 개인전 등 재밌게 진행하려 노력했습니다.\n\n단 2시간을 위하여 매주 20시간 가까이 준비했지만, 회차를 거듭할수록 모두 열심히 준비하고 임해주는 모습에 정말 뿌듯했습니다. 이 경험을 통해 나부터 긍정적이고 열정적으로 임하면 주변 사람들도 자극을 받고 비슷하게 사고하고 행동함을 배웠습니다."
    },
    "anno_text_data": {
        "data": [
            {
                "index": 0,
                "raw": "\"모두가 유익한 2시간을 위한 노력\"\n\n경제학술 동아리 학습부장 시절, 경제 상식 골든벨을 진행하며 구성원들의 적극적인 참여를 끌어낸 경험이 있습니다. 당시 경제 시사 토론에 소극적이던 동아리원들을 보며 이들이 적극적으로 참여할 수 있는 프로그램을 모색하였고 골든벨을 하기로 하였습니다. 하지만 첫날에는 다들 제대로 공부를 안 해왔고, 그저 시간만 보내려는 모습에 저는 크게 실망했습니다. 그렇다고 좌절하고 있을 수는 없었기에 긍정적이고 열정적인 태도로 골든벨의 전체적인 구상과 더불어 세부적인 사항을 고민하며 준비하기 시작했습니다.\n\n첫째, 교재를 반복해 읽으며 다양한 형태의 문제를 구성했습니다.\n둘째, PPT에 부연 설명도 추가하여 본 목적인 지식 전달에 힘썼습니다.\n셋째, 대본을 작성하고 장기자랑을 통한 힌트 획득, 무작위 선출 후 개인전 등 재밌게 진행하려 노력했습니다.\n\n단 2시간을 위하여 매주 20시간 가까이 준비했지만, 회차를 거듭할수록 모두 열심히 준비하고 임해주는 모습에 정말 뿌듯했습니다. 이 경험을 통해 나부터 긍정적이고 열정적으로 임하면 주변 사람들도 자극을 받고 비슷하게 사고하고 행동함을 배웠습니다.",
                "class": "창의력을 가진,문제해결능력이 뛰어난,적극적인,긍정적인 태도를 갖춘"
            }
        ]
    }
}