{
    "meta": {
        "text_raw": "\"환경 문제 해결을 선도하는 모범 기업\"\n\n최근 사회이슈 중 가장 중요하게 생각하는 이슈는 ‘환경’입니다. 기상이변, 생태계의 파괴 등 지구의 환경이 파괴되는 요인 중 하나는 온실가스 배출에 따른 지구 온난화입니다. 환경 보전은 우리의 자손, 인류의 미래를 위한 양보할 수 없는 가치라고 생각합니다. 최근 우리나라는 2050 탄소 중립 선언을 통해 온실가스의 배출량을 낮추기로 결정하였으며, 미국은 파리기후협약에 복귀하면서 환경 보전에 대한 필요성을 강조하고 있습니다. 글로벌 기업들도 환경과 지속가능한 발전을 주요 가치로 삼고 ‘ESG 경영’을 도입하여 환경 문제를 해결을 위한 적극적인 자세를 보이고 있습니다.\n\n아프리카와 같은 저개발 국가는 환경 문제로 인해 받는 타격이 훨씬 큽니다. 지금도 많은 저개발 국가의 국민들은 생명을 잃어가고 있습니다. 범지구적 기후 위기를 해결하는 지혜를 발현하며 저개발 국가를 중심 고객으로 기초 산업 플랜트에 대한 적극적인 투자가 이루어져야 한다고 생각합니다. 이를 통해 인류를 위한 공동체 발현, 환경 문제 해결뿐 아니라 아프리카 대륙에 대한 진출 기반 마련, 이익 창출, 일자리 창출 등 다양한 긍정적인 효과를 기대해 볼 수 있습니다.\n\n최근 삼성엔지니어링이 수소와 탄소 중립 등의 신사업 육성을 위한 대규모 투자를 할 것이라는 기사를 접하였습니다. 이산화탄소를 포집하고 활용하는 기술 개발 등이 이루어진다면 수소와 탄소의 활용, 플라스틱 재활용을 통해 온실가스 배출 감소를 통한 기후 변화 대응에 이바지할 것입니다. 이는 환경 문제 해결과 더불어 일자리 창출을 통해 지역사회 기여하는 시너지 효과를 발휘할 것이며 앞서 언급한 ESG 경영전략에도 부합하는 것이라고 생각합니다.\n\n환경 문제는 곧 인류 전반의 생활인 식량과 주거에 큰 타격을 줄 수 있는 심각한 문제입니다. 고도화된 기술과 ESG 경영으로 무장한 삼성엔지니어링이 글로벌 위기에 대처하는 행보는 지구촌의 삶의 질을 향상시키는 데 큰 영향력을 행사할 것입니다."
    },
    "anno_text_data": {
        "data": [
            {
                "index": 0,
                "raw": "\"환경 문제 해결을 선도하는 모범 기업\"\n\n최근 사회이슈 중 가장 중요하게 생각하는 이슈는 ‘환경’입니다. 기상이변, 생태계의 파괴 등 지구의 환경이 파괴되는 요인 중 하나는 온실가스 배출에 따른 지구 온난화입니다. 환경 보전은 우리의 자손, 인류의 미래를 위한 양보할 수 없는 가치라고 생각합니다. 최근 우리나라는 2050 탄소 중립 선언을 통해 온실가스의 배출량을 낮추기로 결정하였으며, 미국은 파리기후협약에 복귀하면서 환경 보전에 대한 필요성을 강조하고 있습니다. 글로벌 기업들도 환경과 지속가능한 발전을 주요 가치로 삼고 ‘ESG 경영’을 도입하여 환경 문제를 해결을 위한 적극적인 자세를 보이고 있습니다.\n\n아프리카와 같은 저개발 국가는 환경 문제로 인해 받는 타격이 훨씬 큽니다. 지금도 많은 저개발 국가의 국민들은 생명을 잃어가고 있습니다. 범지구적 기후 위기를 해결하는 지혜를 발현하며 저개발 국가를 중심 고객으로 기초 산업 플랜트에 대한 적극적인 투자가 이루어져야 한다고 생각합니다. 이를 통해 인류를 위한 공동체 발현, 환경 문제 해결뿐 아니라 아프리카 대륙에 대한 진출 기반 마련, 이익 창출, 일자리 창출 등 다양한 긍정적인 효과를 기대해 볼 수 있습니다.\n\n최근 삼성엔지니어링이 수소와 탄소 중립 등의 신사업 육성을 위한 대규모 투자를 할 것이라는 기사를 접하였습니다. 이산화탄소를 포집하고 활용하는 기술 개발 등이 이루어진다면 수소와 탄소의 활용, 플라스틱 재활용을 통해 온실가스 배출 감소를 통한 기후 변화 대응에 이바지할 것입니다. 이는 환경 문제 해결과 더불어 일자리 창출을 통해 지역사회 기여하는 시너지 효과를 발휘할 것이며 앞서 언급한 ESG 경영전략에도 부합하는 것이라고 생각합니다.\n\n환경 문제는 곧 인류 전반의 생활인 식량과 주거에 큰 타격을 줄 수 있는 심각한 문제입니다. 고도화된 기술과 ESG 경영으로 무장한 삼성엔지니어링이 글로벌 위기에 대처하는 행보는 지구촌의 삶의 질을 향상시키는 데 큰 영향력을 행사할 것입니다.",
                "class": "문제해결능력이 뛰어난,선한 영향력을 행사하는,지속적인 성장을 추구하는,비전을 제시하는"
            }
        ]
    }
}