{
    "meta": {
        "text_raw": "\"최고를 만들어내는 명장의 역할\"\n\n생산관리 직무는 공정이란 팀을 운영하는 하나의 감독이라 생각합니다. 왜냐하면, 석유화학에 있어 열분해, 급랭, 정제 공정간 관계를 이해하고, 문제별 해결책을 고안하며 새로운 기술도입과 함께 최고의 결과를 만들기 때문입니다. 그리고 이를 안정적으로 유지하는 전문성은 생산관리 직무에 필수적이라고 생각하여 고분자전공과 플랜트 전문교육을 이수했습니다. 고분자 전공의 석유화학 공업과 화공양론은 롯데케미칼의 PE, PP, MX 생산에 대한 Witting 반응과 같은 전공지식을 쌓았습니다. 나아가 각각의 공정에 대한 에너지 효율 특징과 원료 수급 및처리에 대한 세부사항을 공부할 수 있었고 흥미를 가지며 엔지니어로의 기본을 다졌습니다.\n\n두 번째로 플랜트 화공/공정 교육지식을 우수 수료하며 실무에 필요한 설비지식을 갖춰냈습니다. 전공지식만으론 공장 스케일의 프로세스를 이해하는 것은 한계가 있다고 생각합니다. 이를 위해 플랜트 교육으로 실무자들의 석유화학공업의 프로세스 공정을 교육받을 수 있었고, 특히 C4 추출물에 대한 디부타나이저 설비와 냉각장치 설비, 공정별 P&ID에 대해 중점적으로 다뤘습니다.\n\n전공지식을 기반으로 하고, 플랜트 설비지식으로 갖춰낸 전문성은 빠른 직무적응을 넘어 모든 공정에서 나타날 수 있는 고질적 결함 등의 다양한 문제에도 안정적인 생산을 이루겠습니다."
    },
    "anno_text_data": {
        "data": [
            {
                "index": 0,
                "raw": "\"최고를 만들어내는 명장의 역할\"\n\n생산관리 직무는 공정이란 팀을 운영하는 하나의 감독이라 생각합니다. 왜냐하면, 석유화학에 있어 열분해, 급랭, 정제 공정간 관계를 이해하고, 문제별 해결책을 고안하며 새로운 기술도입과 함께 최고의 결과를 만들기 때문입니다. 그리고 이를 안정적으로 유지하는 전문성은 생산관리 직무에 필수적이라고 생각하여 고분자전공과 플랜트 전문교육을 이수했습니다. 고분자 전공의 석유화학 공업과 화공양론은 롯데케미칼의 PE, PP, MX 생산에 대한 Witting 반응과 같은 전공지식을 쌓았습니다. 나아가 각각의 공정에 대한 에너지 효율 특징과 원료 수급 및처리에 대한 세부사항을 공부할 수 있었고 흥미를 가지며 엔지니어로의 기본을 다졌습니다.",
                "class": "지속적인 성장을 추구하는,적극적인"
            },
            {
                "index": 1,
                "raw": "두 번째로 플랜트 화공/공정 교육지식을 우수 수료하며 실무에 필요한 설비지식을 갖춰냈습니다. 전공지식만으론 공장 스케일의 프로세스를 이해하는 것은 한계가 있다고 생각합니다. 이를 위해 플랜트 교육으로 실무자들의 석유화학공업의 프로세스 공정을 교육받을 수 있었고, 특히 C4 추출물에 대한 디부타나이저 설비와 냉각장치 설비, 공정별 P&ID에 대해 중점적으로 다뤘습니다.\n\n전공지식을 기반으로 하고, 플랜트 설비지식으로 갖춰낸 전문성은 빠른 직무적응을 넘어 모든 공정에서 나타날 수 있는 고질적 결함 등의 다양한 문제에도 안정적인 생산을 이루겠습니다.",
                "class": "지속적인 성장을 추구하는,비전을 제시하는"
            }
        ]
    }
}