{
    "meta": {
        "text_raw": "제 삷에 대한 가치관은 ” 모든 위치에서 도움이 되는 사람이 되자 ” 입니다.\n저는 학창시절 수업에서 배운 것을 제가 잘 외웠고 이해했는지 확인 받고 싶었습니다. 그래서 반 친구들과 같이 공부하면서 서로가 선생님이 되어 다시 설명해주는 방식으로 공부하면서 부족한 부분을 파악하고 그 부분을 메꾸는 방식으로 공부하였습니다. 저는 선생님보다 더 쉽게 이해시켜 주고 싶어서 저만의 설명 방법을 찾기 위해 더 많은 생각을 하게 되고 열심히 하게 되었습니다. 그러는 과정 속에서 친구들은 제가 선생님보다 더 이해하기 쉽게 설명해준다고 하였고, 저 덕분에 특히 수학성적이 올랐다는 친구도 있었습니다.\n\n처음에는 개인의 부족함을 채우기 위해서 시작하였는데 저는 점점 누군가에게 도움이 되는 사람이 된다는 거에 뿌듯함을 느끼게 되었습니다. 그리고 누군가에게 도움이 되면서 그 속에서도 새로운 부분들에 대해 배우는 점이 있었습니다. 그래서 그 이후로 저의 능력이 활용되어 어느 조직에서든지 이바지 할 수 있는 사람, 도움이 되는 사람이 되자는 가치관이 형성되게 되었습니다. 이러한 가치관으로 인해 항상 저는 누군가가 질문이나 도움을 요청 했을 때, 해결 못하는 사람이 되기 싫어 저의 능력을 향상시키기 위해 노력하는 사람이 되었습니다.\n\n한번은 회사생활 속에서 업무량이 많은 동료가 있었습니다. 너무 바빠 보여 한동안 그 동료의 업무를 한 달가량 도와줬던 일이 있었습니다. 도와주면서 프론트 단에서 동적으로 그려지는 컬럼이 있었는데 그 부분 때문에 데이터가 잘 맞지 않는 문제가 있었습니다. 그때 그 전에 프론트 단에서가 아니라 백단에서 데이터를 가공해서 던지는 방식으로 따로 혼자 구현해보고 있었는데 마침 그 문제가 발생했고 저는 제가 공부한 방식을 알려드렸습니다. 그래서 저의 방식이 활용되어 그 문제가 해결되었던 경험이 있습니다. 그렇게 도와줘도 알아주는 사람은 없지만 저의 방식이 사용되고 도움이 된것이 저는 뿌듯하였습니다."
    },
    "anno_text_data": {
        "data": [
            {
                "index": 0,
                "raw": "제 삷에 대한 가치관은 ” 모든 위치에서 도움이 되는 사람이 되자 ” 입니다.\n저는 학창시절 수업에서 배운 것을 제가 잘 외웠고 이해했는지 확인 받고 싶었습니다. 그래서 반 친구들과 같이 공부하면서 서로가 선생님이 되어 다시 설명해주는 방식으로 공부하면서 부족한 부분을 파악하고 그 부분을 메꾸는 방식으로 공부하였습니다. 저는 선생님보다 더 쉽게 이해시켜 주고 싶어서 저만의 설명 방법을 찾기 위해 더 많은 생각을 하게 되고 열심히 하게 되었습니다. 그러는 과정 속에서 친구들은 제가 선생님보다 더 이해하기 쉽게 설명해준다고 하였고, 저 덕분에 특히 수학성적이 올랐다는 친구도 있었습니다.\n\n처음에는 개인의 부족함을 채우기 위해서 시작하였는데 저는 점점 누군가에게 도움이 되는 사람이 된다는 거에 뿌듯함을 느끼게 되었습니다. 그리고 누군가에게 도움이 되면서 그 속에서도 새로운 부분들에 대해 배우는 점이 있었습니다. 그래서 그 이후로 저의 능력이 활용되어 어느 조직에서든지 이바지 할 수 있는 사람, 도움이 되는 사람이 되자는 가치관이 형성되게 되었습니다. 이러한 가치관으로 인해 항상 저는 누군가가 질문이나 도움을 요청 했을 때, 해결 못하는 사람이 되기 싫어 저의 능력을 향상시키기 위해 노력하는 사람이 되었습니다.\n\n한번은 회사생활 속에서 업무량이 많은 동료가 있었습니다. 너무 바빠 보여 한동안 그 동료의 업무를 한 달가량 도와줬던 일이 있었습니다. 도와주면서 프론트 단에서 동적으로 그려지는 컬럼이 있었는데 그 부분 때문에 데이터가 잘 맞지 않는 문제가 있었습니다. 그때 그 전에 프론트 단에서가 아니라 백단에서 데이터를 가공해서 던지는 방식으로 따로 혼자 구현해보고 있었는데 마침 그 문제가 발생했고 저는 제가 공부한 방식을 알려드렸습니다. 그래서 저의 방식이 활용되어 그 문제가 해결되었던 경험이 있습니다. 그렇게 도와줘도 알아주는 사람은 없지만 저의 방식이 사용되고 도움이 된것이 저는 뿌듯하였습니다.",
                "class": "선한 영향력을 행사하는"
            }
        ]
    }
}