{
    "meta": {
        "text_raw": "\"공사의 유통정보전파 사업에 기여하고자 합니다.\"\n\n공사의 주요 사업 중 하나인 유통정보전파 사업에서 유통정보 서비스 및 농수산물 표준가격지수 업무에 특히 기여하고자합니다. 이러한 정보 및 통계를 제공하는 업무에서는 무엇보다 정보를 잘 다룰 수 있는 통계적 전문성을 갖추고 있어야 한다고 생각합니다. 시민들께 정확한 정보를 제공하기 위해선 정확한 통계정보를 획득해야하며 정확한 통계정보는 신뢰할 수 있는 자료를 수집하여 자료에 적합한 통계적 방법론을 적용하여 얻을 수 있기 때문입니다. 그렇지 않으면 잘못된 통계정보를 얻을 수밖에 없고 이는 시민들께 잘못된 정보 제공으로 이어질 것입니다.\n\n저는 통계적 전문성을 갖추었다고 생각합니다. 먼저 통계적 조사 및 분석과 관련한 자격증을 취득하였습니다. 여론조사를 포함한 다양한 사회현상에 대한 조사를 설계, 분석할 수 있는 역량을 검증하는 사회조사분석사 2급 자격증을 취득하였습니다. 또한 4차 산업혁명 시대의 필수적 요소인 데이터 분석 역량을 검증하는 데이터분석준전문가 자격증을 취득하여 다양한 형태의 자료를 통계적으로 분석할 수 있는 역량을 갖추고자 노력하였습니다.\n\n이러한 역량을 실제로 적용하기 위해서도 노력하였습니다. 교내 데이터 분석 프로젝트를 수행하면서 자격증을 취득하면서 얻은 역량을 실제 데이터에 직접 적용해 보았습니다. 또한 해외파병 중 부대의 직업교육이 현지인의 취업과 상관관계가 있다는 것도 알아낼 수 있었습니다. 이러한 역량을 통해 공사의 유통정보전파 사업에 기여하여 시민들께 더 나은 서비스를 제공하고자 합니다."
    },
    "anno_text_data": {
        "data": [
            {
                "index": 0,
                "raw": "\"공사의 유통정보전파 사업에 기여하고자 합니다.\"\n\n공사의 주요 사업 중 하나인 유통정보전파 사업에서 유통정보 서비스 및 농수산물 표준가격지수 업무에 특히 기여하고자합니다. 이러한 정보 및 통계를 제공하는 업무에서는 무엇보다 정보를 잘 다룰 수 있는 통계적 전문성을 갖추고 있어야 한다고 생각합니다. 시민들께 정확한 정보를 제공하기 위해선 정확한 통계정보를 획득해야하며 정확한 통계정보는 신뢰할 수 있는 자료를 수집하여 자료에 적합한 통계적 방법론을 적용하여 얻을 수 있기 때문입니다. 그렇지 않으면 잘못된 통계정보를 얻을 수밖에 없고 이는 시민들께 잘못된 정보 제공으로 이어질 것입니다.\n\n저는 통계적 전문성을 갖추었다고 생각합니다. 먼저 통계적 조사 및 분석과 관련한 자격증을 취득하였습니다. 여론조사를 포함한 다양한 사회현상에 대한 조사를 설계, 분석할 수 있는 역량을 검증하는 사회조사분석사 2급 자격증을 취득하였습니다. 또한 4차 산업혁명 시대의 필수적 요소인 데이터 분석 역량을 검증하는 데이터분석준전문가 자격증을 취득하여 다양한 형태의 자료를 통계적으로 분석할 수 있는 역량을 갖추고자 노력하였습니다.\n\n이러한 역량을 실제로 적용하기 위해서도 노력하였습니다. 교내 데이터 분석 프로젝트를 수행하면서 자격증을 취득하면서 얻은 역량을 실제 데이터에 직접 적용해 보았습니다. 또한 해외파병 중 부대의 직업교육이 현지인의 취업과 상관관계가 있다는 것도 알아낼 수 있었습니다. 이러한 역량을 통해 공사의 유통정보전파 사업에 기여하여 시민들께 더 나은 서비스를 제공하고자 합니다.",
                "class": "지속적인 성장을 추구하는,고도의 자기주도성을 가진"
            }
        ]
    }
}