{
    "meta": {
        "text_raw": "롯데글로벌로지스는 저의 글로벌 역량을 마음껏 펼칠 수 있는 곳이며 물류 혁신을 이뤄내는 곳이기 때문에 지원을 하게 되었습니다. 해외시장에 대한 시야와 관점을 넓히고자 하는 저의 의지와 세계의 다양한 국가와 교류를 하고 물류업을 추진하는 롯데글로벌로지스의 목표와 부합하기 때문에 당사에 지원하고자 합니다.\n\n글로벌사업부문의 포워딩 분야에 지원하고 싶습니다. 당사의 여러 부문 중 글로벌사업부문이 있는 것을 알게 되었고 특히, 포워딩 분야가 중국으로 진행됨을 알 수 있었습니다. 중국어는 기본이고 중국인의 특성과 문화에 대하여 누구보다 많이 알 수 있음을 자부할 수 있습니다. 관련 경험으로 4학년 때 들었던 중국어업무문서작성법이란 수업이 있었고 중국인과의 비즈니스 추진과 노하우 또한 다양한 업무문서 작성법을 배울 수 있었습니다. 이를 기반으로 롯데글로벌로지스에 지원하고자 합니다."
    },
    "anno_text_data": {
        "data": [
            {
                "index": 0,
                "raw": "롯데글로벌로지스는 저의 글로벌 역량을 마음껏 펼칠 수 있는 곳이며 물류 혁신을 이뤄내는 곳이기 때문에 지원을 하게 되었습니다. 해외시장에 대한 시야와 관점을 넓히고자 하는 저의 의지와 세계의 다양한 국가와 교류를 하고 물류업을 추진하는 롯데글로벌로지스의 목표와 부합하기 때문에 당사에 지원하고자 합니다.\n\n글로벌사업부문의 포워딩 분야에 지원하고 싶습니다. 당사의 여러 부문 중 글로벌사업부문이 있는 것을 알게 되었고 특히, 포워딩 분야가 중국으로 진행됨을 알 수 있었습니다. 중국어는 기본이고 중국인의 특성과 문화에 대하여 누구보다 많이 알 수 있음을 자부할 수 있습니다. 관련 경험으로 4학년 때 들었던 중국어업무문서작성법이란 수업이 있었고 중국인과의 비즈니스 추진과 노하우 또한 다양한 업무문서 작성법을 배울 수 있었습니다. 이를 기반으로 롯데글로벌로지스에 지원하고자 합니다.",
                "class": "비즈니스 마인드를 갖춘"
            }
        ]
    }
}