{
    "meta": {
        "text_raw": "20년동안 지속됐던 운영 방식의 변화를 통해 폐쇄위기에 놓인 동아리를 살릴 수 있었습니다. 저희 영어연극동아리는 1년 동안 극을 올리지 못했고 기 활동했던 인원들의 졸업으로 인해 폐쇄위기에 놓였었습니다. 회장으로 부임한 저는 포스터와 영상을 직접 제작하여 학교 커뮤니티에 홍보하였습니다. 그리고 복잡했던 가입 방식을 더 쉽고 간단하게 변경했습니다. 그 결과, 동아리 창단 아래 가장 많은 신입생이 모였습니다. 부원들과 함께 대본 리딩을 하며 영어실력을 향상시켰으며 연기 경력이 있는 강사님을 초청하여 특별 연기 지도를 요청했습니다. 약 72개의 동아리 중 점수 1등을 향해 달리고 있고 올해 있을 동아리 평가 때 우수상을 받을 수 있을 것 같습니다. 저는 동아리 덕분에, 사소한 변화를 통해서도 큰 변화를 일궈낼 수 있다는 것을 배웠습니다. BGF 리테일의 직원으로써, 진열방식과 홍보 디자인 등, 사소한 변화를 통해 제가 담당할 지점의 매출액의 큰 변화를 만들도록 노력하겠습니다."
    },
    "anno_text_data": {
        "data": [
            {
                "index": 0,
                "raw": "20년동안 지속됐던 운영 방식의 변화를 통해 폐쇄위기에 놓인 동아리를 살릴 수 있었습니다. 저희 영어연극동아리는 1년 동안 극을 올리지 못했고 기 활동했던 인원들의 졸업으로 인해 폐쇄위기에 놓였었습니다. 회장으로 부임한 저는 포스터와 영상을 직접 제작하여 학교 커뮤니티에 홍보하였습니다. 그리고 복잡했던 가입 방식을 더 쉽고 간단하게 변경했습니다. 그 결과, 동아리 창단 아래 가장 많은 신입생이 모였습니다. 부원들과 함께 대본 리딩을 하며 영어실력을 향상시켰으며 연기 경력이 있는 강사님을 초청하여 특별 연기 지도를 요청했습니다. 약 72개의 동아리 중 점수 1등을 향해 달리고 있고 올해 있을 동아리 평가 때 우수상을 받을 수 있을 것 같습니다. 저는 동아리 덕분에, 사소한 변화를 통해서도 큰 변화를 일궈낼 수 있다는 것을 배웠습니다. BGF 리테일의 직원으로써, 진열방식과 홍보 디자인 등, 사소한 변화를 통해 제가 담당할 지점의 매출액의 큰 변화를 만들도록 노력하겠습니다.",
                "class": "지속적인 성장을 추구하는,비전을 제시하는,적극적인"
            }
        ]
    }
}