{
    "meta": {
        "text_raw": "\"낯선 사람들과의 시너지 형성 시도 하지만 실패\"\n\n학교에서 팀 과제를 하며 다양한 전공끼리 팀이 무작위로 구성되었고 서로의 서먹함을 극복하기 위해 먼저 친해지고 적극성을 보이려고 했지만 결과적으로 팀 과제에 좋지 않은 성적을 받았던 적이 있습니다. 학교 교양 수업이 있었고 팀 과제를 수행하면서 자유롭게 팀을 결성했는데 아무래도 서로가 친한 사람들끼리 팀을 결성하다보니 팀 결성이 단일한 전공으로 편성된 경우가 많았습니다. 하지만 그 당시 저는 혼자 수업을 들었기 때문에 임의적으로 결성된 그룹에 참여했습니다.\n\n처음에는 서로가 잘 모르고 서먹하여 많이 걱정했습니다. 그리고 서로가 소통이 거의 없었고 저 혼자 고학년이었지만 다들 1~2학년인 저학년으로 팀 과제에 소홀한 구성원들이 많았습니다. 이를 위해 제가 노력한 것은 서로가 더욱 가까워지기 위해 자주 모임을 가지고 제가 먼저 커피를 팀원들에게 대접하며 서로 간의 벽을 허물게 했습니다. 서로가 자연스러운 관계가 되어야 우수한 팀워크가 형성된다고 믿었기 때문입니다. 하지만 이런 노력을 했음에도 상대방에겐 반응이 없었고 여전히 처음처럼 팀 과제에 수동적인 자세를 보였습니다. 결국 발표 당일에 교수님으로부터 안 좋은 피드백과 꾸중을 듣게 되었습니다.\n\n이러한 경험으로 깨달은 것은 제가 적극성을 보이더라도 원하는 성과에 도달할 수 없을 수 있다는 것입니다. 비록 실패한 경험이지만 저는 팀 과제에 적극성을 보였고 소홀하지 않았기 때문에 스스로 떳떳했습니다. 또한 다음에 팀을 결성할 때는 중간에 교수님에게 상담을 요청하는 것도 좋은 해결방법일 수 있다고 생각했습니다."
    },
    "anno_text_data": {
        "data": [
            {
                "index": 0,
                "raw": "\"낯선 사람들과의 시너지 형성 시도 하지만 실패\"\n\n학교에서 팀 과제를 하며 다양한 전공끼리 팀이 무작위로 구성되었고 서로의 서먹함을 극복하기 위해 먼저 친해지고 적극성을 보이려고 했지만 결과적으로 팀 과제에 좋지 않은 성적을 받았던 적이 있습니다. 학교 교양 수업이 있었고 팀 과제를 수행하면서 자유롭게 팀을 결성했는데 아무래도 서로가 친한 사람들끼리 팀을 결성하다보니 팀 결성이 단일한 전공으로 편성된 경우가 많았습니다. 하지만 그 당시 저는 혼자 수업을 들었기 때문에 임의적으로 결성된 그룹에 참여했습니다.\n\n처음에는 서로가 잘 모르고 서먹하여 많이 걱정했습니다. 그리고 서로가 소통이 거의 없었고 저 혼자 고학년이었지만 다들 1~2학년인 저학년으로 팀 과제에 소홀한 구성원들이 많았습니다. 이를 위해 제가 노력한 것은 서로가 더욱 가까워지기 위해 자주 모임을 가지고 제가 먼저 커피를 팀원들에게 대접하며 서로 간의 벽을 허물게 했습니다. 서로가 자연스러운 관계가 되어야 우수한 팀워크가 형성된다고 믿었기 때문입니다. 하지만 이런 노력을 했음에도 상대방에겐 반응이 없었고 여전히 처음처럼 팀 과제에 수동적인 자세를 보였습니다. 결국 발표 당일에 교수님으로부터 안 좋은 피드백과 꾸중을 듣게 되었습니다.\n\n이러한 경험으로 깨달은 것은 제가 적극성을 보이더라도 원하는 성과에 도달할 수 없을 수 있다는 것입니다. 비록 실패한 경험이지만 저는 팀 과제에 적극성을 보였고 소홀하지 않았기 때문에 스스로 떳떳했습니다. 또한 다음에 팀을 결성할 때는 중간에 교수님에게 상담을 요청하는 것도 좋은 해결방법일 수 있다고 생각했습니다.",
                "class": "유연한 사고를 가진,적극적인,고도의 자기주도성을 가진"
            }
        ]
    }
}