{
    "meta": {
        "text_raw": "\"경청과 역지사지의 자세가 시민을 위한 공공기관 직원의 출발점이라고 생각합니다.\"\n\n학교 자연과학대학 OOOOO으로 활동하면서 다수의 학생자치단체 구성원들이 정당한 비용을 내지 않고 행사에 참여하며 공금으로 구매한 행사용 상품을 무단으로 사용하는 것을 적발하였습니다. 이러한 학생자치단체 구성원들의 행태를 바로잡기 위해 문제가 적발된 학생단체 임원진과 여러 차례 회의를 개최하였습니다.\n\n첫 회의를 포함한 초기 회의 때에는 서로 간에 견해 차이가 커서 의견의 간격이 좁혀지지 않았습니다. 결국 회의 중 양측간 언성이 높아지는 상황이 계속해서 발생하였고 무의미하게 끝나는 회의가 부지기수였습니다. 서로 간에 입장을 고려하지 않고 오직 본인들의 입장만 고수하다 보니 얻게 된 뻔한 결과였습니다. 이런 식의 회의가 계속된다면 시간만 낭비할 뿐이라고 느낀 저는 이어지는 회의에서는 차라리 상대방의 의견을 경청하며 그들의 관점에서 상황을 생각해 보기로 하였습니다.\n\n경청과 역지사지의 자세를 갖고 그들의 처지에서 생각하고 공감하기가 쉽지만은 않았습니다. 그러나 수차례 회의를 진행하면서 상대방의 입장과 사정을 이해하고자 노력하였으며 저희의 바뀐 자세 덕분에 상대편도 문제해결을 위한 긍정적인 태도로 회의에 임하였습니다. 최종적으로 기존에 존재했던 학생자치단체들의 부정적 행태를 근절할 수 있는 타협안에 합의하여 이를 회칙으로 규범화할 수 있었습니다.\n\n이러한 마음가짐과 직업윤리를 지닐 때, 비로소 진정으로 시민들을 위한 정책과 사업을 개발하고 서비스를 제공할 수 있을 것이라고 믿습니다. 또한, 시민을 포함한 다양한 이해관계자와의 갈등상황에서도 효과적으로 문제를 해결할 수 있을 것이며 이러한 모든 것들이 결국 시민을 위한 것이라고 믿습니다."
    },
    "anno_text_data": {
        "data": [
            {
                "index": 0,
                "raw": "\"경청과 역지사지의 자세가 시민을 위한 공공기관 직원의 출발점이라고 생각합니다.\"\n\n학교 자연과학대학 OOOOO으로 활동하면서 다수의 학생자치단체 구성원들이 정당한 비용을 내지 않고 행사에 참여하며 공금으로 구매한 행사용 상품을 무단으로 사용하는 것을 적발하였습니다. 이러한 학생자치단체 구성원들의 행태를 바로잡기 위해 문제가 적발된 학생단체 임원진과 여러 차례 회의를 개최하였습니다.\n\n첫 회의를 포함한 초기 회의 때에는 서로 간에 견해 차이가 커서 의견의 간격이 좁혀지지 않았습니다. 결국 회의 중 양측간 언성이 높아지는 상황이 계속해서 발생하였고 무의미하게 끝나는 회의가 부지기수였습니다. 서로 간에 입장을 고려하지 않고 오직 본인들의 입장만 고수하다 보니 얻게 된 뻔한 결과였습니다. 이런 식의 회의가 계속된다면 시간만 낭비할 뿐이라고 느낀 저는 이어지는 회의에서는 차라리 상대방의 의견을 경청하며 그들의 관점에서 상황을 생각해 보기로 하였습니다.\n\n경청과 역지사지의 자세를 갖고 그들의 처지에서 생각하고 공감하기가 쉽지만은 않았습니다. 그러나 수차례 회의를 진행하면서 상대방의 입장과 사정을 이해하고자 노력하였으며 저희의 바뀐 자세 덕분에 상대편도 문제해결을 위한 긍정적인 태도로 회의에 임하였습니다. 최종적으로 기존에 존재했던 학생자치단체들의 부정적 행태를 근절할 수 있는 타협안에 합의하여 이를 회칙으로 규범화할 수 있었습니다.\n\n이러한 마음가짐과 직업윤리를 지닐 때, 비로소 진정으로 시민들을 위한 정책과 사업을 개발하고 서비스를 제공할 수 있을 것이라고 믿습니다. 또한, 시민을 포함한 다양한 이해관계자와의 갈등상황에서도 효과적으로 문제를 해결할 수 있을 것이며 이러한 모든 것들이 결국 시민을 위한 것이라고 믿습니다.",
                "class": "다양한 의견을 수렴하는,다양성을 존중하는,탄탄한 의사소통 능력을 가진,선한 영향력을 행사하는"
            }
        ]
    }
}