{
    "meta": {
        "text_raw": "\"내면의 아름다움을 통한 특별한 소명 실현\"\n\n외면의 아름다움보다는 내면의 아름다움과 가치를 차고 서로를 이해하고 존중하는 자세를 통하여 아모레퍼시픽의 특별한 소명을 이루고자 합니다. 인재개발 직무에서 이러한 소명을 실현하기 위해 서로 협동을 하고 함께 '교학상장'하는 것을 이뤄내고 싶습니다. 교학상장이란 서로 배우고 가르치며 함께 성장하는 것으로 단순히 교육자가 가르치고 교육 대상이 배우는 것이 아니라 교육 대상이 가르칠 수도 있고 교육자가 배울 수도 있는 의미를 가집니다. \n\n이를 위해서는 단방향 커뮤니케이션이 아니라 모두가 함께 의견을 내고 모두가 상대방을 이해하며 존중하는 쌍방향 커뮤니케이션을 우선시해야 한다고 봅니다. 함께 능동적으로 협동하고 교학상장하기 위한 전제는 서로의 내면의 아름다움과 가치를 보고자 하는 자세가 있어야 합니다. 단순히 밖으로 보이는 이미지와 외모를 통해 사람을 판단하고 프레임을 씌우는 것이 아니라 조금 더 상대방과 이야기하고 함께 지내며 외면으로만 보이는 것이 전부가 아니라는 것을 깨달을 수 있습니다. 더 나아가 내면으로 보이는 그 사람의 가치를 파악해야 '사람을 아름답게, 세상을 아름답게'를 이룰 수 있다고 생각합니다. "
    },
    "anno_text_data": {
        "data": [
            {
                "index": 0,
                "raw": "\"내면의 아름다움을 통한 특별한 소명 실현\"\n\n외면의 아름다움보다는 내면의 아름다움과 가치를 차고 서로를 이해하고 존중하는 자세를 통하여 아모레퍼시픽의 특별한 소명을 이루고자 합니다. 인재개발 직무에서 이러한 소명을 실현하기 위해 서로 협동을 하고 함께 '교학상장'하는 것을 이뤄내고 싶습니다. 교학상장이란 서로 배우고 가르치며 함께 성장하는 것으로 단순히 교육자가 가르치고 교육 대상이 배우는 것이 아니라 교육 대상이 가르칠 수도 있고 교육자가 배울 수도 있는 의미를 가집니다. \n\n이를 위해서는 단방향 커뮤니케이션이 아니라 모두가 함께 의견을 내고 모두가 상대방을 이해하며 존중하는 쌍방향 커뮤니케이션을 우선시해야 한다고 봅니다. 함께 능동적으로 협동하고 교학상장하기 위한 전제는 서로의 내면의 아름다움과 가치를 보고자 하는 자세가 있어야 합니다. 단순히 밖으로 보이는 이미지와 외모를 통해 사람을 판단하고 프레임을 씌우는 것이 아니라 조금 더 상대방과 이야기하고 함께 지내며 외면으로만 보이는 것이 전부가 아니라는 것을 깨달을 수 있습니다. 더 나아가 내면으로 보이는 그 사람의 가치를 파악해야 '사람을 아름답게, 세상을 아름답게'를 이룰 수 있다고 생각합니다.",
                "class": "선한 영향력을 행사하는"
            }
        ]
    }
}