{
    "meta": {
        "text_raw": "\"편입 성공의 모범답안 - 자투리시간 활용\"\n\n원하는 학과에 편입하기 위해 자투리 시간을 활용하여 효율성을 높여 편입에 성공한 경험이 있습니다. 대학교 2학년 때 학교를 다니며 일 년 동안 편입 학원을 새벽에 다니고 오후에 학교 수업을 들으며 하루 일과를 보냈던 적이 있습니다. 편입 조건으로 2학년을 마치며 수료하는 것이 있기 때문에 대다수의 학생들이 2학년 과정을 마치고 휴학을 하며 일 년 이상을 편입 공부에 몰두합니다. 수험생으로서 최대한 많은 공부시간을 확보하는 것이 중요하기 때문에 휴학을 하게됩니다. 하지만 저는 굳이 휴학을 하며 편입 공부를 하기엔 시간 낭비라는 생각이 들었기 때문에 학교 생활과 편입 공부를 함께 병행했습니다. 다른 사람에 비해 공부 시간 확보기 확실히 부족했기 때문에 자투리 시간을 활용했습니다.\n\n예를 들어, 학원에서 공부한 내용은 그 날 무조건 복습을 마쳤고 대중교통을 이용하는 시간과 학교 수업 중간의 쉬는 시간에 요약 내용을 정리한 노트를 하루에 5번 이상 봤습니다. 그리고 자투리 시간 이외에는 학원에서 공부한 내용은 보지 않고 학원 공부 이외의 공부를 했습니다. 이를 통해 시간 절약이 가능했고 더 많은 공부 시간을 확보하여 편입에 성공하게 되었습니다. 편입 경험을 통해 배운 것은 목표 성취를 위해 시간을 효율적으로 관리하고 다른 사람과 비교했을 때 목표 성취에서 저의 부족한 점을 파악하고 극복하는 것입니다. 당사에서도 어떠한 일이 주어져도 시간적 효율성을 추구하여 업무를 수행하고 부족한 점을 빠르게 파악하여 대처하는 능력을 기르도록 하겠습니다."
    },
    "anno_text_data": {
        "data": [
            {
                "index": 0,
                "raw": "\"편입 성공의 모범답안 - 자투리시간 활용\"\n\n원하는 학과에 편입하기 위해 자투리 시간을 활용하여 효율성을 높여 편입에 성공한 경험이 있습니다. 대학교 2학년 때 학교를 다니며 일 년 동안 편입 학원을 새벽에 다니고 오후에 학교 수업을 들으며 하루 일과를 보냈던 적이 있습니다. 편입 조건으로 2학년을 마치며 수료하는 것이 있기 때문에 대다수의 학생들이 2학년 과정을 마치고 휴학을 하며 일 년 이상을 편입 공부에 몰두합니다. 수험생으로서 최대한 많은 공부시간을 확보하는 것이 중요하기 때문에 휴학을 하게됩니다. 하지만 저는 굳이 휴학을 하며 편입 공부를 하기엔 시간 낭비라는 생각이 들었기 때문에 학교 생활과 편입 공부를 함께 병행했습니다. 다른 사람에 비해 공부 시간 확보기 확실히 부족했기 때문에 자투리 시간을 활용했습니다.\n\n예를 들어, 학원에서 공부한 내용은 그 날 무조건 복습을 마쳤고 대중교통을 이용하는 시간과 학교 수업 중간의 쉬는 시간에 요약 내용을 정리한 노트를 하루에 5번 이상 봤습니다. 그리고 자투리 시간 이외에는 학원에서 공부한 내용은 보지 않고 학원 공부 이외의 공부를 했습니다. 이를 통해 시간 절약이 가능했고 더 많은 공부 시간을 확보하여 편입에 성공하게 되었습니다. 편입 경험을 통해 배운 것은 목표 성취를 위해 시간을 효율적으로 관리하고 다른 사람과 비교했을 때 목표 성취에서 저의 부족한 점을 파악하고 극복하는 것입니다. 당사에서도 어떠한 일이 주어져도 시간적 효율성을 추구하여 업무를 수행하고 부족한 점을 빠르게 파악하여 대처하는 능력을 기르도록 하겠습니다.",
                "class": "지속적인 성장을 추구하는,목표를 달성하는 능력을 갖춘,적극적인,고도의 자기주도성을 가진,자원을 효율적으로 활용하는"
            }
        ]
    }
}