{
    "meta": {
        "text_raw": "설득에 앞서 고려하고자 했던 요소들은 원인과 설득 시점입니다. 상대방이 왜 그렇게 생각했고 의견을 판단하는 저의 기준이 혹여나 올바르지 않았는지 되새김질을 해보았습니다. 이를 통해 MCU에만 너무 치중하여 서로가 장점을 다 챙기기 위해 욕심을 냈음을 생각하게 되었습니다. 그래서 난이도와 다양성 문제를 해결하기 위해 센서의 종류를 줄이면서 라즈베리파이를 쓰는 방안을 내게 되었습니다. 또한 상대방의 의견을 먼저 듣고 난 후 저의 의견을 말하고 상대방의 의견이 먼저라는 것을 표출하여, 서로가 만족할 수 있는 협의점을 찾게 되었습니다."
    },
    "anno_text_data": {
        "data": [
            {
                "index": 0,
                "raw": "설득에 앞서 고려하고자 했던 요소들은 원인과 설득 시점입니다. 상대방이 왜 그렇게 생각했고 의견을 판단하는 저의 기준이 혹여나 올바르지 않았는지 되새김질을 해보았습니다. 이를 통해 MCU에만 너무 치중하여 서로가 장점을 다 챙기기 위해 욕심을 냈음을 생각하게 되었습니다. 그래서 난이도와 다양성 문제를 해결하기 위해 센서의 종류를 줄이면서 라즈베리파이를 쓰는 방안을 내게 되었습니다. 또한 상대방의 의견을 먼저 듣고 난 후 저의 의견을 말하고 상대방의 의견이 먼저라는 것을 표출하여, 서로가 만족할 수 있는 협의점을 찾게 되었습니다.",
                "class": "다양한 의견을 수렴하는,다양성을 존중하는,탄탄한 의사소통 능력을 가진"
            }
        ]
    }
}