{
    "meta": {
        "text_raw": "이러한 시도를 적용한 결과 Good Point로는, A/S업무로 인한 불필요한 이동시간을 줄일 수 있게 되어 업무 시간을 줄일 수 있었고, 고객사 장비의 오류를 줄일 수 있게 되어 신뢰도를 높일 수 있었습니다. Bad Point로는 처음에는 이러한 프로세스를 하나 더 추가하여 설치 시간이 더 오래 걸렸었던 점이었습니다. 사장님은 A/S업무를 줄일 수 있게 되었고 또한 업무에 있어 능동적인 태도를 좋게 보셨었습니다. 앞으로 새로운 시도를 하게 되면 이러한 Good, Bad Point를 활용하여 문제점을 선행하여 예방하겠습니다."
    },
    "anno_text_data": {
        "data": [
            {
                "index": 0,
                "raw": "이러한 시도를 적용한 결과 Good Point로는, A/S업무로 인한 불필요한 이동시간을 줄일 수 있게 되어 업무 시간을 줄일 수 있었고, 고객사 장비의 오류를 줄일 수 있게 되어 신뢰도를 높일 수 있었습니다. Bad Point로는 처음에는 이러한 프로세스를 하나 더 추가하여 설치 시간이 더 오래 걸렸었던 점이었습니다. 사장님은 A/S업무를 줄일 수 있게 되었고 또한 업무에 있어 능동적인 태도를 좋게 보셨었습니다. 앞으로 새로운 시도를 하게 되면 이러한 Good, Bad Point를 활용하여 문제점을 선행하여 예방하겠습니다.",
                "class": "문제해결능력이 뛰어난"
            }
        ]
    }
}