{
    "meta": {
        "text_raw": "이러한 어려움이 닥쳤을 때는 포기할까 생각하였지만, 다시 마음을 다잡고 해결방법을 고민해 보았습니다. 제작 공방에서 주어진 재료로 꾸준히 만들어 볼까 생각하였지만, 우연히 학과 내 연구실에서 3d 프린터를 사용할 수 있다는 것을 알게 되어 이를 사용 할 계획을 세웠습니다. 마침 ㅇㅇ호 프로젝트 내에서도 3d 프린터 교육을 받았었고, 수업을 열심히 들었던 저희는 무게가 가벼우며 원하던 모양의 선체를 제작할 수 있었습니다. 이를 통해 배움에는 사소한 것이 없다고 생각하였고, 언젠가는 쓰인다는 사실을 자각하게 된 계기가 되었습니다."
    },
    "anno_text_data": {
        "data": [
            {
                "index": 0,
                "raw": "이러한 어려움이 닥쳤을 때는 포기할까 생각하였지만, 다시 마음을 다잡고 해결방법을 고민해 보았습니다. 제작 공방에서 주어진 재료로 꾸준히 만들어 볼까 생각하였지만, 우연히 학과 내 연구실에서 3d 프린터를 사용할 수 있다는 것을 알게 되어 이를 사용 할 계획을 세웠습니다. 마침 ㅇㅇ호 프로젝트 내에서도 3d 프린터 교육을 받았었고, 수업을 열심히 들었던 저희는 무게가 가벼우며 원하던 모양의 선체를 제작할 수 있었습니다. 이를 통해 배움에는 사소한 것이 없다고 생각하였고, 언젠가는 쓰인다는 사실을 자각하게 된 계기가 되었습니다.",
                "class": "창의력을 가진,유연한 사고를 가진"
            }
        ]
    }
}