{
    "meta": {
        "text_raw": "금융의 변화를 선도할 IT 기술로서 저는 ` AI ` 라고 생각합니다.\n코로나19로 인해 비대면 금융거래가 확산되고 있으며 현재 비대면 디지털 뱅킹서비스 네오뱅크 라는 새로운 형태의 은행이 등장하고 있습니다. 또한 디지털 전환 시대에 맞춰 금융 서비스를 제공하기 시작한 거대 IT 기업 인 빅테크 기업이 생겨나고 있습니다. 이는 새로운 기술에 익숙한 젋은 2-30대 고객들을 뺏길 수도 있어 기존 은행들에게 위협을 가하고 있습니다. 그래서 기존 은행은 차별화를 둔 서비스를 제공하기 위해 노력 하여야 하는데, 이 차별화된 서비스 중 하나가 AI 라고 생각합니다. AI 도입으로 금융서비스에 끼칠 긍정적인 영향은 총 네가지 입니다. 첫 번째, 업무 자동화를 통해 비용을 감소시키고 효율성을 향상 시킬 수 있습니다. 두 번째, 고객 요구를 파악하여 맞춤형 서비스가 가능합니다. 세 번째, 고객 선호에 맞춰 언제 어디서나 상품과 서비스를 제공 가능합니다. 네 번째, AI 도입은 소외된 고령층들에게 편의성이 제공될 수 있습니다. 이러한 영향으로 저는 AI가 IT 핵심기술이라고 생각합니다.\n\n저는 이러한 기술력을 갖추기 위해서 대학교 시절 빅데이터에 관심이 있었기 때문에 데이터를 수집하고 분석 할 수 있는 능력이 필요하다고 생각했습니다. 그래서 대학교 때, 데이터사이언스 과정의 수업을 수강하여 Python을 활용한 데이터분석방법, 데이터 전처리 등을 수강하였습니다. 또한 인턴 생활은 Googel Assistant를 활용한 챗봇을 개발하는 회사에서 4개월 가량 하면서 AI에 대한 관심을 키워갔습니다. 그리고 비대명 금융거래로 인해 웹서비스와 모바일의 활용이 급증하는 가운데 개발 능력을 키우기 위해서 6개월가량의 자바풀스택 교육 과정과 더불어 현재 회사에서 Spring Boot를 기반으로 웹 서비스 개발을 하고 있어 디지털 전환 시대에 맞추어 기술력을 갖추기 위해 노력중입니다."
    },
    "anno_text_data": {
        "data": [
            {
                "index": 0,
                "raw": "금융의 변화를 선도할 IT 기술로서 저는 ` AI ` 라고 생각합니다.\n코로나19로 인해 비대면 금융거래가 확산되고 있으며 현재 비대면 디지털 뱅킹서비스 네오뱅크 라는 새로운 형태의 은행이 등장하고 있습니다. 또한 디지털 전환 시대에 맞춰 금융 서비스를 제공하기 시작한 거대 IT 기업 인 빅테크 기업이 생겨나고 있습니다. 이는 새로운 기술에 익숙한 젋은 2-30대 고객들을 뺏길 수도 있어 기존 은행들에게 위협을 가하고 있습니다. 그래서 기존 은행은 차별화를 둔 서비스를 제공하기 위해 노력 하여야 하는데, 이 차별화된 서비스 중 하나가 AI 라고 생각합니다. AI 도입으로 금융서비스에 끼칠 긍정적인 영향은 총 네가지 입니다. 첫 번째, 업무 자동화를 통해 비용을 감소시키고 효율성을 향상 시킬 수 있습니다. 두 번째, 고객 요구를 파악하여 맞춤형 서비스가 가능합니다. 세 번째, 고객 선호에 맞춰 언제 어디서나 상품과 서비스를 제공 가능합니다. 네 번째, AI 도입은 소외된 고령층들에게 편의성이 제공될 수 있습니다. 이러한 영향으로 저는 AI가 IT 핵심기술이라고 생각합니다.\n\n저는 이러한 기술력을 갖추기 위해서 대학교 시절 빅데이터에 관심이 있었기 때문에 데이터를 수집하고 분석 할 수 있는 능력이 필요하다고 생각했습니다. 그래서 대학교 때, 데이터사이언스 과정의 수업을 수강하여 Python을 활용한 데이터분석방법, 데이터 전처리 등을 수강하였습니다. 또한 인턴 생활은 Googel Assistant를 활용한 챗봇을 개발하는 회사에서 4개월 가량 하면서 AI에 대한 관심을 키워갔습니다. 그리고 비대명 금융거래로 인해 웹서비스와 모바일의 활용이 급증하는 가운데 개발 능력을 키우기 위해서 6개월가량의 자바풀스택 교육 과정과 더불어 현재 회사에서 Spring Boot를 기반으로 웹 서비스 개발을 하고 있어 디지털 전환 시대에 맞추어 기술력을 갖추기 위해 노력중입니다.",
                "class": "데이터 기반의 의사결정을 하는,지속적인 성장을 추구하는,적극적인,긍정적인 태도를 갖춘"
            }
        ]
    }
}