{
    "meta": {
        "text_raw": "한국남부발전의 발전부서에서 발전설비를 운전, 점검, 정비하는 업무 현장에서 실제 업무를 지원해보는 역할을 수행해보고 싶습니다. 실제 발전설비 업무를 수행하기 위해서는 발전설비 부품 분석 및 관리 기술뿐만 아니라 통계 프로그램 등 여러 업무를 겸비해야 합니다. 또한 인턴 경험이 이러한 프로그램을 다루고 실제 발전부품들을 눈으로 확인하며 저의 실무적 감각을 잘 키울 수 있을 거라고 판단하였습니다. 특히나 발전설비 관리에 관한 업무는 전기기사를 취득하여 이론적인 지식만 알고 있음으로, 실무적인 부분을 보며 배우고 싶습니다."
    },
    "anno_text_data": {
        "data": [
            {
                "index": 0,
                "raw": "한국남부발전의 발전부서에서 발전설비를 운전, 점검, 정비하는 업무 현장에서 실제 업무를 지원해보는 역할을 수행해보고 싶습니다. 실제 발전설비 업무를 수행하기 위해서는 발전설비 부품 분석 및 관리 기술뿐만 아니라 통계 프로그램 등 여러 업무를 겸비해야 합니다. 또한 인턴 경험이 이러한 프로그램을 다루고 실제 발전부품들을 눈으로 확인하며 저의 실무적 감각을 잘 키울 수 있을 거라고 판단하였습니다. 특히나 발전설비 관리에 관한 업무는 전기기사를 취득하여 이론적인 지식만 알고 있음으로, 실무적인 부분을 보며 배우고 싶습니다.",
                "class": "지속적인 성장을 추구하는,고도의 자기주도성을 가진"
            }
        ]
    }
}