{
    "meta": {
        "text_raw": "\"넝쿨째 갑자기 굴러온 벨기에 학생들\"\n\n글로벌사업부문의 포워딩 분야를 지원하고자 하며 관련 강점으로 돌발상황에 대한 슬기로운 대처 능력이 있습니다. 00아카데미에서 중국 00대학교로 해외출장을 다녀온 적이 있습니다. 총 40명 정원의 한국인 대학생들과 함께 참여하는 연수 프로그램이었습니다. 하지만 연수 첫째 날, 갑작스럽게 중국 00대학교 측에서 벨기에 대학교 출신 학생들도 담당해달라는 부탁을 받았습니다. 원래 사전에 신청한 학생들만 연수 참여가 가능했고 벨기에 학생들의 연수 참여에 대한 통지를 미리 받은 적이 없었기 때문에 많이 당황스러웠습니다. 또한 한국인 학생들은 연수 프로그램에 대한 계획과 내용을 숙지했지만 벨기에 학생들은 프로그램 내용에 대한 통지가 전혀 없었습니다. 벨기에 학생들도 결국 저의 고객이었기 때문에 업무 시간 이외에 하루에 한번씩은 꼭 만남을 가지며 연수에 대해 설명해줬습니다. 그리고 저의 메신저와 메일을 알려주며 연수에 대한 궁금한 점은 수시로 연락해달라고 했습니다. 이러한 과정과 노력 덕분에 벨기에 학생들은 금방 연수에 적응할 수 있었고 순탄한 첫 해외 출장 경험 덕분에 이후 해외출장도 담당하여 다녀오게 되었습니다.\n\"물류 지식에 대한 부족함\"\n\n저의 약점은 무역, 물류에 대한 지식이 부족하다는 것입니다. 물류 업무 진행으로서 무역 및 물류자격증 취득이 필수이지만 관련 자격증이 없습니다. 이를 위해 알게된 사이트가 한국OOOOOO와 한국OOOOOO라는 곳입니다. 해당 사이트에서 제공되는 시사 내용과 지식을 넓히며 조금이라도 물류에 대한 지식을 쌓을 수 있도록 하겠습니다."
    },
    "anno_text_data": {
        "data": [
            {
                "index": 0,
                "raw": "\"넝쿨째 갑자기 굴러온 벨기에 학생들\"\n\n글로벌사업부문의 포워딩 분야를 지원하고자 하며 관련 강점으로 돌발상황에 대한 슬기로운 대처 능력이 있습니다. 00아카데미에서 중국 00대학교로 해외출장을 다녀온 적이 있습니다. 총 40명 정원의 한국인 대학생들과 함께 참여하는 연수 프로그램이었습니다. 하지만 연수 첫째 날, 갑작스럽게 중국 00대학교 측에서 벨기에 대학교 출신 학생들도 담당해달라는 부탁을 받았습니다. 원래 사전에 신청한 학생들만 연수 참여가 가능했고 벨기에 학생들의 연수 참여에 대한 통지를 미리 받은 적이 없었기 때문에 많이 당황스러웠습니다. 또한 한국인 학생들은 연수 프로그램에 대한 계획과 내용을 숙지했지만 벨기에 학생들은 프로그램 내용에 대한 통지가 전혀 없었습니다. 벨기에 학생들도 결국 저의 고객이었기 때문에 업무 시간 이외에 하루에 한번씩은 꼭 만남을 가지며 연수에 대해 설명해줬습니다. 그리고 저의 메신저와 메일을 알려주며 연수에 대한 궁금한 점은 수시로 연락해달라고 했습니다. 이러한 과정과 노력 덕분에 벨기에 학생들은 금방 연수에 적응할 수 있었고 순탄한 첫 해외 출장 경험 덕분에 이후 해외출장도 담당하여 다녀오게 되었습니다.",
                "class": "유연한 사고를 가진,문제해결능력이 뛰어난,탄탄한 의사소통 능력을 가진,적극적인,위기 상황에서도 안정감을 주는"
            },
            {
                "index": 1,
                "raw": "\"물류 지식에 대한 부족함\"\n\n저의 약점은 무역, 물류에 대한 지식이 부족하다는 것입니다. 물류 업무 진행으로서 무역 및 물류자격증 취득이 필수이지만 관련 자격증이 없습니다. 이를 위해 알게된 사이트가 한국OOOOOO와 한국OOOOOO라는 곳입니다. 해당 사이트에서 제공되는 시사 내용과 지식을 넓히며 조금이라도 물류에 대한 지식을 쌓을 수 있도록 하겠습니다.",
                "class": "지속적인 성장을 추구하는"
            }
        ]
    }
}