{
    "meta": {
        "text_raw": "\"계획이 필요한 석유화학, 프로젝트 준비완료\"\n\n셰일가스 원료의 ECC 기술은 석유화학산업의 경쟁적인 기술개발을 이끌고 있습니다. 에탄 크래킹 기술발전에 따라 심해지는 유가 변동성은 납사 기반 NCC 산업에서 이익변동을 유발합니다. 하지만 롯데케미칼은 미국에 ECC 설비를 갖춤과 동시에 롯데케미칼만의 대산공장 내 탈황 중질유를 활용한 에틸렌 생산으로 문제 해결을 계획하고 있습니다. 그리고 앞으로의 부산물 활용 기술들을 기존 설비에 적용하는 데에 있어, 목표를 설정하고 계획을 수립하는 강점을 롯데케미칼에 녹여내 경쟁력을 갖추겠습니다\n\nNCC 설비에 멤브레인을 적용한 Low C Gas 생산효율 증대 프로젝트를 이루고자는 꿈이 있습니다. 이를 위해 현실적인 문제요소와 개선할 점을 고려하고, 견고한 프로젝트를 위하여 PM 지식을 쌓았습니다. 4M 운영과 QCD 관리에 Project Management 지식은 분리막 설비와 같은 신공정에 나타날 Risk 계산에 대한 전문성을 갖추게 해주었습니다. 롯데케미칼의 프로젝트를 설계하는 데에 단순한 전망요소가 아닌, 빠르고 정확한 사업계획을 구현하고 설계해내며 기술을 적용하는 과정을 빠르게 수행하며 경쟁력을 펼치는 일원으로 자리매김 하겠습니다."
    },
    "anno_text_data": {
        "data": [
            {
                "index": 0,
                "raw": "\"계획이 필요한 석유화학, 프로젝트 준비완료\"\n\n셰일가스 원료의 ECC 기술은 석유화학산업의 경쟁적인 기술개발을 이끌고 있습니다. 에탄 크래킹 기술발전에 따라 심해지는 유가 변동성은 납사 기반 NCC 산업에서 이익변동을 유발합니다. 하지만 롯데케미칼은 미국에 ECC 설비를 갖춤과 동시에 롯데케미칼만의 대산공장 내 탈황 중질유를 활용한 에틸렌 생산으로 문제 해결을 계획하고 있습니다. 그리고 앞으로의 부산물 활용 기술들을 기존 설비에 적용하는 데에 있어, 목표를 설정하고 계획을 수립하는 강점을 롯데케미칼에 녹여내 경쟁력을 갖추겠습니다\n\nNCC 설비에 멤브레인을 적용한 Low C Gas 생산효율 증대 프로젝트를 이루고자는 꿈이 있습니다. 이를 위해 현실적인 문제요소와 개선할 점을 고려하고, 견고한 프로젝트를 위하여 PM 지식을 쌓았습니다. 4M 운영과 QCD 관리에 Project Management 지식은 분리막 설비와 같은 신공정에 나타날 Risk 계산에 대한 전문성을 갖추게 해주었습니다. 롯데케미칼의 프로젝트를 설계하는 데에 단순한 전망요소가 아닌, 빠르고 정확한 사업계획을 구현하고 설계해내며 기술을 적용하는 과정을 빠르게 수행하며 경쟁력을 펼치는 일원으로 자리매김 하겠습니다.",
                "class": "비즈니스 마인드를 갖춘,고도의 자기주도성을 가진"
            }
        ]
    }
}