{
    "meta": {
        "text_raw": "\"준비된 역량을 바탕으로 공정 엔지니어 명장을 꿈꾸다\"\n\n학부 연구생으로서 이산화탄소 흡수 공정을 운전하며 이산화탄소 제거에 필요한 분리막 모듈을 다뤄본 적이 있습니다. 정상상태 공정에 체류하는 MEA 용액의 압력이 0.1bar만 되어도 분리막이 쉽게 파괴되기 때문에 적절한 압력을 유지하며 공정을 운전해야 했습니다. 이 과정에서 조절해주는 압력에 맞춰 흡수하는 이산화탄소의 양을 30분 단위로 점검하며 최대 제거율을 보이는 최적의 압력 조건을 찾아 공정을 운전하였습니다.\n\n공정 운전 과정에서 분리막의 상태나 고무링의 접촉 불량 등을 수시로 점검하였습니다. 리크 테스트를 통해 파괴된 막을 찾아 에폭시로 리크를 복구하거나, 고무링을 적시에 교체하는 등 문제 발생에 대처하는 방법을 터득하였습니다. 공정을 운전한 경험으로 체득한 지식과 경험은 공정기술 직무를 수행하는 데 있어 큰 도움이 될것이라고 생각합니다."
    },
    "anno_text_data": {
        "data": [
            {
                "index": 0,
                "raw": "\"준비된 역량을 바탕으로 공정 엔지니어 명장을 꿈꾸다\"\n\n학부 연구생으로서 이산화탄소 흡수 공정을 운전하며 이산화탄소 제거에 필요한 분리막 모듈을 다뤄본 적이 있습니다. 정상상태 공정에 체류하는 MEA 용액의 압력이 0.1bar만 되어도 분리막이 쉽게 파괴되기 때문에 적절한 압력을 유지하며 공정을 운전해야 했습니다. 이 과정에서 조절해주는 압력에 맞춰 흡수하는 이산화탄소의 양을 30분 단위로 점검하며 최대 제거율을 보이는 최적의 압력 조건을 찾아 공정을 운전하였습니다.\n\n공정 운전 과정에서 분리막의 상태나 고무링의 접촉 불량 등을 수시로 점검하였습니다. 리크 테스트를 통해 파괴된 막을 찾아 에폭시로 리크를 복구하거나, 고무링을 적시에 교체하는 등 문제 발생에 대처하는 방법을 터득하였습니다. 공정을 운전한 경험으로 체득한 지식과 경험은 공정기술 직무를 수행하는 데 있어 큰 도움이 될것이라고 생각합니다.",
                "class": "문제해결능력이 뛰어난,고도의 책임감을 가진"
            }
        ]
    }
}