{
    "meta": {
        "text_raw": "\"차별화된 제품을 전달\"\n\n차별화된 제품을 현장에서 직접 전달하기 위해 지원하게 되었습니다. 코리아세븐은 1인 가구가 증가하고 있는 트렌드에 맞춰 편의점 간편식 PB 제품을 꾸준히 개발하고 있습니다. 또한 '한 끼 밥심 마니또' 이벤트를 진행하여 주변 지인들에게 밥 한 끼를 선물하고 안부를 전할 기회를 마련하였습니다. 이처럼 현장에서 코리아세븐만의 PB 제품을 고객에게 전달하고 각종 새로운 이벤트를 개최하여 매출상승에 기여하겠습니다. 이를 위해 고객의 니즈를 파악하는 능력이 중요합니다.\n\n디자이너 브랜드 인턴 경험을 통해 고객 니즈 파악하는 능력을 길렀습니다. 매장에서 매출 높은 옷을 분석한 뒤, 고객의 니즈를 파악했습니다. 여름 시즌이었기 때문에 밝은색을 찾는 고객이 많았지만, 해당 제품은 밝은색 제품이 없었습니다. 대표님께 밝은 컬러를 추가하자는 제안을 드렸고, 밝은 컬러를 찾는 고객에게 큰 호응을 얻어 매출이 상승하였습니다. 현장에서 고객의 소리를 듣는 사원이 되겠습니다."
    },
    "anno_text_data": {
        "data": [
            {
                "index": 0,
                "raw": "\"차별화된 제품을 전달\"\n\n차별화된 제품을 현장에서 직접 전달하기 위해 지원하게 되었습니다. 코리아세븐은 1인 가구가 증가하고 있는 트렌드에 맞춰 편의점 간편식 PB 제품을 꾸준히 개발하고 있습니다. 또한 '한 끼 밥심 마니또' 이벤트를 진행하여 주변 지인들에게 밥 한 끼를 선물하고 안부를 전할 기회를 마련하였습니다. 이처럼 현장에서 코리아세븐만의 PB 제품을 고객에게 전달하고 각종 새로운 이벤트를 개최하여 매출상승에 기여하겠습니다. 이를 위해 고객의 니즈를 파악하는 능력이 중요합니다.\n\n디자이너 브랜드 인턴 경험을 통해 고객 니즈 파악하는 능력을 길렀습니다. 매장에서 매출 높은 옷을 분석한 뒤, 고객의 니즈를 파악했습니다. 여름 시즌이었기 때문에 밝은색을 찾는 고객이 많았지만, 해당 제품은 밝은색 제품이 없었습니다. 대표님께 밝은 컬러를 추가하자는 제안을 드렸고, 밝은 컬러를 찾는 고객에게 큰 호응을 얻어 매출이 상승하였습니다. 현장에서 고객의 소리를 듣는 사원이 되겠습니다.",
                "class": "다양한 의견을 수렴하는,비전을 제시하는,적극적인"
            }
        ]
    }
}