{
    "meta": {
        "text_raw": "\"전통적인 영상처리 및 컴퓨터비전 지식\"\n\n학부 시절 ICT 공모전에 참가하여 라즈베리 파이를 이용한 증강현실 RC카 프로젝트를 진행했습니다. 주로 OpenCV를 이용한 객체인식과 주행평가 로직 개발을 담당하며 입력 영상의 전처리 과정부터 객체인식의 전통적인 지식을 습득했습니다.\n\n카메라 모듈을 포함한 하드웨어를 다루며 객체인식을 개발하는 것이 익숙하지 않았지만, 최대한 많은 시간을 들여 하드웨어를 이해하고 오픈소스를 분석하여 기술을 파악했습니다. Hough transform과 Contour를 이용한 차선, 신호등 및 표지판 객체인식을 구현하고 센서값을 매핑하여 주행평가 로직을 구현했습니다.\n\n공모전에서 동상, 학술대회에서 은상을 받으며 프로젝트를 마쳤습니다. 영상인식 AI를 개발할때 전통적인 이론 이해를 바탕으로 더 체계적이고 유연하게 플랫폼을 개발할 자신이 있습니다.\n\n\n\"성능향상을 위한 AI 모델링 기술\"\n\n높은 성능의 AI모델을 만드는 역량이 AI SW개발직무에서 가장 중요하다고 생각합니다. 실시간 랭킹보드에서 모델 순위를 경쟁하는 대회에 참가하며 높은 성능을 위한 AI 모델링 능력을 키웠습니다.\n\n불균형라벨과 노이즈가 섞인 쇼핑 리뷰 이미지와 카테고리 텍스트 데이터셋을 이용한 분류과제를 수행했습니다. 불완전한 데이터셋을 알고리즘적 접근으로만 해결하는 조건이 어려웠으므로 다양한 논문을 읽고 필요한 기술을 조합하며 단계적으로 문제를 해결하기로 계획했습니다.\n\nOversampling으로 데이터 불균형을 완화하고, Label smoothing loss 계산으로 노이즈 데이터 일반화를 억제했습니다. 이후 완전히 정제된 데이터셋 구축을 목적으로 Self-Training을 활용하고, Ensemble 기법으로 성능을 끌어올렸습니다.\n\n베이스라인 F1-score를 0.46에서 0.87로 개선한 모델을 만들며 대회에서 2위를 차지했습니다. 습득한 AI 모델 성능향상 역량을 이용하여 생산기술연구원에서 높은 성능으로 최적화된 AI 플랫폼 개발에 힘쓰겠습니다."
    },
    "anno_text_data": {
        "data": [
            {
                "index": 0,
                "raw": "\"전통적인 영상처리 및 컴퓨터비전 지식\"\n\n학부 시절 ICT 공모전에 참가하여 라즈베리 파이를 이용한 증강현실 RC카 프로젝트를 진행했습니다. 주로 OpenCV를 이용한 객체인식과 주행평가 로직 개발을 담당하며 입력 영상의 전처리 과정부터 객체인식의 전통적인 지식을 습득했습니다.\n\n카메라 모듈을 포함한 하드웨어를 다루며 객체인식을 개발하는 것이 익숙하지 않았지만, 최대한 많은 시간을 들여 하드웨어를 이해하고 오픈소스를 분석하여 기술을 파악했습니다. Hough transform과 Contour를 이용한 차선, 신호등 및 표지판 객체인식을 구현하고 센서값을 매핑하여 주행평가 로직을 구현했습니다.\n\n공모전에서 동상, 학술대회에서 은상을 받으며 프로젝트를 마쳤습니다. 영상인식 AI를 개발할때 전통적인 이론 이해를 바탕으로 더 체계적이고 유연하게 플랫폼을 개발할 자신이 있습니다.",
                "class": "지속적인 성장을 추구하는,적극적인,긍정적인 태도를 갖춘"
            },
            {
                "index": 1,
                "raw": "\"성능향상을 위한 AI 모델링 기술\"\n\n높은 성능의 AI모델을 만드는 역량이 AI SW개발직무에서 가장 중요하다고 생각합니다. 실시간 랭킹보드에서 모델 순위를 경쟁하는 대회에 참가하며 높은 성능을 위한 AI 모델링 능력을 키웠습니다.\n\n불균형라벨과 노이즈가 섞인 쇼핑 리뷰 이미지와 카테고리 텍스트 데이터셋을 이용한 분류과제를 수행했습니다. 불완전한 데이터셋을 알고리즘적 접근으로만 해결하는 조건이 어려웠으므로 다양한 논문을 읽고 필요한 기술을 조합하며 단계적으로 문제를 해결하기로 계획했습니다.\n\nOversampling으로 데이터 불균형을 완화하고, Label smoothing loss 계산으로 노이즈 데이터 일반화를 억제했습니다. 이후 완전히 정제된 데이터셋 구축을 목적으로 Self-Training을 활용하고, Ensemble 기법으로 성능을 끌어올렸습니다.\n\n베이스라인 F1-score를 0.46에서 0.87로 개선한 모델을 만들며 대회에서 2위를 차지했습니다. 습득한 AI 모델 성능향상 역량을 이용하여 생산기술연구원에서 높은 성능으로 최적화된 AI 플랫폼 개발에 힘쓰겠습니다.",
                "class": "데이터 기반의 의사결정을 하는,문제해결능력이 뛰어난"
            }
        ]
    }
}