{
    "meta": {
        "text_raw": "\"미국 뉴욕주립대학 연구진들의 딥페이크 식별 연구\"\n\n최근 미국 뉴욕주립대학 연구진들이 눈동자를 이용하여 딥페이크를 판별할 수 있다는 연구결과를 발표했습니다. 눈동자에 반사된 빛을 분석하여 가짜 영상을 가려내는 방식으로 개발된 툴은 94%의 정확도로 딥페이크 영상을 식별할수 있다고 밝혔습니다. 이러한 솔루션은 잘못된 정보에 대해 시민들을 보호하기 위한 일환으로 긍정적인 연구분야라고 생각합니다.\n\n딥페이크는 영화, 게임, 쇼핑 등 다양한 분야에서 사용될 수 있는 산업적 활용가치가 높은 기술입니다. 딥페이크 기반 기술인 GAN을 처리할 수 있는 NPU 기술 역시 점점 고도화됨에 따라 다양한 종류의 애플리케이션과 서비스에 대한 개발 전망이 밝습니다.\n\n하지만 현재 이런 활용 가치와는 반대로 디지털 성범죄, 정치적 선동을 넘어 기업이미지에 피해를 주는 경우에 딥페이크가 사용되고 있습니다. 딥페이크를 이용한 범죄는 고도화된 IT 기술에 비해서 올바른 사회적 가치관이 정립되지 못해 발생한 문화지체현상의 일종입니다. 일반적인 문화 지체현상은 정책적 대안이나 인식개선운동으로 해결할 수 있지만 딥페이크의 경우는 해당 피해에 대응할 기술적 준비가 병행되어야 한다고 생각합니다.\n\nAI와 NPU 사업에 주력하고 있는 삼성전자는 이미 사진 한 장으로 딥페이크를 만드는 기술을 구현한적이 있습니다. 이러한 높은 기술 구현력과 인프라를 바탕으로 한다면 딥페이크에 대한 판별 솔루션을 구현하는 것 역시 가능할 것으로 보입니다. 삼성전자와 같은 1위 기업에서 먼저 딥페이크 기술을 적극 활용한 서비스를 제공하는 동시에 위협요인에 대한 솔루션 연구를 병행한다면 분명 현재보다 더 나은 방향으로 딥페이크가 활용됨은 물론 기업의 이윤추구에도 도움이 될 것으로 생각합니다."
    },
    "anno_text_data": {
        "data": [
            {
                "index": 0,
                "raw": "\"미국 뉴욕주립대학 연구진들의 딥페이크 식별 연구\"\n\n최근 미국 뉴욕주립대학 연구진들이 눈동자를 이용하여 딥페이크를 판별할 수 있다는 연구결과를 발표했습니다. 눈동자에 반사된 빛을 분석하여 가짜 영상을 가려내는 방식으로 개발된 툴은 94%의 정확도로 딥페이크 영상을 식별할수 있다고 밝혔습니다. 이러한 솔루션은 잘못된 정보에 대해 시민들을 보호하기 위한 일환으로 긍정적인 연구분야라고 생각합니다.\n\n딥페이크는 영화, 게임, 쇼핑 등 다양한 분야에서 사용될 수 있는 산업적 활용가치가 높은 기술입니다. 딥페이크 기반 기술인 GAN을 처리할 수 있는 NPU 기술 역시 점점 고도화됨에 따라 다양한 종류의 애플리케이션과 서비스에 대한 개발 전망이 밝습니다.\n\n하지만 현재 이런 활용 가치와는 반대로 디지털 성범죄, 정치적 선동을 넘어 기업이미지에 피해를 주는 경우에 딥페이크가 사용되고 있습니다. 딥페이크를 이용한 범죄는 고도화된 IT 기술에 비해서 올바른 사회적 가치관이 정립되지 못해 발생한 문화지체현상의 일종입니다. 일반적인 문화 지체현상은 정책적 대안이나 인식개선운동으로 해결할 수 있지만 딥페이크의 경우는 해당 피해에 대응할 기술적 준비가 병행되어야 한다고 생각합니다.\n\nAI와 NPU 사업에 주력하고 있는 삼성전자는 이미 사진 한 장으로 딥페이크를 만드는 기술을 구현한적이 있습니다. 이러한 높은 기술 구현력과 인프라를 바탕으로 한다면 딥페이크에 대한 판별 솔루션을 구현하는 것 역시 가능할 것으로 보입니다. 삼성전자와 같은 1위 기업에서 먼저 딥페이크 기술을 적극 활용한 서비스를 제공하는 동시에 위협요인에 대한 솔루션 연구를 병행한다면 분명 현재보다 더 나은 방향으로 딥페이크가 활용됨은 물론 기업의 이윤추구에도 도움이 될 것으로 생각합니다.",
                "class": "데이터 기반의 의사결정을 하는,비전을 제시하는,비즈니스 마인드를 갖춘"
            }
        ]
    }
}