{
    "meta": {
        "text_raw": "입사 후 신입 사원일 때 새로운 제품이 출시되면 직접 경험해보고 피드백을 적겠습니다. 해당 제품의 강조 해야 하는 맛은 무엇이며, 어떤 고객을 위해 주로 판매가 되면 좋을지 고민하여 가맹점 점주님께 전달하도록 하겠습니다. 정확하게 제품의 특징을 점주님께 전달함으로써 소비자에게 제품의 가치를 잘 전달할 수 있기 때문입니다. 또한 직영점의 사원으로 6개월 동안 일할 시 전체적인 점포 관리 및 고객 관리를 통해 인사이트를 얻겠습니다. 현장에서 소비자의 의견을 직접 전해 듣고 필요한 프로모션을 제안하고 진행할 것입니다.\n\n마지막으로 현장에서 닦은 영업관리 노하우를 바탕으로 상품을 직접 구성하는 코리아세븐의 MD로 발전하고 싶습니다. 우수한 상품을 소싱하기 전에 유통 시장 트렌드를 분석하고 소비자의 니즈를 파악하는 것이 중요합니다. 현장에서 일궈낸 경험으로 적합한 상품을 발굴하고 소싱할 수 있으므로 MD로서 발전할 수 있다고 생각합니다. 이를 위해 상품개발을 염두해둔 영업 관리를 하겠습니다."
    },
    "anno_text_data": {
        "data": [
            {
                "index": 0,
                "raw": "입사 후 신입 사원일 때 새로운 제품이 출시되면 직접 경험해보고 피드백을 적겠습니다. 해당 제품의 강조 해야 하는 맛은 무엇이며, 어떤 고객을 위해 주로 판매가 되면 좋을지 고민하여 가맹점 점주님께 전달하도록 하겠습니다. 정확하게 제품의 특징을 점주님께 전달함으로써 소비자에게 제품의 가치를 잘 전달할 수 있기 때문입니다. 또한 직영점의 사원으로 6개월 동안 일할 시 전체적인 점포 관리 및 고객 관리를 통해 인사이트를 얻겠습니다. 현장에서 소비자의 의견을 직접 전해 듣고 필요한 프로모션을 제안하고 진행할 것입니다.\n\n마지막으로 현장에서 닦은 영업관리 노하우를 바탕으로 상품을 직접 구성하는 코리아세븐의 MD로 발전하고 싶습니다. 우수한 상품을 소싱하기 전에 유통 시장 트렌드를 분석하고 소비자의 니즈를 파악하는 것이 중요합니다. 현장에서 일궈낸 경험으로 적합한 상품을 발굴하고 소싱할 수 있으므로 MD로서 발전할 수 있다고 생각합니다. 이를 위해 상품개발을 염두해둔 영업 관리를 하겠습니다.",
                "class": "데이터 기반의 의사결정을 하는,다양한 의견을 수렴하는,적극적인"
            }
        ]
    }
}