{
    "meta": {
        "text_raw": "\"적극적인 사회성을 위한 노력\"\n\n내성적인 성격으로 인해 사회성이 부족하다는 것을 약점으로 가지고 있었습니다. 부족한 사회성은 함께 협업하고 정보를 공유를 통해 성장하는 개발자로서 가장 좋지 못한 자세라고 생각했기 때문에 변화의 필요성을 느꼈습니다. 총 세 가지의 활동을 진행하며 적극적인 사회성을 가진 사람이 되기 위해 노력했습니다.\n\n첫 번째로 최대한 많은 실습조교 활동에 참여하며 코드에 대한 질의응답과 트러블슈팅을 진행했습니다. 많은 사람과 대화하며 인맥을 늘릴수 있었고 청자에게 효율적으로 지식을 전달하는 대화능력을 키웠습니다.\n\n두 번째로 여러 공모전에 참여하며 팀원들과 협업하는 능력을 키웠습니다. 다른 업무파트에서 문제가 생기더라도 함께 소통하며 원인을 찾고 서로 도와가며 유기적으로 협력했습니다. 팀워크를 바탕으로 프로젝트를 성공시키며 협업에 대한 자신감을 얻을 수 있었습니다.\n\n마지막으로 개발이 끝나면 항상 구현 내용을 토대로 논문을 작성하고 학술대회에서 발표했습니다. 발표내용에 대해 청중들과 의견을 주고받는 것으로 구현에 대한 다른 접근법이나 성능향상 방법을 고민해 보는 좋은 시간이 됐습니다. 여러 사람과 공유한 지식을 바탕으로 최신연구 동향을 파악하며 한 층 더 성장할 수 있었습니다.\n\n세 가지 활동을 꾸준히 실천한 결과 어느새 적극적으로 사람들과 소통하며 개발자로서 성장하고 있다고 느꼈습니다. 앞으로도 신기술에 적극적으로 대응하며 팀과 함께 성장하는 AI 개발자가 될 수 있도록 적극적인 사회성을 유지해나갈 것입니다."
    },
    "anno_text_data": {
        "data": [
            {
                "index": 0,
                "raw": "\"적극적인 사회성을 위한 노력\"\n\n내성적인 성격으로 인해 사회성이 부족하다는 것을 약점으로 가지고 있었습니다. 부족한 사회성은 함께 협업하고 정보를 공유를 통해 성장하는 개발자로서 가장 좋지 못한 자세라고 생각했기 때문에 변화의 필요성을 느꼈습니다. 총 세 가지의 활동을 진행하며 적극적인 사회성을 가진 사람이 되기 위해 노력했습니다.\n\n첫 번째로 최대한 많은 실습조교 활동에 참여하며 코드에 대한 질의응답과 트러블슈팅을 진행했습니다. 많은 사람과 대화하며 인맥을 늘릴수 있었고 청자에게 효율적으로 지식을 전달하는 대화능력을 키웠습니다.\n\n두 번째로 여러 공모전에 참여하며 팀원들과 협업하는 능력을 키웠습니다. 다른 업무파트에서 문제가 생기더라도 함께 소통하며 원인을 찾고 서로 도와가며 유기적으로 협력했습니다. 팀워크를 바탕으로 프로젝트를 성공시키며 협업에 대한 자신감을 얻을 수 있었습니다.\n\n마지막으로 개발이 끝나면 항상 구현 내용을 토대로 논문을 작성하고 학술대회에서 발표했습니다. 발표내용에 대해 청중들과 의견을 주고받는 것으로 구현에 대한 다른 접근법이나 성능향상 방법을 고민해 보는 좋은 시간이 됐습니다. 여러 사람과 공유한 지식을 바탕으로 최신연구 동향을 파악하며 한 층 더 성장할 수 있었습니다.",
                "class": "탄탄한 의사소통 능력을 가진,지속적인 성장을 추구하는,적극적인"
            }
        ]
    }
}