{
    "meta": {
        "text_raw": "장교로 군복무를 하였으며, 특히 인사장교로서 6백여 명의 부대 병력을 관리하고 상급 부대와 연계된 인사제도 운용으로 작전지속지원을 수행했습니다. 특히, 제가 기획한 단결 활동으로 부대원들이 화합하고 이후에도 밝은 분위기로 업무를 하는 모습을 보며 '지원'의 가치에 매료되었습니다.\n\nNH선물은 '성장하는 기업'이라는 비전 아래 사업부문뿐 아니라 건전한 조직문화 육성 등 경영지원 부문에서도 구체적인 실천전략을 세우고 있습니다. 지원의 가치를 중요시하는 NH선물의 경영전략과 저의 업무 성향과 동일하다고 생각해 지원을 결심했습니다.\n\n군 생활 동안 다양한 부대의 실무자들과 업무를 협조하고 조정하며 기른 대인관계 능력과 소통능력으로 조직에 빠르게 적응하고 직원들의 업무를 지원하는 경영기획팀의 일원이 되겠습니다. 또한, 각종 행사를 진행하며 쌓은 기획력을 바탕으로 향후 업무지원과 관련된 분야를 직접 기획하여 창의적인 경영지원업무를 진행하겠습니다."
    },
    "anno_text_data": {
        "data": [
            {
                "index": 0,
                "raw": "장교로 군복무를 하였으며, 특히 인사장교로서 6백여 명의 부대 병력을 관리하고 상급 부대와 연계된 인사제도 운용으로 작전지속지원을 수행했습니다. 특히, 제가 기획한 단결 활동으로 부대원들이 화합하고 이후에도 밝은 분위기로 업무를 하는 모습을 보며 '지원'의 가치에 매료되었습니다.",
                "class": "탄탄한 의사소통 능력을 가진"
            },
            {
                "index": 1,
                "raw": "NH선물은 '성장하는 기업'이라는 비전 아래 사업부문뿐 아니라 건전한 조직문화 육성 등 경영지원 부문에서도 구체적인 실천전략을 세우고 있습니다. 지원의 가치를 중요시하는 NH선물의 경영전략과 저의 업무 성향과 동일하다고 생각해 지원을 결심했습니다.",
                "class": "지속적인 성장을 추구하는,비전을 제시하는,목표를 달성하는 능력을 갖춘"
            },
            {
                "index": 2,
                "raw": "군 생활 동안 다양한 부대의 실무자들과 업무를 협조하고 조정하며 기른 대인관계 능력과 소통능력으로 조직에 빠르게 적응하고 직원들의 업무를 지원하는 경영기획팀의 일원이 되겠습니다. 또한, 각종 행사를 진행하며 쌓은 기획력을 바탕으로 향후 업무지원과 관련된 분야를 직접 기획하여 창의적인 경영지원업무를 진행하겠습니다.",
                "class": "창의력을 가진,탄탄한 의사소통 능력을 가진,적응력이 높은,적극적인"
            }
        ]
    }
}