{
    "meta": {
        "text_raw": "\"AI모델링 역량\"\n\n높은 성능의 AI모델을 만드는 역량이 Vision AI 직무에서 가장 중요하다고 생각합니다. 실시간 랭킹보드에서 모델 순위를 경쟁하는 대회에 참가하며 AI 모델링 능력을 키웠습니다.\n\n대회에서 3위 이내 수상을 목표로 세우고 Image classification 부문에 도전했습니다. 예선에서는 모델 설계 및 구현의 방향성을 잘못 잡는 실수로 인해 하위권 성적으로 본선에 겨우 진출하는 수준이었습니다. 하지만 포기하지 않고 지난 실수를 기회로 삼아 도전을 이어나갔습니다.\n\n본선에서는 철저한 분석으로 주어진 데이터셋이 Imperfect하다는 이슈를 발견하고 이를 해결하는 방향으로 설계를 진행했습니다. 모델 학습에 Oversampling을 적용하여 데이터 불균형은 완화하고 Label smoothing loss를 적용하여 노이즈 데이터 일반화 현상을 억제했습니다. 이후 Self-Training을 활용하여 노이즈 데이터를 Pseudo labeling 하는 방식으로 완전히 정제된 데이터셋을 구축했습니다. 추가적인 성능향상 전략으로 데이터셋에 적합한 Augmentation 방식을 찾아 적용하고 다양한 하이퍼파라미터 튜닝을 거친 Ensemble 모델을 만들었습니다.\n\n최초 베이스라인 F1-score를 0.46에서 0.87까지 개선시킨 모델을 만들며 대회에서 2위를 차지했습니다. AI 모델링 성능향상에 대한 여러 기술적 역량을 습득했고 개발에 대한 자신감을 얻었습니다. 직무를 수행할 때도 영상인식 개발 이슈를 빠르게 찾아내 해결하며 최적의 성능을 내는 솔루션 구현에 성과를 낼 자신이 있습니다."
    },
    "anno_text_data": {
        "data": [
            {
                "index": 0,
                "raw": "\"AI모델링 역량\"\n\n높은 성능의 AI모델을 만드는 역량이 Vision AI 직무에서 가장 중요하다고 생각합니다. 실시간 랭킹보드에서 모델 순위를 경쟁하는 대회에 참가하며 AI 모델링 능력을 키웠습니다.\n\n대회에서 3위 이내 수상을 목표로 세우고 Image classification 부문에 도전했습니다. 예선에서는 모델 설계 및 구현의 방향성을 잘못 잡는 실수로 인해 하위권 성적으로 본선에 겨우 진출하는 수준이었습니다. 하지만 포기하지 않고 지난 실수를 기회로 삼아 도전을 이어나갔습니다.\n\n본선에서는 철저한 분석으로 주어진 데이터셋이 Imperfect하다는 이슈를 발견하고 이를 해결하는 방향으로 설계를 진행했습니다. 모델 학습에 Oversampling을 적용하여 데이터 불균형은 완화하고 Label smoothing loss를 적용하여 노이즈 데이터 일반화 현상을 억제했습니다. 이후 Self-Training을 활용하여 노이즈 데이터를 Pseudo labeling 하는 방식으로 완전히 정제된 데이터셋을 구축했습니다. 추가적인 성능향상 전략으로 데이터셋에 적합한 Augmentation 방식을 찾아 적용하고 다양한 하이퍼파라미터 튜닝을 거친 Ensemble 모델을 만들었습니다.\n\n최초 베이스라인 F1-score를 0.46에서 0.87까지 개선시킨 모델을 만들며 대회에서 2위를 차지했습니다. AI 모델링 성능향상에 대한 여러 기술적 역량을 습득했고 개발에 대한 자신감을 얻었습니다. 직무를 수행할 때도 영상인식 개발 이슈를 빠르게 찾아내 해결하며 최적의 성능을 내는 솔루션 구현에 성과를 낼 자신이 있습니다.",
                "class": "문제해결능력이 뛰어난,적극적인,목표를 달성하는 능력을 갖춘"
            }
        ]
    }
}