{
    "meta": {
        "text_raw": "\"창조적인 도전정신\"\n\n제 자신의 단점을 극복할 때도 그렇고 학교를 졸업하면서 개발만 아는 학생인 아닌 인프라, 클라우드, 빅데이터 와 같은 분야를 같이 공부하였습니다. 저는 항상 '창조적으로 도전' 하는 삶을 살았습니다. 이는 웹젠의 비전과 성공할수 있었던 이유와 유사하다고 생각합니다. 과거 웹젠은 퍼블리싱 권한을 팔아 로열티 수익을 올리던 방식을 벗어나, 그래픽-상표-캐릭터-유통 등 게임IP를 일정 부분 양도하는 창조적인 방법을 통해 해외에서 새로우 돌파구를 찾았습니다. 남들이 하는 방식 그리고 항상해오던 방법에 안주하지않고 다양한 방법으로 국내외 진출을 모색하여 성공하는 모습을 보며 웹젠과 함께 하고 싶었습니다.\n\n이번에 지원 준비하면서 지역 청소년들을 위한 소프트웨어 교육 교실을 조성 하고, 코딩 및 소프트웨어 교육 프로그램을 운영하며 청소년들에게 여러 소프트웨어 체험 활동의 기회를 제공한다는 사실을 알았습니다. 저 또한 과거 학교에서 무료로 Java100시간 교육과 한국데이터진흥원에서 데이터분석 분야로 무료로 교육을 받으며 성장할 수 있었다. 제가 과거 받았던 혜택들을 웹젠과 함께 나누며 제 능력을 사회공헌하고 싶습니다.\n\n웹젠은 대한민국을 대표하는 게임회사이며 다양한 게임을 서비스 하고 있습니다. 아직은 부족한 점이 있지만 전산병 경험과 인턴을 하며 배운 인프라와 클라우드 경험을 토대로 대규모 인프라를 안정적이며 성공적으로 이끌어 나가겠습니다."
    },
    "anno_text_data": {
        "data": [
            {
                "index": 0,
                "raw": "\"창조적인 도전정신\"\n\n제 자신의 단점을 극복할 때도 그렇고 학교를 졸업하면서 개발만 아는 학생인 아닌 인프라, 클라우드, 빅데이터 와 같은 분야를 같이 공부하였습니다. 저는 항상 '창조적으로 도전' 하는 삶을 살았습니다. 이는 웹젠의 비전과 성공할수 있었던 이유와 유사하다고 생각합니다. 과거 웹젠은 퍼블리싱 권한을 팔아 로열티 수익을 올리던 방식을 벗어나, 그래픽-상표-캐릭터-유통 등 게임IP를 일정 부분 양도하는 창조적인 방법을 통해 해외에서 새로우 돌파구를 찾았습니다. 남들이 하는 방식 그리고 항상해오던 방법에 안주하지않고 다양한 방법으로 국내외 진출을 모색하여 성공하는 모습을 보며 웹젠과 함께 하고 싶었습니다.\n\n이번에 지원 준비하면서 지역 청소년들을 위한 소프트웨어 교육 교실을 조성 하고, 코딩 및 소프트웨어 교육 프로그램을 운영하며 청소년들에게 여러 소프트웨어 체험 활동의 기회를 제공한다는 사실을 알았습니다. 저 또한 과거 학교에서 무료로 Java100시간 교육과 한국데이터진흥원에서 데이터분석 분야로 무료로 교육을 받으며 성장할 수 있었다. 제가 과거 받았던 혜택들을 웹젠과 함께 나누며 제 능력을 사회공헌하고 싶습니다.\n\n웹젠은 대한민국을 대표하는 게임회사이며 다양한 게임을 서비스 하고 있습니다. 아직은 부족한 점이 있지만 전산병 경험과 인턴을 하며 배운 인프라와 클라우드 경험을 토대로 대규모 인프라를 안정적이며 성공적으로 이끌어 나가겠습니다.",
                "class": "선한 영향력을 행사하는,비전을 제시하는,고도의 자기주도성을 가진"
            }
        ]
    }
}