{
    "meta": {
        "text_raw": "\"세븐일레븐 대구현풍원룸점 5월 4일 11시 방문\"\n\n근처 PC방과 원룸이 많기 때문에 주 타켓층은 1인 가구와 청소년입니다. 그에 맞는 간편식 제품, 햄버거 제품이 판매가 잘 되는 것 같습니다. 공간은 아주 협소하며, 매대 높이도 다른 점포보다 훨씬 낮습니다. 작은데 물품은 가득 차있어서 조금 답답한 느낌을 주는 점포였습니다. 직원분은 40대 여성분이었는데 어머니처럼 친절하게 잘 대해주셨습니다.\n\n\"당근마켓과의 협업을 통한 중고거래\"\n\n편의점에 대한 아이디어를 하나 제시하겠습니다. 당근마켓으로 중고거래의 비중이 높아지고 있습니다. 하지만 판매자와 구매자가 시간을 약속하고 대면으로 만나야 거래가 이루어진다는 점에서 불편함이 있습니다. 그래서 편의점을 이용하여 판매자가 물건을 편의점에 맡기면 구매자는 원하는 시간대에 찾아와서 결제해야 가져가는 방안을 생각해 봤습니다. 결과적으로 시간대를 자율적으로 이용할 수 있고, 상품의 손실 또한 막을 수 있다고 생각합니다."
    },
    "anno_text_data": {
        "data": [
            {
                "index": 0,
                "raw": "\"세븐일레븐 대구현풍원룸점 5월 4일 11시 방문\"\n\n근처 PC방과 원룸이 많기 때문에 주 타켓층은 1인 가구와 청소년입니다. 그에 맞는 간편식 제품, 햄버거 제품이 판매가 잘 되는 것 같습니다. 공간은 아주 협소하며, 매대 높이도 다른 점포보다 훨씬 낮습니다. 작은데 물품은 가득 차있어서 조금 답답한 느낌을 주는 점포였습니다. 직원분은 40대 여성분이었는데 어머니처럼 친절하게 잘 대해주셨습니다.",
                "class": "데이터 기반의 의사결정을 하는"
            },
            {
                "index": 1,
                "raw": "\"당근마켓과의 협업을 통한 중고거래\"\n\n편의점에 대한 아이디어를 하나 제시하겠습니다. 당근마켓으로 중고거래의 비중이 높아지고 있습니다. 하지만 판매자와 구매자가 시간을 약속하고 대면으로 만나야 거래가 이루어진다는 점에서 불편함이 있습니다. 그래서 편의점을 이용하여 판매자가 물건을 편의점에 맡기면 구매자는 원하는 시간대에 찾아와서 결제해야 가져가는 방안을 생각해 봤습니다. 결과적으로 시간대를 자율적으로 이용할 수 있고, 상품의 손실 또한 막을 수 있다고 생각합니다.",
                "class": "문제해결능력이 뛰어난,창의력을 가진,비전을 제시하는"
            }
        ]
    }
}