{
    "meta": {
        "text_raw": "대학교 시절, 학생회 인사팀장을 맡아 국내·외 답사 등 다양한 행사를 기획했습니다. 그중 난관에 부딪혀 불투명했던 해외 탐방을 성공적으로 진행한 경험이 있습니다. 모두가 새로운 탐방지를 모색하기로 뜻을 모았으나, 장소를 결정하는 데서 의견 차이가 발생했습니다. 일부 학생들이 예산을 초과해서라도 유럽 탐방을 희망했기 때문입니다. \n\n추가 예산 배정은 제한되는 상황에서 예산 초과는 곧 학생들의 자비 부담을 의미했습니다. 저는 유럽을 희망하는 인원을 일일이 찾아가 왜 유럽이어야 하는지 물어봤고, 대부분 유럽이라는 '장소'보다는 유럽 속 자유 배낭여행이라는 '활동'에 관심이 있다는 것을 알 수 있었습니다. 대화 내용을 바탕으로 예산을 고려해 대만을 탐방지로 하되, 주요 관광지 방문을 제외하고는 학생들이 원하는 자유 여행을 할 수 있도록 새 일정을 기획하였습니다. 그 결과, 모두가 만족스러운 해외 탐방을 한 것은 물론 후에도 끈끈한 유대감을 유지할 수 있었습니다."
    },
    "anno_text_data": {
        "data": [
            {
                "index": 0,
                "raw": "대학교 시절, 학생회 인사팀장을 맡아 국내·외 답사 등 다양한 행사를 기획했습니다. 그중 난관에 부딪혀 불투명했던 해외 탐방을 성공적으로 진행한 경험이 있습니다. 모두가 새로운 탐방지를 모색하기로 뜻을 모았으나, 장소를 결정하는 데서 의견 차이가 발생했습니다. 일부 학생들이 예산을 초과해서라도 유럽 탐방을 희망했기 때문입니다. \n\n추가 예산 배정은 제한되는 상황에서 예산 초과는 곧 학생들의 자비 부담을 의미했습니다. 저는 유럽을 희망하는 인원을 일일이 찾아가 왜 유럽이어야 하는지 물어봤고, 대부분 유럽이라는 '장소'보다는 유럽 속 자유 배낭여행이라는 '활동'에 관심이 있다는 것을 알 수 있었습니다. 대화 내용을 바탕으로 예산을 고려해 대만을 탐방지로 하되, 주요 관광지 방문을 제외하고는 학생들이 원하는 자유 여행을 할 수 있도록 새 일정을 기획하였습니다. 그 결과, 모두가 만족스러운 해외 탐방을 한 것은 물론 후에도 끈끈한 유대감을 유지할 수 있었습니다.",
                "class": "유연한 사고를 가진,문제해결능력이 뛰어난,탄탄한 의사소통 능력을 가진"
            }
        ]
    }
}