{
    "meta": {
        "text_raw": "\"Vision AI의 전문가를 향하여\"\n\n롯데정보통신은 4차 산업혁명시대에 맞춰 AI를 연구하고 다양한 도메인에 이를 적용하여 고객만족과 회사발전에 힘쓰고 있습니다. 뛰어난 자체 기술력을 토대로 DT의 선도 기업으로 나아가는 롯데정보통신의 무한한 성장 가능성을 보고 지원했습니다.\n\n딥러닝과 컴퓨터비전을 이용한 Vision AI기술은 제품에 다양한 서비스를 제공할 수 있는 응용력이 뛰어난 분야입니다. 학부 시절 인간 시각의 인식률을 초월한 ResNet의 등장소식을 접하면서 Vision AI에 관심을 가졌습니다. 현재보다 더 고도화된 미래 IT 시대가 도래했을 때 이러한 기술을 단순히 이용하는 사람이 아니라 주체적인 구현을 통하여 혁신적인 사회 가치를 이끄는 사람이 되고 싶습니다.\n\n학업동안 주로 Object detection/recognition/tracking 등 컴퓨터비전 알고리즘을 활용한 산학 연구와 공모전 프로젝트를 통해 실력을 쌓았습니다. 산학 연구가 없던 기간에도 쉬지 않고 꾸준한 자기개발을 위해 교수님의 소개를 받은 회사에서 프리랜서 개발자로 활동하며 실무지식을 배웠습니다. 다양한 경험 덕분에 프로젝트 협업의 자세와 영상처리 이슈를 논리적으로 접근하고 기반기술을 통해 플랫폼을 구현하는 능력을 길렀습니다.\n\n쌓아온 역량을 바탕으로 항상 최신 Vision AI 기술에 주목하여 급변하는 환경에 대처하고 개선이 필요한 이슈를 찾아 성능 향상과 최적화에 이바지하고 싶습니다. 개발 흐름의 주체가 되어 Vision AI의 솔루션 설계와 구현을 선도하는 전문가로 거듭나겠습니다."
    },
    "anno_text_data": {
        "data": [
            {
                "index": 0,
                "raw": "\"Vision AI의 전문가를 향하여\"\n\n롯데정보통신은 4차 산업혁명시대에 맞춰 AI를 연구하고 다양한 도메인에 이를 적용하여 고객만족과 회사발전에 힘쓰고 있습니다. 뛰어난 자체 기술력을 토대로 DT의 선도 기업으로 나아가는 롯데정보통신의 무한한 성장 가능성을 보고 지원했습니다.\n\n딥러닝과 컴퓨터비전을 이용한 Vision AI기술은 제품에 다양한 서비스를 제공할 수 있는 응용력이 뛰어난 분야입니다. 학부 시절 인간 시각의 인식률을 초월한 ResNet의 등장소식을 접하면서 Vision AI에 관심을 가졌습니다. 현재보다 더 고도화된 미래 IT 시대가 도래했을 때 이러한 기술을 단순히 이용하는 사람이 아니라 주체적인 구현을 통하여 혁신적인 사회 가치를 이끄는 사람이 되고 싶습니다.\n\n학업동안 주로 Object detection/recognition/tracking 등 컴퓨터비전 알고리즘을 활용한 산학 연구와 공모전 프로젝트를 통해 실력을 쌓았습니다. 산학 연구가 없던 기간에도 쉬지 않고 꾸준한 자기개발을 위해 교수님의 소개를 받은 회사에서 프리랜서 개발자로 활동하며 실무지식을 배웠습니다. 다양한 경험 덕분에 프로젝트 협업의 자세와 영상처리 이슈를 논리적으로 접근하고 기반기술을 통해 플랫폼을 구현하는 능력을 길렀습니다.\n\n쌓아온 역량을 바탕으로 항상 최신 Vision AI 기술에 주목하여 급변하는 환경에 대처하고 개선이 필요한 이슈를 찾아 성능 향상과 최적화에 이바지하고 싶습니다. 개발 흐름의 주체가 되어 Vision AI의 솔루션 설계와 구현을 선도하는 전문가로 거듭나겠습니다.",
                "class": "데이터 기반의 의사결정을 하는,목표를 달성하는 능력을 갖춘"
            }
        ]
    }
}