{
    "meta": {
        "text_raw": "군 복무중 육군 교육사령부에서 제공하는 인사 실무자 직무 향상 교육을 이수하였습니다. 군대의 훈련과 작전을 지원하는데 필요한 군 인사법과 관련된 내용이었지만 인사법을 해석하면서 전체적인 인사시스템의 구조를 이해하고 인사직무에 필요한 역량을 배울 수 있었습니다. 특히, 성과관리와 보상 간의 연계 구조를 이해하면서 올바른 성과 분석과 평가 체계가 공정한 보상시스템으로 이어진다는 것을 습득했습니다. 실제로 성과상여금 평가 시행 간 상급 부대 지침에 맞게 기능별로 성과를 분석하고 상여금등급심사위원회를 구성하면서 배운 지식을 체득했으며, 단 한 건의 이의제기 없는 공정한 평가를 진행했다는 평을 받았습니다.\n\nNH선물의 입사 기회가 주어진다면 교육 내용을 바탕으로 경영지원본부의 업무 지침과 전략을 빠르게 이해하겠습니다. 또한, 급여와 인사이동 등 직원들에게 민감한 사안을 주요 업무로 삼는 직책인 만큼 교육과 실무경험을 통해 배운 올바른 분석능력과 공정성을 주요 가치로 삼아 청렴하고 정확하게 업무를 수행하겠습니다."
    },
    "anno_text_data": {
        "data": [
            {
                "index": 0,
                "raw": "군 복무중 육군 교육사령부에서 제공하는 인사 실무자 직무 향상 교육을 이수하였습니다. 군대의 훈련과 작전을 지원하는데 필요한 군 인사법과 관련된 내용이었지만 인사법을 해석하면서 전체적인 인사시스템의 구조를 이해하고 인사직무에 필요한 역량을 배울 수 있었습니다. 특히, 성과관리와 보상 간의 연계 구조를 이해하면서 올바른 성과 분석과 평가 체계가 공정한 보상시스템으로 이어진다는 것을 습득했습니다. 실제로 성과상여금 평가 시행 간 상급 부대 지침에 맞게 기능별로 성과를 분석하고 상여금등급심사위원회를 구성하면서 배운 지식을 체득했으며, 단 한 건의 이의제기 없는 공정한 평가를 진행했다는 평을 받았습니다.\n\nNH선물의 입사 기회가 주어진다면 교육 내용을 바탕으로 경영지원본부의 업무 지침과 전략을 빠르게 이해하겠습니다. 또한, 급여와 인사이동 등 직원들에게 민감한 사안을 주요 업무로 삼는 직책인 만큼 교육과 실무경험을 통해 배운 올바른 분석능력과 공정성을 주요 가치로 삼아 청렴하고 정확하게 업무를 수행하겠습니다.",
                "class": "신뢰를 주는 리더,지속적인 성장을 추구하는,목표를 달성하는 능력을 갖춘"
            }
        ]
    }
}