{
    "meta": {
        "text_raw": "\"자율주행SW 개발의 주체가 되기 위하여\"\n\n현대엠엔소프트는 차량 인포테인먼트 전문 기업으로써 특히 자율주행용 지도솔루션 분야에서 독보전인 기술력으로 업계를 선도하고 있습니다. 영상인식 기반 자율주행 SW 개발자가 되기 위해 현대엠엔소프트의 선진 기술과 인프라를 이어받아 성장하고 싶습니다.\n\n학부 시절 ResNet의 등장소식을 접하면서 앞으로 딥러닝 기반 영상인식이 인간 시각을 대체할 수 있다는 생각이 들었고 자율주행 SW에 흥미를 갖게 됐습니다. 객체 인식, OCR 및 센서 처리 등 자율주행에 필요한 역량을 공부하기 위하여 프로젝트를 수행하며 실전경험을 쌓고 기술을 배웠습니다.\n\n입사 후 객체인식 및 센서처리를 활용한 융합 기술과 더욱 정밀한 인식을 위한 OCR 기술 등 아직 개선의 여지가 남은 기술에 관해 연구하고 싶습니다. 이를 통해 ADAS를 넘어 5단계 자율주행까지 완성할 수 있도록 SW 기술에 대한 성능향상, 고도화작업에 이바지하는 전문가로 거듭나겠습니다."
    },
    "anno_text_data": {
        "data": [
            {
                "index": 0,
                "raw": "\"자율주행SW 개발의 주체가 되기 위하여\"\n\n현대엠엔소프트는 차량 인포테인먼트 전문 기업으로써 특히 자율주행용 지도솔루션 분야에서 독보전인 기술력으로 업계를 선도하고 있습니다. 영상인식 기반 자율주행 SW 개발자가 되기 위해 현대엠엔소프트의 선진 기술과 인프라를 이어받아 성장하고 싶습니다.\n\n학부 시절 ResNet의 등장소식을 접하면서 앞으로 딥러닝 기반 영상인식이 인간 시각을 대체할 수 있다는 생각이 들었고 자율주행 SW에 흥미를 갖게 됐습니다. 객체 인식, OCR 및 센서 처리 등 자율주행에 필요한 역량을 공부하기 위하여 프로젝트를 수행하며 실전경험을 쌓고 기술을 배웠습니다.\n\n입사 후 객체인식 및 센서처리를 활용한 융합 기술과 더욱 정밀한 인식을 위한 OCR 기술 등 아직 개선의 여지가 남은 기술에 관해 연구하고 싶습니다. 이를 통해 ADAS를 넘어 5단계 자율주행까지 완성할 수 있도록 SW 기술에 대한 성능향상, 고도화작업에 이바지하는 전문가로 거듭나겠습니다.",
                "class": "지속적인 성장을 추구하는,목표를 달성하는 능력을 갖춘,적극적인"
            }
        ]
    }
}