{
    "meta": {
        "text_raw": "\"도전을 망설이던 아이\"\n\n어려서부터 항상 실패에 대한 막연한 두려움이 있었기 때문에 새로운 일보다는 성공 가능해 보이는 일을 주로 계획하고 실천했습니다. 좋지 못한 태도였지만 이러한 계획성 덕분에 학부 시절 높은 학점을 가질 수 있었습니다.\n\n그러던 어느 날 대학 구조개혁으로 인해 재학 중이던 학과가 폐지되고 신설 학과로 편입돼버리는 일이 발생했습니다. 소프트웨어 시스템 위주의 학문만 배웠던 기존 학과와 달리 편입된 곳은 기계나 전자분야가 융합된 신기술까지 함께 다루는 학과였습니다.\n\n신설 학과 특성상 강좌 부족으로 인해 계획에 없던 임베디드 관련 강의를 듣게 됐습니다. 당시 선수 과목 지식이 없었고 새로움을 받아들이는 자세가 부족했기 때문에 강의가 어렵게 느껴졌고 실습 또한 전혀 이해하지 못했습니다. 높은 학점을 가졌던 제게 기대감이 컸던 학과 동기들이 찾아와 강의에 관한 여러 질문을 했지만 아무 대답을 해줄 수 없었습니다.\n\n그렇게 무력감에 빠져서 강의를 거의 포기했을 때, 평소 도전적인 일을 좋아하던 동기가 찾아와 제가 해내지 못한 실습을 도와줬습니다. 실습을 해낸 비결을 물어보니 그 동기는 신기술에 항상 흥미가 있어서 해당 강의 실습을 즐기며 여러 차례 하드웨어 OS를 포맷하고 끈질기게 에러수정을 했더니 어느새 문제가 해결됐다고 했습니다. 그 동기는 항상 특이하고 새로운 강의를 잔뜩 배우느라 좋은 학점을 받지는 못하던 동기였습니다. 그러나 그 보상으로 새로움에 도전하는 정신을 배운 것이라는 생각이 들었고 그 동기를 여태껏 이해 못 했던 제 자신이 부끄러워졌습니다.\n\n\"새로움에 도전하는 열정\"\n\n해당 사건을 계기로 새로움에 도전하는 동기의 영향을 받았습니다. 새로움을 수용하는 자세의 필요성을 느꼈고 그것이 IT 개발자로서 옳은 정신이라는 생각이 들었습니다. 항상 새로움에 도전하는 사람이 되기 위해 학업을 진행하는 동안 총 세 가지의 꾸준한 노력을 했습니다.\n\n첫 번째는 자투리 시간을 활용하여 항상 새로운 IT 정보를 수용했습니다. 매일 아침 통학 중 IT 기사를 읽고 텐서플로우 코리아 페이지의 신기술 소식과 추천 논문을 보며 하루를 시작했습니다.\n\n두 번째는 기회가 될 때마다 다양한 세미나, 전시회에 적극적으로 참가하여 새로운 시야를 넓혔습니다. 오픈소스 컨퍼런스, 신기술 AI 세미나 등에 참가하여 정보를 얻었고 IT 전시회를 둘러보며 신기술에 관한 견문을 넓혔습니다.\n\n마지막은 앞서 실천으로 새로 알게 된 기술들을 직접 구현해보기 위해 다양한 공모전에 도전했습니다. AI, 블록체인, 임베디드 등 다양한 주제로 프로젝트를 진행하며 경진대회, 해커톤 그리고 학술대회 등 공모전 형태를 가리지 않았습니다. 그동안 알게 된 다양한 지식 덕분에 창조적인 아이디어가 풍부해져 여러 공모전에서 수상을 누리며 노력을 확인할 수 있었습니다.\n\n이러한 성장 과정을 거쳐온 제 자신은 어느새 새로움에 도전하는 것을 망설이지 않게 됐다는 것을 느꼈습니다. 앞으로도 끊임없는 열정으로 새로움을 탐구하며 미래에 도전하는 IT 개발자가 될 것입니다."
    },
    "anno_text_data": {
        "data": [
            {
                "index": 0,
                "raw": "\"도전을 망설이던 아이\"\n\n어려서부터 항상 실패에 대한 막연한 두려움이 있었기 때문에 새로운 일보다는 성공 가능해 보이는 일을 주로 계획하고 실천했습니다. 좋지 못한 태도였지만 이러한 계획성 덕분에 학부 시절 높은 학점을 가질 수 있었습니다.\n\n그러던 어느 날 대학 구조개혁으로 인해 재학 중이던 학과가 폐지되고 신설 학과로 편입돼버리는 일이 발생했습니다. 소프트웨어 시스템 위주의 학문만 배웠던 기존 학과와 달리 편입된 곳은 기계나 전자분야가 융합된 신기술까지 함께 다루는 학과였습니다.\n\n신설 학과 특성상 강좌 부족으로 인해 계획에 없던 임베디드 관련 강의를 듣게 됐습니다. 당시 선수 과목 지식이 없었고 새로움을 받아들이는 자세가 부족했기 때문에 강의가 어렵게 느껴졌고 실습 또한 전혀 이해하지 못했습니다. 높은 학점을 가졌던 제게 기대감이 컸던 학과 동기들이 찾아와 강의에 관한 여러 질문을 했지만 아무 대답을 해줄 수 없었습니다.\n\n그렇게 무력감에 빠져서 강의를 거의 포기했을 때, 평소 도전적인 일을 좋아하던 동기가 찾아와 제가 해내지 못한 실습을 도와줬습니다. 실습을 해낸 비결을 물어보니 그 동기는 신기술에 항상 흥미가 있어서 해당 강의 실습을 즐기며 여러 차례 하드웨어 OS를 포맷하고 끈질기게 에러수정을 했더니 어느새 문제가 해결됐다고 했습니다. 그 동기는 항상 특이하고 새로운 강의를 잔뜩 배우느라 좋은 학점을 받지는 못하던 동기였습니다. 그러나 그 보상으로 새로움에 도전하는 정신을 배운 것이라는 생각이 들었고 그 동기를 여태껏 이해 못 했던 제 자신이 부끄러워졌습니다.",
                "class": "지속적인 성장을 추구하는,고도의 자기주도성을 가진"
            },
            {
                "index": 1,
                "raw": "\"새로움에 도전하는 열정\"\n\n해당 사건을 계기로 새로움에 도전하는 동기의 영향을 받았습니다. 새로움을 수용하는 자세의 필요성을 느꼈고 그것이 IT 개발자로서 옳은 정신이라는 생각이 들었습니다. 항상 새로움에 도전하는 사람이 되기 위해 학업을 진행하는 동안 총 세 가지의 꾸준한 노력을 했습니다.\n\n첫 번째는 자투리 시간을 활용하여 항상 새로운 IT 정보를 수용했습니다. 매일 아침 통학 중 IT 기사를 읽고 텐서플로우 코리아 페이지의 신기술 소식과 추천 논문을 보며 하루를 시작했습니다.\n\n두 번째는 기회가 될 때마다 다양한 세미나, 전시회에 적극적으로 참가하여 새로운 시야를 넓혔습니다. 오픈소스 컨퍼런스, 신기술 AI 세미나 등에 참가하여 정보를 얻었고 IT 전시회를 둘러보며 신기술에 관한 견문을 넓혔습니다.\n\n마지막은 앞서 실천으로 새로 알게 된 기술들을 직접 구현해보기 위해 다양한 공모전에 도전했습니다. AI, 블록체인, 임베디드 등 다양한 주제로 프로젝트를 진행하며 경진대회, 해커톤 그리고 학술대회 등 공모전 형태를 가리지 않았습니다. 그동안 알게 된 다양한 지식 덕분에 창조적인 아이디어가 풍부해져 여러 공모전에서 수상을 누리며 노력을 확인할 수 있었습니다.\n\n이러한 성장 과정을 거쳐온 제 자신은 어느새 새로움에 도전하는 것을 망설이지 않게 됐다는 것을 느꼈습니다. 앞으로도 끊임없는 열정으로 새로움을 탐구하며 미래에 도전하는 IT 개발자가 될 것입니다.",
                "class": "지속적인 성장을 추구하는,비전을 제시하는,고도의 자기주도성을 가진,목표를 달성하는 능력을 갖춘,긍정적인 태도를 갖춘"
            }
        ]
    }
}