{
    "meta": {
        "text_raw": "\"친화력으로 매출관리에 기여\"\n\n영업관리는 회사의 방향성에 맞추어 가맹점의 매출 활성화 전략을 점주님께 제시하고 관리하는 일입니다. 가맹점의 매출 개선을 위해 컨설팅을 진행하거나 가맹점의 요청 사항을 협의하는 일이 중요합니다. '친화력'이 영업관리에 중요한 역량이라고 생각합니다. 가맹본부의 방향성에 가맹점이 함께 참여하도록 설득하는 능력이 중요하기 때문입니다. 가맹점주님과 좋은 관계를 형성하였을 때 원만하게 진행할 수 있습니다. 저는 친화력을 통해 기회를 얻는 사람입니다. 스페인 교환학생 시절 카페에서 스페인어를 공부하고 있었습니다. 한국어를 공부하고 있던 외국인을 발견하였고, 스스럼없이 다가가 밝은 미소로 말을 걸었습니다. 함께 공부하면서 서로 도와주자는 제안을 했고, 제가 필요로 하는 스페인어 공부와 외국인의 한국어 공부를 협력할 기회를 얻었습니다. 이런 친화력을 발휘하여 가맹 점주님과 좋은 관계를 형성하여 매출향상에 기여하겠습니다."
    },
    "anno_text_data": {
        "data": [
            {
                "index": 0,
                "raw": "\"친화력으로 매출관리에 기여\"\n\n영업관리는 회사의 방향성에 맞추어 가맹점의 매출 활성화 전략을 점주님께 제시하고 관리하는 일입니다. 가맹점의 매출 개선을 위해 컨설팅을 진행하거나 가맹점의 요청 사항을 협의하는 일이 중요합니다. '친화력'이 영업관리에 중요한 역량이라고 생각합니다. 가맹본부의 방향성에 가맹점이 함께 참여하도록 설득하는 능력이 중요하기 때문입니다. 가맹점주님과 좋은 관계를 형성하였을 때 원만하게 진행할 수 있습니다. 저는 친화력을 통해 기회를 얻는 사람입니다. 스페인 교환학생 시절 카페에서 스페인어를 공부하고 있었습니다. 한국어를 공부하고 있던 외국인을 발견하였고, 스스럼없이 다가가 밝은 미소로 말을 걸었습니다. 함께 공부하면서 서로 도와주자는 제안을 했고, 제가 필요로 하는 스페인어 공부와 외국인의 한국어 공부를 협력할 기회를 얻었습니다. 이런 친화력을 발휘하여 가맹 점주님과 좋은 관계를 형성하여 매출향상에 기여하겠습니다.",
                "class": "문제해결능력이 뛰어난,탄탄한 의사소통 능력을 가진"
            }
        ]
    }
}