{
    "meta": {
        "text_raw": "\"AI 전문가를 향하여\"\n\n딥러닝과 컴퓨터비전을 이용한 AI 기술은 제품에 다양한 서비스를 제공할 수 있는 응용력이 뛰어난 분야입니다. 학부 시절 인간 시각의 인식률을 초월한 ResNet의 등장소식을 접하면서 AI에 관심을 가졌습니다. 현재보다 더 고도화된 미래 IT 시대가 도래했을 때 이러한 기술을 단순히 이용하는 사람이 아니라 주체적인 구현을 통하여 혁신적인 사회 가치를 이끄는 사람이 되고 싶습니다.\n\nAI를 공부하기 위해 석사에 진학했고 주로 Object detection/recognition/tracking 등 컴퓨터비전 알고리즘을 활용한 산학 연구를 진행했습니다. 산학 연구가 없던 기간에도 쉬지 않고 꾸준한 자기개발을 위해 교수님의 소개를 받은 회사에서 프리랜서 개발자로 활동하며 실무지식을 배웠습니다. 다양한 개발 경험 덕분에 프로젝트 협업의 자세와 인공지능 이슈를 논리적으로 접근하고 기반기술을 통해 플랫폼을 구현하는 능력을 길렀습니다.\n\n앞으로도 AI 기술을 연구하고 혁신적인 서비스 개발을 하며 성장하기 위해 국내 1위 기업인 삼성전자에 지원했습니다. 누구보다도 AI 기술의 발전을 중요하게 여기며 미래 IT 세상의 혁신으로 도전할 준비가 되어있습니다. 다가올 4차 산업 혁명을 이끌 삼성전자에서 AI 전문가로 향하는 첫발을 떼고 싶습니다."
    },
    "anno_text_data": {
        "data": [
            {
                "index": 0,
                "raw": "\"AI 전문가를 향하여\"\n\n딥러닝과 컴퓨터비전을 이용한 AI 기술은 제품에 다양한 서비스를 제공할 수 있는 응용력이 뛰어난 분야입니다. 학부 시절 인간 시각의 인식률을 초월한 ResNet의 등장소식을 접하면서 AI에 관심을 가졌습니다. 현재보다 더 고도화된 미래 IT 시대가 도래했을 때 이러한 기술을 단순히 이용하는 사람이 아니라 주체적인 구현을 통하여 혁신적인 사회 가치를 이끄는 사람이 되고 싶습니다.\n\nAI를 공부하기 위해 석사에 진학했고 주로 Object detection/recognition/tracking 등 컴퓨터비전 알고리즘을 활용한 산학 연구를 진행했습니다. 산학 연구가 없던 기간에도 쉬지 않고 꾸준한 자기개발을 위해 교수님의 소개를 받은 회사에서 프리랜서 개발자로 활동하며 실무지식을 배웠습니다. 다양한 개발 경험 덕분에 프로젝트 협업의 자세와 인공지능 이슈를 논리적으로 접근하고 기반기술을 통해 플랫폼을 구현하는 능력을 길렀습니다.\n\n앞으로도 AI 기술을 연구하고 혁신적인 서비스 개발을 하며 성장하기 위해 국내 1위 기업인 삼성전자에 지원했습니다. 누구보다도 AI 기술의 발전을 중요하게 여기며 미래 IT 세상의 혁신으로 도전할 준비가 되어있습니다. 다가올 4차 산업 혁명을 이끌 삼성전자에서 AI 전문가로 향하는 첫발을 떼고 싶습니다.",
                "class": "비전을 제시하는,지속적인 성장을 추구하는,목표를 달성하는 능력을 갖춘"
            }
        ]
    }
}