{
    "meta": {
        "text_raw": "\"책임감에서 비롯된 매출 상승\"\n\n책임을 다하기 위하여 늘 노력하였습니다. 아르바이트할 때면 항상 10분 일찍 도착하여 근무를 준비하였고, 퇴근 시간에도 마지막 업무만큼은 반드시 끝내고 퇴근하였습니다. 이러한 가치관에서 비롯된 행동으로 신규고객을 확보한 경험이 있습니다. 주 업무인 고객 응대와 홀서빙을 하면서 신규고객에 비해 단골고객 비중이 더 크다는 사실을 알게 되었습니다. 저는 가게의 일원으로써 책임감을 느끼며 신규고객을 더 유치하고 싶었습니다. 신규고객은 보통 인터넷 검색을 통하여 찾아오신다는 점에 착안하여 사장님께 인터넷 마케팅을 건의하였습니다. 사장님께서는 굉장히 기뻐하시며 의견을 수렴해주셨습니다. 다만, 인터넷을 잘 다루지 못하셨기에 저에게 오롯이 일임하는 대신, 적극적으로 저를 지원해주셨습니다. 손님이 없을 때는 휴게실에서 노트북으로 작업을 하게 해주셨고, 시험 기간에는 근무시간을 조정해주며 학업에 지장이 없게 해주셨습니다.\n\n이처럼 탄력적인 지원을 받으면서 저는 제일 먼저 검색 시 가장 먼저 보이는 홈페이지를 리뉴얼 하였습니다. 기존 음식 사진들을 새롭게 업데이트하고 가게 분위기를 느낄 수 있도록 가게풍경을 배경으로 업로드 하였습니다. 또한, 오프라인에서 사용할 수 있는 무료 음료 쿠폰을 만들고 이를 통해 손님이 가게로 더욱 찾아오시게 하였습니다. 마지막으로 네이버의 파워링크를 신청하여 피자 관련 검색 시 제일 상단에 뜨게 하였습니다. 적극적인 행동을 통하여 주말 매출을 80만 원에서 100만 원으로 증가시킬 수 있었습니다. 가치관으로부터 비롯된 자발적 행동으로 조직에서 인정받으며 소속된 집단의 이익에 기여할 수 있었던 경험이었습니다."
    },
    "anno_text_data": {
        "data": [
            {
                "index": 0,
                "raw": "\"책임감에서 비롯된 매출 상승\"\n\n책임을 다하기 위하여 늘 노력하였습니다. 아르바이트할 때면 항상 10분 일찍 도착하여 근무를 준비하였고, 퇴근 시간에도 마지막 업무만큼은 반드시 끝내고 퇴근하였습니다. 이러한 가치관에서 비롯된 행동으로 신규고객을 확보한 경험이 있습니다. 주 업무인 고객 응대와 홀서빙을 하면서 신규고객에 비해 단골고객 비중이 더 크다는 사실을 알게 되었습니다. 저는 가게의 일원으로써 책임감을 느끼며 신규고객을 더 유치하고 싶었습니다. 신규고객은 보통 인터넷 검색을 통하여 찾아오신다는 점에 착안하여 사장님께 인터넷 마케팅을 건의하였습니다. 사장님께서는 굉장히 기뻐하시며 의견을 수렴해주셨습니다. 다만, 인터넷을 잘 다루지 못하셨기에 저에게 오롯이 일임하는 대신, 적극적으로 저를 지원해주셨습니다. 손님이 없을 때는 휴게실에서 노트북으로 작업을 하게 해주셨고, 시험 기간에는 근무시간을 조정해주며 학업에 지장이 없게 해주셨습니다.\n\n이처럼 탄력적인 지원을 받으면서 저는 제일 먼저 검색 시 가장 먼저 보이는 홈페이지를 리뉴얼 하였습니다. 기존 음식 사진들을 새롭게 업데이트하고 가게 분위기를 느낄 수 있도록 가게풍경을 배경으로 업로드 하였습니다. 또한, 오프라인에서 사용할 수 있는 무료 음료 쿠폰을 만들고 이를 통해 손님이 가게로 더욱 찾아오시게 하였습니다. 마지막으로 네이버의 파워링크를 신청하여 피자 관련 검색 시 제일 상단에 뜨게 하였습니다. 적극적인 행동을 통하여 주말 매출을 80만 원에서 100만 원으로 증가시킬 수 있었습니다. 가치관으로부터 비롯된 자발적 행동으로 조직에서 인정받으며 소속된 집단의 이익에 기여할 수 있었던 경험이었습니다.",
                "class": "선한 영향력을 행사하는,고도의 책임감을 가진,적극적인"
            }
        ]
    }
}