{
    "meta": {
        "text_raw": "\"어려움을 이겨내는 도전정신\"\n\n학부 4학년 때 국내 최대의 전국규모 ICT 공모전 수상을 목표로 팀 프로젝트를 진행했습니다. 약 430개 팀이 참여하고 16개 팀만이 본상을 받는 공모전이므로 어려운 목표였지만 무엇이든 해내겠다는 의지로 도전했습니다.\n\n공모전 출품에 앞서 교내 캡스톤디자인 프로젝트로 먼저 중간평가를 받았습니다. 기대와 달리 프로젝트는 뚜렷한 성과를 내지 못하고 교내에서 꼴등이라는 최악의 점수를 받았습니다. 준비해온 프로젝트가 실패했다는 생각에 좌절했고 공모전 연계는커녕 졸업조건도 채울 수 없게 될까 봐 상황이 심각했습니다. 특히나 팀장으로서 프로젝트를 적절하게 이끌지 못했다는 책임감이 들어 더 괴로웠습니다. \n\n하지만 어차피 꼴등을 해본 시점에서 더는 실패를 두려워할 이유가 없다는 생각이 들었고 이번 실패를 전화위복의 기회로 삼아 프로젝트를 다시 시작하기로 했습니다. 모든 것을 걸고 하겠다는 일념으로 수면시간을 줄여가며 개발에 매진했습니다. 프로젝트 방향을 일부 변경하고 구현에 필요한 기술들을 수집하며 단계적으로 구현해나갔습니다. 더 전문적인 의견이 필요할 경우 여러 교수님과 실무자분들을 조언을 들으며 개선점을 찾았습니다.아쉬운점 1\n\n노력은 배신하지 않는다는 말처럼 공모전에서 430팀 중 7위를 차지하며 목표로 삼았던 본상을 받았고 구현내용을 바탕으로 작성한 논문으로 학술대회에서 은상을 받았습니다. 실패로 인해 힘들더라도 포기하지 않고 끈질기게 도전하면 목표를 성취할 수 있다는 것을 알게 됐으며 어려움을 극복하는 자신감까지 얻게 해준 최고의 경험이었습니다."
    },
    "anno_text_data": {
        "data": [
            {
                "index": 0,
                "raw": "\"어려움을 이겨내는 도전정신\"\n\n학부 4학년 때 국내 최대의 전국규모 ICT 공모전 수상을 목표로 팀 프로젝트를 진행했습니다. 약 430개 팀이 참여하고 16개 팀만이 본상을 받는 공모전이므로 어려운 목표였지만 무엇이든 해내겠다는 의지로 도전했습니다.\n\n공모전 출품에 앞서 교내 캡스톤디자인 프로젝트로 먼저 중간평가를 받았습니다. 기대와 달리 프로젝트는 뚜렷한 성과를 내지 못하고 교내에서 꼴등이라는 최악의 점수를 받았습니다. 준비해온 프로젝트가 실패했다는 생각에 좌절했고 공모전 연계는커녕 졸업조건도 채울 수 없게 될까 봐 상황이 심각했습니다. 특히나 팀장으로서 프로젝트를 적절하게 이끌지 못했다는 책임감이 들어 더 괴로웠습니다. \n\n하지만 어차피 꼴등을 해본 시점에서 더는 실패를 두려워할 이유가 없다는 생각이 들었고 이번 실패를 전화위복의 기회로 삼아 프로젝트를 다시 시작하기로 했습니다. 모든 것을 걸고 하겠다는 일념으로 수면시간을 줄여가며 개발에 매진했습니다. 프로젝트 방향을 일부 변경하고 구현에 필요한 기술들을 수집하며 단계적으로 구현해나갔습니다. 더 전문적인 의견이 필요할 경우 여러 교수님과 실무자분들을 조언을 들으며 개선점을 찾았습니다.아쉬운점 1\n\n노력은 배신하지 않는다는 말처럼 공모전에서 430팀 중 7위를 차지하며 목표로 삼았던 본상을 받았고 구현내용을 바탕으로 작성한 논문으로 학술대회에서 은상을 받았습니다. 실패로 인해 힘들더라도 포기하지 않고 끈질기게 도전하면 목표를 성취할 수 있다는 것을 알게 됐으며 어려움을 극복하는 자신감까지 얻게 해준 최고의 경험이었습니다.",
                "class": "지속적인 성장을 추구하는,고도의 책임감을 가진,목표를 달성하는 능력을 갖춘,고도의 자기주도성을 가진"
            }
        ]
    }
}