{
    "meta": {
        "text_raw": "\"2050 탄소 중립을 위해\"\n\n최근 정부가 온실가스의 순 배출량이 0에 수렴하는 것을 2050년까지 이뤄내겠다는 ‘2050 탄소 중립’을 발표했습니다. 이후 반도체, 디스플레이 업계 대표기업들이 정책에 맞춰 공동선언문을 발표하였습니다. 그중 LG디스플레이는 냉동기 스마트 컨트롤 시스템 도입 및 제조공정에서 발생할 수 있는 온실가스 감축을 위한 대처에 있어 선두 기업이 되었습니다.\n\n이러한 노력에도 불구하고 올해 디스플레이 산업의 호황 전망에 따라 업종의 온실가스 배출도 늘어날 수밖에 없으리라 생각합니다. 우선 기존의 설비를 전력 효율이 우수한 기기로 대량 대체할 수 없습니다. 또한 공정에서 사용되는 NF3 가스가 새롭게 온실가스로 편성될 가능성이 생겨 공정에 대한 부담감도 느끼게 되었습니다. 결과적으로 온실가스 저감을 위한 친환경적 공정이 제품의 수율과 대립할 수 있는 상황이라고 생각합니다. 단기적으로는 양립할 수 없으나 지속가능한 성장을 위해 탄소 중립은 반드시 성공해야 할 장기적인 비전일 것입니다. 이를 위해서는 두 가지의 노력이 필요하다고 생각합니다.\n\n첫째, 저감장치 도입을 위한 세제 개편과 같은 인센티브 구조가 확립되어야 합니다. 그리고 새로운 장비를 위한 신기술/신공정이 개발되어야 할 것입니다. 개발 품질 직무자로서 새로운 기술과 공정에 대해 깊이 있는 학습을 진행하여 친환경적 가치에 맞는 품질 검증이 가능하도록 하겠습니다.\n둘째, 친환경 공정 대체 물질의 개발과 사용 확대를 위한 환경 기술의 연구개발에 대대적인 투자가 필요할 것입니다. 이에 맞춰 공정 배출 측정에 대한 국제 표준화와 인증 제도를 마련해 규격화된 생산이 가능하도록 해야 할 것입니다. 갱신되는 표준화와 인증 제도에 대해 고객과 자사 내의 평가법을 최적화하기 위해 노력하겠습니다.\n\n미래의 엔지니어로서 환경에 대한 책임감을 느끼고 있습니다. LG디스플레이의 일원으로서 녹색 화학을 지향하며 온실가스 감축을 위해 노력하겠습니다."
    },
    "anno_text_data": {
        "data": [
            {
                "index": 0,
                "raw": "2050 탄소 중립을 위해\"\n\n최근 정부가 온실가스의 순 배출량이 0에 수렴하는 것을 2050년까지 이뤄내겠다는 ‘2050 탄소 중립’을 발표했습니다. 이후 반도체, 디스플레이 업계 대표기업들이 정책에 맞춰 공동선언문을 발표하였습니다. 그중 LG디스플레이는 냉동기 스마트 컨트롤 시스템 도입 및 제조공정에서 발생할 수 있는 온실가스 감축을 위한 대처에 있어 선두 기업이 되었습니다.\n\n이러한 노력에도 불구하고 올해 디스플레이 산업의 호황 전망에 따라 업종의 온실가스 배출도 늘어날 수밖에 없으리라 생각합니다. 우선 기존의 설비를 전력 효율이 우수한 기기로 대량 대체할 수 없습니다. 또한 공정에서 사용되는 NF3 가스가 새롭게 온실가스로 편성될 가능성이 생겨 공정에 대한 부담감도 느끼게 되었습니다. 결과적으로 온실가스 저감을 위한 친환경적 공정이 제품의 수율과 대립할 수 있는 상황이라고 생각합니다. 단기적으로는 양립할 수 없으나 지속가능한 성장을 위해 탄소 중립은 반드시 성공해야 할 장기적인 비전일 것입니다. 이를 위해서는 두 가지의 노력이 필요하다고 생각합니다.\n\n첫째, 저감장치 도입을 위한 세제 개편과 같은 인센티브 구조가 확립되어야 합니다. 그리고 새로운 장비를 위한 신기술/신공정이 개발되어야 할 것입니다. 개발 품질 직무자로서 새로운 기술과 공정에 대해 깊이 있는 학습을 진행하여 친환경적 가치에 맞는 품질 검증이 가능하도록 하겠습니다.\n둘째, 친환경 공정 대체 물질의 개발과 사용 확대를 위한 환경 기술의 연구개발에 대대적인 투자가 필요할 것입니다. 이에 맞춰 공정 배출 측정에 대한 국제 표준화와 인증 제도를 마련해 규격화된 생산이 가능하도록 해야 할 것입니다. 갱신되는 표준화와 인증 제도에 대해 고객과 자사 내의 평가법을 최적화하기 위해 노력하겠습니다.\n\n미래의 엔지니어로서 환경에 대한 책임감을 느끼고 있습니다. LG디스플레이의 일원으로서 녹색 화학을 지향하며 온실가스 감축을 위해 노력하겠습니다.",
                "class": "문제해결능력이 뛰어난,선한 영향력을 행사하는,목표를 달성하는 능력을 갖춘,비즈니스 마인드를 갖춘"
            }
        ]
    }
}