{
    "meta": {
        "text_raw": "\"엇학기 복학을 통한 도전적인 삶의 태도\"\n\n누구나 인생에서 한 번의 전환점은 찾아오고, 앞으로의 삶에 대한 태도를 배울 수 있다고 생각합니다. 엇학기 복학이라는 과감한 선택을 통해 도전하는 삶을 배운 경험이 있습니다. 연이은 입대 실패로 4월 전역을 하게 되며 내년 1학기 복학을 계획 하였습니다. 그러나 전역 후 다음 날 아침, 한없이 남은 복학 날짜와 아무런 계획 없는 제 모습을 보았습니다. 저는 흐르는 대로 살아왔던 인생을 바꾸고 싶어졌습니다.\n\n곧장 다가오는 2학기 복학을 계획하였습니다. 한편으론 커리큘럼을 따라가지 못하며 남은 학기들을 망치지 않을까 두려웠습니다. 하지만 오지 않은 미래를 망설이기보단 도전하기로 마음먹었습니다. 계획을 세우고 문제점을 분석하였습니다. 공대 특성상 1학기 수업은 피할 수 없는 숙제였습니다. 즉시 학과의 작년 1학기 강의 계획서를 조회하였습니다. 서점으로 달려가 교재를 구매, 독학을 시작하였습니다. 교재 내용을 완벽히 이해 못 하여 계속 이전 장으로 돌아가야 했습니다. 저는 포기하고 싶지 않았습니다. 교재의 무료강의, 해외 유튜브 강의를 찾아 들었습니다. KOCW 대학 온라인 강의를 수강하고 공립 도서관에서 관련 책을 대여, 참조하였습니다. 최선을 다한 노력으로 복학을 하였습니다. 물론 2학기 수업의 모든 것을 독학으로 해결할 순 없었습니다. 하지만 전공수업인 회로망이론 성적을 A를 받으면서 만족스러운 마무리를 지을 수 있었습니다. 노력과 열정에 대한 자신감과 도전하는 삶의 희열을 배울 수 있었습니다. 또한, 이후 어떠한 일이든 두려움 없이 일단 도전하며 최선을 다하는 태도를 얻을 수 있었습니다.\n\n\"앞으로도 오지 않을 최악의 선택\"\n\n저의 솔직한 생각을 말씀드리자면 최악의 선택은 없다고 생각합니다. 당시로써는 여러 가능성을 고려한 최선의 선택이었으며, 그에 따른 아쉬운 결과였을 뿐입니다. 수많은 선택이 모여 지금의 제가 되었습니다. 다만, 후회를 남기지 않기 위해 제가 한 선택에 최선을 다하려는 태도를 유지하려고 노력 중입니다."
    },
    "anno_text_data": {
        "data": [
            {
                "index": 0,
                "raw": "\"엇학기 복학을 통한 도전적인 삶의 태도\"\n\n누구나 인생에서 한 번의 전환점은 찾아오고, 앞으로의 삶에 대한 태도를 배울 수 있다고 생각합니다. 엇학기 복학이라는 과감한 선택을 통해 도전하는 삶을 배운 경험이 있습니다. 연이은 입대 실패로 4월 전역을 하게 되며 내년 1학기 복학을 계획 하였습니다. 그러나 전역 후 다음 날 아침, 한없이 남은 복학 날짜와 아무런 계획 없는 제 모습을 보았습니다. 저는 흐르는 대로 살아왔던 인생을 바꾸고 싶어졌습니다.\n\n곧장 다가오는 2학기 복학을 계획하였습니다. 한편으론 커리큘럼을 따라가지 못하며 남은 학기들을 망치지 않을까 두려웠습니다. 하지만 오지 않은 미래를 망설이기보단 도전하기로 마음먹었습니다. 계획을 세우고 문제점을 분석하였습니다. 공대 특성상 1학기 수업은 피할 수 없는 숙제였습니다. 즉시 학과의 작년 1학기 강의 계획서를 조회하였습니다. 서점으로 달려가 교재를 구매, 독학을 시작하였습니다. 교재 내용을 완벽히 이해 못 하여 계속 이전 장으로 돌아가야 했습니다. 저는 포기하고 싶지 않았습니다. 교재의 무료강의, 해외 유튜브 강의를 찾아 들었습니다. KOCW 대학 온라인 강의를 수강하고 공립 도서관에서 관련 책을 대여, 참조하였습니다. 최선을 다한 노력으로 복학을 하였습니다. 물론 2학기 수업의 모든 것을 독학으로 해결할 순 없었습니다. 하지만 전공수업인 회로망이론 성적을 A를 받으면서 만족스러운 마무리를 지을 수 있었습니다. 노력과 열정에 대한 자신감과 도전하는 삶의 희열을 배울 수 있었습니다. 또한, 이후 어떠한 일이든 두려움 없이 일단 도전하며 최선을 다하는 태도를 얻을 수 있었습니다.",
                "class": "문제해결능력이 뛰어난,목표를 달성하는 능력을 갖춘,고도의 자기주도성을 가진"
            },
            {
                "index": 1,
                "raw": "\"앞으로도 오지 않을 최악의 선택\"\n\n저의 솔직한 생각을 말씀드리자면 최악의 선택은 없다고 생각합니다. 당시로써는 여러 가능성을 고려한 최선의 선택이었으며, 그에 따른 아쉬운 결과였을 뿐입니다. 수많은 선택이 모여 지금의 제가 되었습니다. 다만, 후회를 남기지 않기 위해 제가 한 선택에 최선을 다하려는 태도를 유지하려고 노력 중입니다.",
                "class": "긍정적인 태도를 갖춘"
            }
        ]
    }
}