{
    "meta": {
        "text_raw": "\"지원동기\"\n\n저의 직업 가치관은 “역량을 기여하며 회사와 함께 미래를 설계할 수 있는가”입니다. 이에 맞춰 회사를 지원할 때, 자신의 역량을 가장 잘 활용할 수 있는 “직무”와 미래를 그려 볼 수 있는 “비전”을 중점으로 고려하였습니다. 이에 따른 코미코는 저에게 너무나 매력적인 회사였습니다. 최근 반도체 제조공정의 패턴화가 극도로 발달하면서 미세오염물인 파티클에 의한 반도체 공정의 수율과 생산성 하락이 주목받고 있습니다. 따라서 이를 방지하며 공정 대기시간도 줄일 수 있는 귀사의 혁신적인 표면처리기술의 수요는 전 세계적으로 지속해서 증가하고 있습니다.\n\n귀사는 일찌감치 이러한 비전산업을 시작하며, 현재 20년 이상의 축적된 기술 노하우를 통한 세계 최고의 세정 기술과 고객사별 세정공정 자체의 분리, 엄격한 관리를 통한 굳건한 신뢰성을 바탕으로 위 산업에서 독보적인 경쟁력을 선점하고 있습니다. 이를 통해 코미코만의 기술적 자부심과 “비전”을 향한 치열한 노력을 볼 수 있었습니다. 저는 자부심 넘치며 열정적인 코미코의 신입사원이 되고 싶어졌습니다.\n\n또한, 저는 전자공학을 전공하며 회로와 관련한 전반적 지식과 실험들, C, C++등의 프로그래밍 언어 역량을 키워왔습니다. 이 같은 역량들은 귀사의 “직무”에서 최대로 발휘할 수 있을 것이라 확신합니다.\n\"직무 경험\"\n\nICT와 제조공정이 융합된 스마트팩토리의 장비자동화 직무와 관련하여 다음과 같은 경험이 있습니다. 위치추적 IoT 프로젝트를 통해 프로그래밍 언어에 숙달하였습니다. C언어를 활용하여 INPUT으로 센서값을 받으며 변수에 저장하고 이를 Serial 통신으로 송신하여 서보모터의 방향을 제어하였습니다. 또한, 졸업 후에는 전기산업기사, 직업훈련의 PLC 실무기초를 통해 PLC역량을 습득하였습니다. 자기유지, 인터록 회로를 배선하며 동작을 이해하고, PLC MASTER-K를 실제로 조작하였습니다. 이러한 경험과 지식은 장비자동화 직무에서 빠르게 실무능력을 습득하는 데 큰 도움이 될 수 있을 것이라 확신합니다."
    },
    "anno_text_data": {
        "data": [
            {
                "index": 0,
                "raw": "\"지원동기\"\n\n저의 직업 가치관은 “역량을 기여하며 회사와 함께 미래를 설계할 수 있는가”입니다. 이에 맞춰 회사를 지원할 때, 자신의 역량을 가장 잘 활용할 수 있는 “직무”와 미래를 그려 볼 수 있는 “비전”을 중점으로 고려하였습니다. 이에 따른 코미코는 저에게 너무나 매력적인 회사였습니다. 최근 반도체 제조공정의 패턴화가 극도로 발달하면서 미세오염물인 파티클에 의한 반도체 공정의 수율과 생산성 하락이 주목받고 있습니다. 따라서 이를 방지하며 공정 대기시간도 줄일 수 있는 귀사의 혁신적인 표면처리기술의 수요는 전 세계적으로 지속해서 증가하고 있습니다.\n\n귀사는 일찌감치 이러한 비전산업을 시작하며, 현재 20년 이상의 축적된 기술 노하우를 통한 세계 최고의 세정 기술과 고객사별 세정공정 자체의 분리, 엄격한 관리를 통한 굳건한 신뢰성을 바탕으로 위 산업에서 독보적인 경쟁력을 선점하고 있습니다. 이를 통해 코미코만의 기술적 자부심과 “비전”을 향한 치열한 노력을 볼 수 있었습니다. 저는 자부심 넘치며 열정적인 코미코의 신입사원이 되고 싶어졌습니다.\n\n또한, 저는 전자공학을 전공하며 회로와 관련한 전반적 지식과 실험들, C, C++등의 프로그래밍 언어 역량을 키워왔습니다. 이 같은 역량들은 귀사의 “직무”에서 최대로 발휘할 수 있을 것이라 확신합니다.",
                "class": "문제해결능력이 뛰어난,적극적인"
            },
            {
                "index": 1,
                "raw": "\"직무 경험\"\n\nICT와 제조공정이 융합된 스마트팩토리의 장비자동화 직무와 관련하여 다음과 같은 경험이 있습니다. 위치추적 IoT 프로젝트를 통해 프로그래밍 언어에 숙달하였습니다. C언어를 활용하여 INPUT으로 센서값을 받으며 변수에 저장하고 이를 Serial 통신으로 송신하여 서보모터의 방향을 제어하였습니다. 또한, 졸업 후에는 전기산업기사, 직업훈련의 PLC 실무기초를 통해 PLC역량을 습득하였습니다. 자기유지, 인터록 회로를 배선하며 동작을 이해하고, PLC MASTER-K를 실제로 조작하였습니다. 이러한 경험과 지식은 장비자동화 직무에서 빠르게 실무능력을 습득하는 데 큰 도움이 될 수 있을 것이라 확신합니다.",
                "class": "지속적인 성장을 추구하는"
            }
        ]
    }
}