{
    "meta": {
        "text_raw": "\"금상보다 값진 다양한 관점의 가치\"\n\n작년 공모전에서 그래핀을 활용한 살균 제품을 설계하고 직접 실험하면서 발생한 문제를 해결해 금상을 수상한 경험이 있습니다. 문제 해결을 위해 다양한 변수를 고려하는 자세가 중요함을 배웠습니다.\n\n아이디어 공모전에서 유리관 내부에 UV 램프를 삽입하고 외벽에는 GO와 TiO2 복합체를 코팅한 살균 손잡이를 고안했습니다. 다른 팀과의 차별성을 위해 아이디어 설계에서 멈추지 않고 15분 내 유기물의 90% 분해를 목표로 두고 실험을 진행했습니다.\n\n하지만 반복되는 실험에도 분해율이 30% 이하로 측정됐습니다. 원인을 찾고자 3가지 측면에서 접근했습니다. 먼저 물질들의 양적 오차 그리고 실험실에 오랫동안 보관된 전구체들의 산화가 원인일 것으로 생각했습니다. 오차를 줄여가며 모두 새 물질로 바꿔 실험을 진행했지만, 분해율이 소폭 상승할 뿐 본질적인 해결책이 아니었습니다. 이후 복합체에 구조적 장애가 발생했다면, 이로부터 기인한 결과일 수 있다고 생각했습니다. 따라서 SEM이 구비된 모든 연구실에 연락을 드렸습니다. 사용 허가 답장이 온 곳에서 직접 사용법을 학습하고 복합체를 관찰한 결과, 마침내 TiO2의 뭉침을 확인할 수 있었습니다.\n\n곧바로 팀원들과 실험 과정 개선을 통한 구조적 장애를 해결에 돌입했습니다. 새로운 논문들을 참고하며 전구체의 음파처리 시간을 20분 더 연장해 전구체 간의 뭉침을 막고자 했습니다. 그리고 접합력을 향상하기 위해 질소 도핑 과정을 추가하여 실험을 진행했고, 그 결과 목표했던 90% 분해율을 측정할 수 있었습니다.\n\n결과적으로 최종 발표에서 실험 내용을 호평 받으며 금상을 받을 수 있었습니다. 문제의 원인을 찾고자 다양한 관점을 고려한 경험처럼, 현대오일뱅크의 엔지니어로서 공정에서 발생하는 이슈들의 근본적 원인을 다각도에서 접근해 해결할 것을 약속드립니다."
    },
    "anno_text_data": {
        "data": [
            {
                "index": 0,
                "raw": "\"금상보다 값진 다양한 관점의 가치\"\n\n작년 공모전에서 그래핀을 활용한 살균 제품을 설계하고 직접 실험하면서 발생한 문제를 해결해 금상을 수상한 경험이 있습니다. 문제 해결을 위해 다양한 변수를 고려하는 자세가 중요함을 배웠습니다.\n\n아이디어 공모전에서 유리관 내부에 UV 램프를 삽입하고 외벽에는 GO와 TiO2 복합체를 코팅한 살균 손잡이를 고안했습니다. 다른 팀과의 차별성을 위해 아이디어 설계에서 멈추지 않고 15분 내 유기물의 90% 분해를 목표로 두고 실험을 진행했습니다.\n\n하지만 반복되는 실험에도 분해율이 30% 이하로 측정됐습니다. 원인을 찾고자 3가지 측면에서 접근했습니다. 먼저 물질들의 양적 오차 그리고 실험실에 오랫동안 보관된 전구체들의 산화가 원인일 것으로 생각했습니다. 오차를 줄여가며 모두 새 물질로 바꿔 실험을 진행했지만, 분해율이 소폭 상승할 뿐 본질적인 해결책이 아니었습니다. 이후 복합체에 구조적 장애가 발생했다면, 이로부터 기인한 결과일 수 있다고 생각했습니다. 따라서 SEM이 구비된 모든 연구실에 연락을 드렸습니다. 사용 허가 답장이 온 곳에서 직접 사용법을 학습하고 복합체를 관찰한 결과, 마침내 TiO2의 뭉침을 확인할 수 있었습니다.\n\n곧바로 팀원들과 실험 과정 개선을 통한 구조적 장애를 해결에 돌입했습니다. 새로운 논문들을 참고하며 전구체의 음파처리 시간을 20분 더 연장해 전구체 간의 뭉침을 막고자 했습니다. 그리고 접합력을 향상하기 위해 질소 도핑 과정을 추가하여 실험을 진행했고, 그 결과 목표했던 90% 분해율을 측정할 수 있었습니다.\n\n결과적으로 최종 발표에서 실험 내용을 호평 받으며 금상을 받을 수 있었습니다. 문제의 원인을 찾고자 다양한 관점을 고려한 경험처럼, 현대오일뱅크의 엔지니어로서 공정에서 발생하는 이슈들의 근본적 원인을 다각도에서 접근해 해결할 것을 약속드립니다.",
                "class": "문제해결능력이 뛰어난,적극적인"
            }
        ]
    }
}