{
    "meta": {
        "text_raw": "\"금상보다 소중했던 다양한 관점의 가치\"\n\n저만의 강점 중 하나는 발생한 문제에 대해 기인될 수 있는 다양한 변수들을 고려하여 근본적인 원인을 찾아낼 수 있다는 것입니다. 한 아이디어 공모전에 참가하여 작품으로 유리관 외벽에 GO와 TiO2 복합체를 코팅한 살균 손잡이를 고안했습니다. 다른 팀과의 차별성을 위해 아이디어 설계에서 멈추지 않고 15분 내 유기물의 90% 분해를 목표로 두고 실험을 진행했습니다.\n\n반복되는 실험에도 30%에 못 미치는 분해율을 측정했습니다. 사용한 물질의 양, 반응온도, 시간 등의 변수들의 오차가 없도록 개선해 실험을 진행했지만 결과는 같았습니다. 이후 합성한 복합체에 구조적 장애가 잠재적인 원인일 수 있음을 가정하고, 한 연구실에서 SEM을 빌려 복합체를 관찰하였습니다. TiO2의 뭉침을 확인할 수 있었고 곧바로 팀원들과 실험 개선에 돌입해 목표했던 수치를 측정할 수 있었고, 해당 제품으로 금상에 입상하게 되었습니다. 이를 통해 문제의 근본적인 원인에 접근하기 위해서 다양한 변수를 고려하는 자세가 중요함을 배웠습니다. 이처럼 개발품질 엔지니어로서 검사 중 발생하는 이슈들의 근본적인 원인을 다각도로 접근해 확인하고, 해결하겠습니다.\n\n\"팀보다 위대한 선수는 없다\"\n\n또 다른 강점은 팀을 위해 헌신할 준비가 되어 있는 ‘팀 플레이어’라는 것입니다. 어린 시절부터 축구팀에서 뛰면서 원맨팀은 팀 플레이를 하는 팀을 이길 수 없다는 것을 체감했습니다. 이후 조직력을 위해 헌신하는 자세를 갖추려 노력했고, 많은 활동량을 바탕으로 팀원들을 뒷받침했습니다.\n\n학부 시절에도 기업 연계형 팀 프로젝트에서 시간이 오래 걸리는 기업 방문과 회의를 먼저 자진해서 담당했습니다. 회의 내용을 팀원들과 공유하며 각자 자신이 있는 작업을 맡을 수 있도록 했습니다. 이를 통해 능률적인 프로젝트 진행이 가능했으며 팀워크의 가치를 다시금 체감했습니다. 현장에서도 유관 부서에서 개발품질 팀과의 협업이 필요한 업무에 대해 이해하고 유기적인 협업이 가능하도록 기여하겠습니다."
    },
    "anno_text_data": {
        "data": [
            {
                "index": 0,
                "raw": "\"금상보다 소중했던 다양한 관점의 가치\"\n\n저만의 강점 중 하나는 발생한 문제에 대해 기인될 수 있는 다양한 변수들을 고려하여 근본적인 원인을 찾아낼 수 있다는 것입니다. 한 아이디어 공모전에 참가하여 작품으로 유리관 외벽에 GO와 TiO2 복합체를 코팅한 살균 손잡이를 고안했습니다. 다른 팀과의 차별성을 위해 아이디어 설계에서 멈추지 않고 15분 내 유기물의 90% 분해를 목표로 두고 실험을 진행했습니다.\n\n반복되는 실험에도 30%에 못 미치는 분해율을 측정했습니다. 사용한 물질의 양, 반응온도, 시간 등의 변수들의 오차가 없도록 개선해 실험을 진행했지만 결과는 같았습니다. 이후 합성한 복합체에 구조적 장애가 잠재적인 원인일 수 있음을 가정하고, 한 연구실에서 SEM을 빌려 복합체를 관찰하였습니다. TiO2의 뭉침을 확인할 수 있었고 곧바로 팀원들과 실험 개선에 돌입해 목표했던 수치를 측정할 수 있었고, 해당 제품으로 금상에 입상하게 되었습니다. 이를 통해 문제의 근본적인 원인에 접근하기 위해서 다양한 변수를 고려하는 자세가 중요함을 배웠습니다. 이처럼 개발품질 엔지니어로서 검사 중 발생하는 이슈들의 근본적인 원인을 다각도로 접근해 확인하고, 해결하겠습니다.",
                "class": "문제해결능력이 뛰어난,유연한 사고를 가진"
            },
            {
                "index": 1,
                "raw": "\"팀보다 위대한 선수는 없다\"\n\n또 다른 강점은 팀을 위해 헌신할 준비가 되어 있는 ‘팀 플레이어’라는 것입니다. 어린 시절부터 축구팀에서 뛰면서 원맨팀은 팀 플레이를 하는 팀을 이길 수 없다는 것을 체감했습니다. 이후 조직력을 위해 헌신하는 자세를 갖추려 노력했고, 많은 활동량을 바탕으로 팀원들을 뒷받침했습니다.\n\n학부 시절에도 기업 연계형 팀 프로젝트에서 시간이 오래 걸리는 기업 방문과 회의를 먼저 자진해서 담당했습니다. 회의 내용을 팀원들과 공유하며 각자 자신이 있는 작업을 맡을 수 있도록 했습니다. 이를 통해 능률적인 프로젝트 진행이 가능했으며 팀워크의 가치를 다시금 체감했습니다. 현장에서도 유관 부서에서 개발품질 팀과의 협업이 필요한 업무에 대해 이해하고 유기적인 협업이 가능하도록 기여하겠습니다.",
                "class": "다양한 의견을 수렴하는,다양성을 존중하는"
            }
        ]
    }
}