{
    "meta": {
        "text_raw": "\"끝없는 열정\"\n\n저는 전자공학을 전공하며 제어기술에 대한 열정을 키웠습니다. 이러한 열정의 불씨는 2학년 수업의 신호와 시스템 수업으로부터 시작하였습니다. 2학년이 되어 본격적으로 전문적인 지식을 배우며 신호와 시스템 수업은 저에게 새로운 세상을 알려주었습니다. Nature 신호인 Analog 신호를 Laplace 변환을 함으로써 S-plane으로 옮겨 복잡하였던 Analog 신호를 Frequency 모양의 간단한 신호로 바꾸어 다루기 쉽게 만드는 수업이었습니다. 불규칙적이며 비선형적인 신호가 S-plane이라는 새로운 차원으로 옮겨지면서 규칙성과 일관성을 바탕으로 한 수식으로 표현 가능한 신호로 바뀌었습니다.\n\n다룰 수 없던 신호들을 관점을 달리하여 S평면이란 새로운 개념을 만들고 제어하는 모습을 보며 저는 이러한 혁신적인 시스템 제어란 분야를 더욱 알고 싶어졌습니다. 따라서 이후 디지털신호 처리, 통신시스템, 제어공학 등을 수강하며 新기술을 유연하게 받아들이기 위한 기초적 역량을 쌓았습니다. 또한, 더욱 큰 전력 시스템을 제어해보고자 전기기사 자격증을 취득하기 위하여 노력하였고, 이후 산업기사를 취득하였으며 현재 기사 실기시험을 준비하고 있습니다. 이에 더해 최근, 제가 하고자 하는 일을 직접 경험하기 위하여 내일배움카드의 PLC제어 실무기초를 신청, 48시간의 교육을 이수 완료하였습니다.\n\n이 같은 이유로 저는 귀사의 장비자동화 직무에 적합하다고 생각합니다. 스마트팩토리의 핵심인 자동화 시스템을 안정적으로 제어하는 업무인 장비자동화 직무에 대한 열정을 바탕으로 실무능력을 적극적으로 배우기 위하여 노력하겠습니다. 또한, 2년간 근속한 아르바이트 경험을 통한 배려심으로 팀원과 협업하며 시너지를 내는 엔지니어가 되겠습니다."
    },
    "anno_text_data": {
        "data": [
            {
                "index": 0,
                "raw": "\"끝없는 열정\"\n\n저는 전자공학을 전공하며 제어기술에 대한 열정을 키웠습니다. 이러한 열정의 불씨는 2학년 수업의 신호와 시스템 수업으로부터 시작하였습니다. 2학년이 되어 본격적으로 전문적인 지식을 배우며 신호와 시스템 수업은 저에게 새로운 세상을 알려주었습니다. Nature 신호인 Analog 신호를 Laplace 변환을 함으로써 S-plane으로 옮겨 복잡하였던 Analog 신호를 Frequency 모양의 간단한 신호로 바꾸어 다루기 쉽게 만드는 수업이었습니다. 불규칙적이며 비선형적인 신호가 S-plane이라는 새로운 차원으로 옮겨지면서 규칙성과 일관성을 바탕으로 한 수식으로 표현 가능한 신호로 바뀌었습니다.\n\n다룰 수 없던 신호들을 관점을 달리하여 S평면이란 새로운 개념을 만들고 제어하는 모습을 보며 저는 이러한 혁신적인 시스템 제어란 분야를 더욱 알고 싶어졌습니다. 따라서 이후 디지털신호 처리, 통신시스템, 제어공학 등을 수강하며 新기술을 유연하게 받아들이기 위한 기초적 역량을 쌓았습니다. 또한, 더욱 큰 전력 시스템을 제어해보고자 전기기사 자격증을 취득하기 위하여 노력하였고, 이후 산업기사를 취득하였으며 현재 기사 실기시험을 준비하고 있습니다. 이에 더해 최근, 제가 하고자 하는 일을 직접 경험하기 위하여 내일배움카드의 PLC제어 실무기초를 신청, 48시간의 교육을 이수 완료하였습니다.\n\n이 같은 이유로 저는 귀사의 장비자동화 직무에 적합하다고 생각합니다. 스마트팩토리의 핵심인 자동화 시스템을 안정적으로 제어하는 업무인 장비자동화 직무에 대한 열정을 바탕으로 실무능력을 적극적으로 배우기 위하여 노력하겠습니다. 또한, 2년간 근속한 아르바이트 경험을 통한 배려심으로 팀원과 협업하며 시너지를 내는 엔지니어가 되겠습니다.",
                "class": "문제해결능력이 뛰어난,지속적인 성장을 추구하는,목표를 달성하는 능력을 갖춘"
            }
        ]
    }
}