{
    "meta": {
        "text_raw": "\"You displayed then I dreamed\"\n\n어린 시절부터 집, 학교, 지하철역 등에서 LG의 디스플레이 제품을 자주 볼 수 있었고, 선명한 화질의 원리에 대해 관심을 갖기 시작했습니다. 이때의 흥미가 화학과 진학 그리고 화학공학 복수 전공으로 이어졌습니다. 이후 학부 시절을 디스플레이에 대한 학구열과 함께 보냈습니다.\n\n가장 먼저 무기공업화학을 통해 트랜지스터의 특성에 대해 개괄적으로 학습하였고, 세부적인 내용을 배우고 싶어 하이브리드 소재를 수강했습니다. 해당 강의를 통해 현재의 공정뿐만 아니라 미래의 나노 스케일의 기술들에 대해서도 배울 수 있었습니다.\n또한 팀 프로젝트로 메타 거울을 활용하여 OLED의 빛 세기가 개선된 디스플레이를 설계하는 경험을 할 수 있었습니다. 현재 디스플레이 제품들의 개선되어야 할 단점들과 미래의 발전 방향에 대해 습득할 수 있는 기회였습니다. 산업에 대한 지속적인 관심은 이번 학기 유기반도체를 다루는 에너지소재 강의 수강으로 이어졌고 끊임없이 학습하고자 노력해왔습니다. 현업에서도 제품과 신기술/신공정에 대해 꾸준히 공부해 최고의 품질을 위해 노력할 것을 약속드립니다.\n\n\"최고의 신뢰성을 향해\"\n\n품질 직무를 희망하며 ‘품질 실무자 교육’을 수강한 경험이 있습니다. FTA, FMEA와 같은 방법론들을 학습하며 장애 식별부터 근본적인 원인으로 접근하는 방법을 배웠습니다. 또한 제품의 잠재적 불량에 대한 사전 점검을 위해 유관부서와 협업하는 자세의 중요성을 배웠습니다. 이를 토대로 현업에서도 신기술/신공정이 지닐 수 있는 risk에 대해 개발팀과 긴밀한 협업을 통해 진행할 수 있도록 노력하겠습니다 직무 교육 중 불량이 고객에게 유출된 기존 사례들을 토대로 8D report를 작성을 진행하며, 품질 직무자로서 갖추어야 할 인사이트를 함양하고자 하였습니다. LG디스플레이 생산지원의 개발품질 직무로서 품질 검사 중 발생할 수 있는 이슈들에 대해 근본적 원인을 찾아내 해결하고, 최고의 신뢰성을 갖춘 제품 양산에 기여하겠습니다."
    },
    "anno_text_data": {
        "data": [
            {
                "index": 0,
                "raw": "\"You displayed then I dreamed\"\n\n어린 시절부터 집, 학교, 지하철역 등에서 LG의 디스플레이 제품을 자주 볼 수 있었고, 선명한 화질의 원리에 대해 관심을 갖기 시작했습니다. 이때의 흥미가 화학과 진학 그리고 화학공학 복수 전공으로 이어졌습니다. 이후 학부 시절을 디스플레이에 대한 학구열과 함께 보냈습니다.\n\n가장 먼저 무기공업화학을 통해 트랜지스터의 특성에 대해 개괄적으로 학습하였고, 세부적인 내용을 배우고 싶어 하이브리드 소재를 수강했습니다. 해당 강의를 통해 현재의 공정뿐만 아니라 미래의 나노 스케일의 기술들에 대해서도 배울 수 있었습니다.\n또한 팀 프로젝트로 메타 거울을 활용하여 OLED의 빛 세기가 개선된 디스플레이를 설계하는 경험을 할 수 있었습니다. 현재 디스플레이 제품들의 개선되어야 할 단점들과 미래의 발전 방향에 대해 습득할 수 있는 기회였습니다. 산업에 대한 지속적인 관심은 이번 학기 유기반도체를 다루는 에너지소재 강의 수강으로 이어졌고 끊임없이 학습하고자 노력해왔습니다. 현업에서도 제품과 신기술/신공정에 대해 꾸준히 공부해 최고의 품질을 위해 노력할 것을 약속드립니다.",
                "class": "데이터 기반의 의사결정을 하는,지속적인 성장을 추구하는,목표를 달성하는 능력을 갖춘"
            },
            {
                "index": 1,
                "raw": "\"최고의 신뢰성을 향해\"\n\n품질 직무를 희망하며 ‘품질 실무자 교육’을 수강한 경험이 있습니다. FTA, FMEA와 같은 방법론들을 학습하며 장애 식별부터 근본적인 원인으로 접근하는 방법을 배웠습니다. 또한 제품의 잠재적 불량에 대한 사전 점검을 위해 유관부서와 협업하는 자세의 중요성을 배웠습니다. 이를 토대로 현업에서도 신기술/신공정이 지닐 수 있는 risk에 대해 개발팀과 긴밀한 협업을 통해 진행할 수 있도록 노력하겠습니다 직무 교육 중 불량이 고객에게 유출된 기존 사례들을 토대로 8D report를 작성을 진행하며, 품질 직무자로서 갖추어야 할 인사이트를 함양하고자 하였습니다. LG디스플레이 생산지원의 개발품질 직무로서 품질 검사 중 발생할 수 있는 이슈들에 대해 근본적 원인을 찾아내 해결하고, 최고의 신뢰성을 갖춘 제품 양산에 기여하겠습니다.",
                "class": "문제해결능력이 뛰어난,데이터 기반의 의사결정을 하는,적극적인,고도의 책임감을 가진"
            }
        ]
    }
}