{
    "meta": {
        "text_raw": "\"친환경 패러다임을 위해\"\n\n화학과 화학공학을 전공하며 미래 엔지니어로서 '녹색화학’의 가치관을 갖고 환경에 대한 책임감을 키웠습니다. 철저한 환경 관리 시스템을 통해 기후변화 대응에 노력하는 현대오일뱅크는 저의 꿈을 완성할 곳이라고 생각합니다. 그 중 강화되는 환경 규제에 맞춰 탈황공정 관리 업무를 담당해 친환경 고품질 제품 생산에 기여하고 싶습니다.\n\n‘화학공업의 꽃은 정유 산업이다’라는 교수님의 말씀을 듣고 산업에 흥미를 갖게 되었습니다. 이후 산업에 대해 꾸준히 학습하려 노력하며 분석화학, 유기화학실험을 수강해 GC와 HPLC 등의 다양한 분석 방법을 배웠습니다. 이후 무기공업화학을 수강하며, 전반적인 공정을 학습할 수 있었습니다. 그 중 환경을 위한 탈황공정에 가장 큰 관심이 생겨, 오염물질 규제와 친환경적 미래를 배우고자 환경화학공학 수강했습니다. 이후 화공기사를 취득하며 유기화학공업 분야의 전문성을 갖추려 노력해 ‘친환경 엔지니어’의 기틀을 마련했습니다.\n\n이를 바탕으로 환경적 규제를 완벽히 준수하며 시장을 선도할 고품질의 제품 생산을 위해 노력하는 공정기술 엔지니어가 되겠습니다.\n\n\"협업을 위한 제너럴리스트\"\n\n최고의 생산성을 위해 담당 공정과 안전/환경관리, 품질관리를 아우르는 제너럴리스트가 될 것입니다. 공정관리 직무에서 유관 부서와 협업을 통한 공정 개선 및 이슈 해결은 필수적일 것입니다.\n\n이를 위해 입사 초기에 신입으로서 공정에 대한 학습에 성실히 임하고, 팀에 융화되기 위해 노력하겠습니다. 이후 다른 부서와 소통하며 각 팀의 업무에 대한 이론과 노하우를 습득하겠습니다. 진행되는 부서 간 회의에서 서로가 서로에게 필요한 것이 무엇인지 귀기울여 듣겠습니다. 다른 팀의 업무에 대한 이해를 기반으로 유기적 협업을 이루어, 안전/환경, 품질을 선도하며 최고의 생산성을 낼 수 있도록 하겠습니다."
    },
    "anno_text_data": {
        "data": [
            {
                "index": 0,
                "raw": "\"친환경 패러다임을 위해\"\n\n화학과 화학공학을 전공하며 미래 엔지니어로서 '녹색화학’의 가치관을 갖고 환경에 대한 책임감을 키웠습니다. 철저한 환경 관리 시스템을 통해 기후변화 대응에 노력하는 현대오일뱅크는 저의 꿈을 완성할 곳이라고 생각합니다. 그 중 강화되는 환경 규제에 맞춰 탈황공정 관리 업무를 담당해 친환경 고품질 제품 생산에 기여하고 싶습니다.\n\n‘화학공업의 꽃은 정유 산업이다’라는 교수님의 말씀을 듣고 산업에 흥미를 갖게 되었습니다. 이후 산업에 대해 꾸준히 학습하려 노력하며 분석화학, 유기화학실험을 수강해 GC와 HPLC 등의 다양한 분석 방법을 배웠습니다. 이후 무기공업화학을 수강하며, 전반적인 공정을 학습할 수 있었습니다. 그 중 환경을 위한 탈황공정에 가장 큰 관심이 생겨, 오염물질 규제와 친환경적 미래를 배우고자 환경화학공학 수강했습니다. 이후 화공기사를 취득하며 유기화학공업 분야의 전문성을 갖추려 노력해 ‘친환경 엔지니어’의 기틀을 마련했습니다.\n\n이를 바탕으로 환경적 규제를 완벽히 준수하며 시장을 선도할 고품질의 제품 생산을 위해 노력하는 공정기술 엔지니어가 되겠습니다.",
                "class": "지속적인 성장을 추구하는"
            },
            {
                "index": 1,
                "raw": "\"협업을 위한 제너럴리스트\"\n\n최고의 생산성을 위해 담당 공정과 안전/환경관리, 품질관리를 아우르는 제너럴리스트가 될 것입니다. 공정관리 직무에서 유관 부서와 협업을 통한 공정 개선 및 이슈 해결은 필수적일 것입니다.\n\n이를 위해 입사 초기에 신입으로서 공정에 대한 학습에 성실히 임하고, 팀에 융화되기 위해 노력하겠습니다. 이후 다른 부서와 소통하며 각 팀의 업무에 대한 이론과 노하우를 습득하겠습니다. 진행되는 부서 간 회의에서 서로가 서로에게 필요한 것이 무엇인지 귀기울여 듣겠습니다. 다른 팀의 업무에 대한 이해를 기반으로 유기적 협업을 이루어, 안전/환경, 품질을 선도하며 최고의 생산성을 낼 수 있도록 하겠습니다.",
                "class": "다양한 의견을 수렴하는"
            }
        ]
    }
}