{
    "meta": {
        "text_raw": "\"협조가 협업의 시작점\"\n\n‘하이브리드 소재’ 강의 수강 당시 ‘생체 삽입형 바이오 센서’를 설계하고 1등을 달성한 경험이 있습니다. 팀원들의 핵심적인 능력을 발휘할 수 있도록 협조하는 것이 협력의 시작임을 배웠습니다.\n\n팀원들 각자가 자신 있는 자료/시장 조사, CAD를 사용한 제품 디자인 설계, PPT 제작, 발표를 분담하며, 저는 발표를 맡게 되었습니다. 자료 조사를 담당하던 팀원이 나노 와이어를 활용한 FET 혈액 센서에 대한 논문을 찾고, 방향성을 제시하였습니다. 생화학적 반응까지도 고려해야 하는 까다로움이 있었지만, 내용의 참신함은 큰 강점이 될 수 있을 것으로 생각했습니다. 회의를 통해 강의에서 배운 실리콘 나노 와이어를 FET 채널 위에 성장시켜, 생체 내로 삽입하는 형태의 바이오 센서를 설계하기로 했습니다.\n\n필요한 자료를 조사하고 제품의 설계 초안을 그리던 중, 제품 디자인을 담당했던 팀원이 당시 최종 면접에서 탈락했습니다. 팀원이 우울감에 빠지며, 제 역할을 수행하지 못하게 되었습니다. 당시 제품 설계 디자인에 대한 큰 추가 점수가 있었고, CAD를 활용할 줄 아는 유일한 팀원이었습니다. 팀원의 상황에 공감하며 진심 어린 위로를 건네고, 다른 팀원들과 함께 기분 전환을 위한 회식과 피크닉을 주선했습니다. 그리고 충분한 시간적 여유를 주고자 팀원이 담당하던 다른 업무인 시장 조사를 대신 수행하였습니다. 이와 같은 노력 덕분인지 팀원이 방황을 그만두고, 정상적인 컨디션으로 돌아올 수 있었습니다. 다른 팀원들과 설계를 마친 제품 디자인을 해당 팀원이 마무리 짓고 최종 발표를 진행하게 되었습니다.\n\n발표에서 직접 시장 조사를 한 덕분에 해당 내용을 잘 강조할 수 있었습니다. 또한 제출한 제품의 디자인의 디테일에 큰 가산점을 받아 1등을 달성하게 되었습니다. 이러한 경험처럼 품질 보증 팀 내에서도 효율적인 분업을 위해 노력하고, 협업하여 회사에 도움이 될 수 있도록 하겠습니다."
    },
    "anno_text_data": {
        "data": [
            {
                "index": 0,
                "raw": "\"협조가 협업의 시작점\"\n\n‘하이브리드 소재’ 강의 수강 당시 ‘생체 삽입형 바이오 센서’를 설계하고 1등을 달성한 경험이 있습니다. 팀원들의 핵심적인 능력을 발휘할 수 있도록 협조하는 것이 협력의 시작임을 배웠습니다.\n\n팀원들 각자가 자신 있는 자료/시장 조사, CAD를 사용한 제품 디자인 설계, PPT 제작, 발표를 분담하며, 저는 발표를 맡게 되었습니다. 자료 조사를 담당하던 팀원이 나노 와이어를 활용한 FET 혈액 센서에 대한 논문을 찾고, 방향성을 제시하였습니다. 생화학적 반응까지도 고려해야 하는 까다로움이 있었지만, 내용의 참신함은 큰 강점이 될 수 있을 것으로 생각했습니다. 회의를 통해 강의에서 배운 실리콘 나노 와이어를 FET 채널 위에 성장시켜, 생체 내로 삽입하는 형태의 바이오 센서를 설계하기로 했습니다.",
                "class": "고도의 자기주도성을 가진"
            },
            {
                "index": 1,
                "raw": "필요한 자료를 조사하고 제품의 설계 초안을 그리던 중, 제품 디자인을 담당했던 팀원이 당시 최종 면접에서 탈락했습니다. 팀원이 우울감에 빠지며, 제 역할을 수행하지 못하게 되었습니다. 당시 제품 설계 디자인에 대한 큰 추가 점수가 있었고, CAD를 활용할 줄 아는 유일한 팀원이었습니다. 팀원의 상황에 공감하며 진심 어린 위로를 건네고, 다른 팀원들과 함께 기분 전환을 위한 회식과 피크닉을 주선했습니다. 그리고 충분한 시간적 여유를 주고자 팀원이 담당하던 다른 업무인 시장 조사를 대신 수행하였습니다. 이와 같은 노력 덕분인지 팀원이 방황을 그만두고, 정상적인 컨디션으로 돌아올 수 있었습니다. 다른 팀원들과 설계를 마친 제품 디자인을 해당 팀원이 마무리 짓고 최종 발표를 진행하게 되었습니다.\n\n발표에서 직접 시장 조사를 한 덕분에 해당 내용을 잘 강조할 수 있었습니다. 또한 제출한 제품의 디자인의 디테일에 큰 가산점을 받아 1등을 달성하게 되었습니다. 이러한 경험처럼 품질 보증 팀 내에서도 효율적인 분업을 위해 노력하고, 협업하여 회사에 도움이 될 수 있도록 하겠습니다.",
                "class": "다양한 의견을 수렴하는,유연한 사고를 가진,긍정적인 태도를 갖춘"
            }
        ]
    }
}