{
    "meta": {
        "text_raw": "\"최고의 신뢰성을 향해\"\n\n고교 시절 사용하던 스마트폰의 배터리 원리에 대해 관심을 갖게 되었습니다. 인터넷을 통해 찾아본 배터리는 첨단 과학의 산물이었습니다. 배터리 원리에 대해 찾은 자료를 화학 선생님께 가져가서 여쭤보며 궁금한 내용에 대한 답을 들었습니다. 이때의 흥미가 지금의 화학과 진학 그리고 화학공학 복수 전공으로 이어졌습니다. 학부 시절을 배터리에 대한 학구열로 보내며 품질 보증 엔지니어가 되어 제품의 더 높은 신뢰성에 기여하는 꿈을 가지게 되었습니다.\n\n에너지공학 강의를 통해 배터리의 메커니즘을 학습할 수 있었습니다. 특히 셀 단위에서 발생할 수 있는 이슈들을 배우며 고객에게 유출되지 않도록 방지하는 품질 직무의 가치를 깨달았습니다. 이후 배터리 공정에 대해 배우고 싶어 무기공업화학 강의를 수강하였고, 셀과 팩 단위 공정의 특성을 습득했습니다. 전기화학적 파라미터들을 읽는 능력을 기르고자 전기화학공학 수강하며 배터리 분야에 전문성을 넓히기 위해 노력했습니다.\n\n산업에 대한 지속적 관심은 ‘배터리 품질 현직자 교육’으로 이어졌습니다. 제품의 불량에서부터 원인으로 로직 트리를 작성하며 그동안 배운 이론을 통해 근본적인 원인을 찾아내는 인사이트를 갖추려 노력했습니다. FTA와 FMEA 방법론을 학습하고 기존 배터리 관련 이슈들에 대해 8D 리포트를 작성하였습니다. 그중 4D 단계에서의 발생 원인, 유출 원인, 재현시험이 가지는 중요성을 배웠습니다. 그리고 최근 이슈들에 대해 Vision과 외관 검사 강화가 필요한 이유를 체감할 수 있었습니다.\n\n현재는 제품의 안전과 직결되는 분리막에 관심을 가지고, 분리막 공정에 대한 논문들을 리뷰하여 발표하는 프로젝트에 참여 중입니다. 매일 취침 전 산업에 대한 뉴스를 정리하고, 끊임없이 탐구하며 전문성을 갖추고자 노력했습니다. 품질 관리를 위해서는 공정과 제품에 대한 깊은 이해가 필수적일 것입니다. 현업에서도 항상 학습하며 공정과 출하 중 발생할 수 있는 이슈들을 해결하고, 최고 품질의 제품 양산에 일조하겠습니다."
    },
    "anno_text_data": {
        "data": [
            {
                "index": 0,
                "raw": "\"최고의 신뢰성을 향해\"\n\n고교 시절 사용하던 스마트폰의 배터리 원리에 대해 관심을 갖게 되었습니다. 인터넷을 통해 찾아본 배터리는 첨단 과학의 산물이었습니다. 배터리 원리에 대해 찾은 자료를 화학 선생님께 가져가서 여쭤보며 궁금한 내용에 대한 답을 들었습니다. 이때의 흥미가 지금의 화학과 진학 그리고 화학공학 복수 전공으로 이어졌습니다. 학부 시절을 배터리에 대한 학구열로 보내며 품질 보증 엔지니어가 되어 제품의 더 높은 신뢰성에 기여하는 꿈을 가지게 되었습니다.",
                "class": "적극적인"
            },
            {
                "index": 1,
                "raw": "에너지공학 강의를 통해 배터리의 메커니즘을 학습할 수 있었습니다. 특히 셀 단위에서 발생할 수 있는 이슈들을 배우며 고객에게 유출되지 않도록 방지하는 품질 직무의 가치를 깨달았습니다. 이후 배터리 공정에 대해 배우고 싶어 무기공업화학 강의를 수강하였고, 셀과 팩 단위 공정의 특성을 습득했습니다. 전기화학적 파라미터들을 읽는 능력을 기르고자 전기화학공학 수강하며 배터리 분야에 전문성을 넓히기 위해 노력했습니다.\n\n산업에 대한 지속적 관심은 ‘배터리 품질 현직자 교육’으로 이어졌습니다. 제품의 불량에서부터 원인으로 로직 트리를 작성하며 그동안 배운 이론을 통해 근본적인 원인을 찾아내는 인사이트를 갖추려 노력했습니다. FTA와 FMEA 방법론을 학습하고 기존 배터리 관련 이슈들에 대해 8D 리포트를 작성하였습니다. 그중 4D 단계에서의 발생 원인, 유출 원인, 재현시험이 가지는 중요성을 배웠습니다. 그리고 최근 이슈들에 대해 Vision과 외관 검사 강화가 필요한 이유를 체감할 수 있었습니다.\n\n현재는 제품의 안전과 직결되는 분리막에 관심을 가지고, 분리막 공정에 대한 논문들을 리뷰하여 발표하는 프로젝트에 참여 중입니다. 매일 취침 전 산업에 대한 뉴스를 정리하고, 끊임없이 탐구하며 전문성을 갖추고자 노력했습니다. 품질 관리를 위해서는 공정과 제품에 대한 깊은 이해가 필수적일 것입니다. 현업에서도 항상 학습하며 공정과 출하 중 발생할 수 있는 이슈들을 해결하고, 최고 품질의 제품 양산에 일조하겠습니다.",
                "class": "지속적인 성장을 추구하는,고도의 자기주도성을 가진"
            }
        ]
    }
}