{
    "meta": {
        "text_raw": "\"기상 후 공복 운동\"\n\n매일 기상 후 헬스장에서 한 시간 반 동안 운동하며 어제의 잡념을 잊고 재충전하는 것이 저의 행복 중 하나입니다. 운동으로 좋아지는 건강을 통해 ‘노력은 배신하지 않는다’라는 것을 체감했습니다. 최근엔 취업을 준비하면서 현직에 계신 선배들의 체력의 중요성을 강조하는 조언을 듣고 더 성실하게 운동하고 있습니다.\n\n운동을 통해 매일의 작은 성취감도 얻습니다. 항상 기상 직후 ‘오늘은 쉴까?’라는 생각이 먼저 듭니다. 하지만 이 작은 것도 실천하지 못한다면 어떤 것도 이룰 수 없다는 생각에 곧바로 헬스장으로 향했습니다. 어렵게 기상해 운동을 끝내고 맞는 상쾌한 아침은 ‘오늘 하루도 잘 시작했다’라는 성취감으로 이어져 저의 자존감을 높여줍니다.\n\n\"16년 차 축구인\"\n\n학창시절에 학업 스트레스를 해소하고자 했던 축구가 이제는 가장 좋아하는 취미가 되었습니다. 학부 시절에도 축구 동아리에서 활동하며 부원들과 연습 경기를 통해 친목을 다지고, 행복감을 쌓았습니다.\n\n축구를 하면서 ‘팀플레이’에 대한 교훈도 배웠습니다. 중학교 축구부 시절 본선을 앞둔 최종 연습 경기에서 감독님 눈에 들고자 각자가 잘하는 개인 플레이에 치중했습니다. 경기 내내 고전하며 결국 상대에게 참패를 당했습니다. 감독님께서 선수들에게‘원맨팀이 팀플레이를 하는 팀을 이길 수 없다’라는 말씀을 하셨고, 이는 제 신조가 되었습니다. 이후 축구뿐만 아니라 단체 생활에서도 팀워크를 우선시하고자 노력했습니다."
    },
    "anno_text_data": {
        "data": [
            {
                "index": 0,
                "raw": "\"기상 후 공복 운동\"\n\n매일 기상 후 헬스장에서 한 시간 반 동안 운동하며 어제의 잡념을 잊고 재충전하는 것이 저의 행복 중 하나입니다. 운동으로 좋아지는 건강을 통해 ‘노력은 배신하지 않는다’라는 것을 체감했습니다. 최근엔 취업을 준비하면서 현직에 계신 선배들의 체력의 중요성을 강조하는 조언을 듣고 더 성실하게 운동하고 있습니다.\n\n운동을 통해 매일의 작은 성취감도 얻습니다. 항상 기상 직후 ‘오늘은 쉴까?’라는 생각이 먼저 듭니다. 하지만 이 작은 것도 실천하지 못한다면 어떤 것도 이룰 수 없다는 생각에 곧바로 헬스장으로 향했습니다. 어렵게 기상해 운동을 끝내고 맞는 상쾌한 아침은 ‘오늘 하루도 잘 시작했다’라는 성취감으로 이어져 저의 자존감을 높여줍니다.",
                "class": "고도의 자기주도성을 가진,목표를 달성하는 능력을 갖춘"
            },
            {
                "index": 1,
                "raw": "\"16년 차 축구인\"\n\n학창시절에 학업 스트레스를 해소하고자 했던 축구가 이제는 가장 좋아하는 취미가 되었습니다. 학부 시절에도 축구 동아리에서 활동하며 부원들과 연습 경기를 통해 친목을 다지고, 행복감을 쌓았습니다.\n\n축구를 하면서 ‘팀플레이’에 대한 교훈도 배웠습니다. 중학교 축구부 시절 본선을 앞둔 최종 연습 경기에서 감독님 눈에 들고자 각자가 잘하는 개인 플레이에 치중했습니다. 경기 내내 고전하며 결국 상대에게 참패를 당했습니다. 감독님께서 선수들에게‘원맨팀이 팀플레이를 하는 팀을 이길 수 없다’라는 말씀을 하셨고, 이는 제 신조가 되었습니다. 이후 축구뿐만 아니라 단체 생활에서도 팀워크를 우선시하고자 노력했습니다.",
                "class": "다양성을 존중하는"
            }
        ]
    }
}