{
    "meta": {
        "text_raw": "\"최고의 신뢰성을 향해\"\n\n고교 시절 처음 가진 호기심에 인터넷을 통해 찾아본 배터리는 첨단 과학의 산물이었습니다. 이때의 흥미가 화학과 진학 그리고 화학공학 복수 전공으로 이어졌습니다. 학부 시절을 배터리에 대한 학구열로 보내며, 품질 직무로서 배터리의 한계를 넘어 더 나은 미래에 공헌하는 꿈을 갖게 되었습니다. 우수한 기술력을 위해 발전을 거듭하는 LG에너지솔루션은 저의 꿈을 이룰 곳이라고 생각합니다. 그동안 배운 지식들을 토대로 제품의 최고 수준의 신뢰성을 쌓는데 일조하겠습니다.\n에너지공학 강의를 통해 배터리에 대한 기본 지식을 쌓을 수 있었습니다. 셀 단위에서 발생할 수 있는 이슈들을 학습하며, 불량이 고객의 안전과 직결될 수 있음을 배웠습니다. 이후 배터리 산업에서 사용되는 각종 파라미터를 학습하기 위해 전기화학강의를 수강해 산업에 대한 기초를 닦았습니다.\n\n산업에 대한 지속적 관심은 ‘배터리 품질 현직자 교육’으로 이어졌고, FTA와 FMEA 방법론을 학습하였습니다. 또한 8D 리포트를 작성하며 현업에서 4D 단계 내 발생 원인, 유출 원인, 재현 시험 단계의 중요성을 깨달았습니다. 현재는 분리막 공정에 대한 논문들을 리뷰해 발표하는 프로젝트에 참여하며 최신 연구들을 습득하고 있습니다. 현업에서도 끊임없이 배터리와 공정에 대해 학습하며 개발, 생산, 출하 중 발생할 수 있는 이슈들을 예방하고 해결하는데 기여하겠습니다."
    },
    "anno_text_data": {
        "data": [
            {
                "index": 0,
                "raw": "\"최고의 신뢰성을 향해\"\n\n고교 시절 처음 가진 호기심에 인터넷을 통해 찾아본 배터리는 첨단 과학의 산물이었습니다. 이때의 흥미가 화학과 진학 그리고 화학공학 복수 전공으로 이어졌습니다. 학부 시절을 배터리에 대한 학구열로 보내며, 품질 직무로서 배터리의 한계를 넘어 더 나은 미래에 공헌하는 꿈을 갖게 되었습니다. 우수한 기술력을 위해 발전을 거듭하는 LG에너지솔루션은 저의 꿈을 이룰 곳이라고 생각합니다. 그동안 배운 지식들을 토대로 제품의 최고 수준의 신뢰성을 쌓는데 일조하겠습니다.\n에너지공학 강의를 통해 배터리에 대한 기본 지식을 쌓을 수 있었습니다. 셀 단위에서 발생할 수 있는 이슈들을 학습하며, 불량이 고객의 안전과 직결될 수 있음을 배웠습니다. 이후 배터리 산업에서 사용되는 각종 파라미터를 학습하기 위해 전기화학강의를 수강해 산업에 대한 기초를 닦았습니다.\n\n산업에 대한 지속적 관심은 ‘배터리 품질 현직자 교육’으로 이어졌고, FTA와 FMEA 방법론을 학습하였습니다. 또한 8D 리포트를 작성하며 현업에서 4D 단계 내 발생 원인, 유출 원인, 재현 시험 단계의 중요성을 깨달았습니다. 현재는 분리막 공정에 대한 논문들을 리뷰해 발표하는 프로젝트에 참여하며 최신 연구들을 습득하고 있습니다. 현업에서도 끊임없이 배터리와 공정에 대해 학습하며 개발, 생산, 출하 중 발생할 수 있는 이슈들을 예방하고 해결하는데 기여하겠습니다.",
                "class": "지속적인 성장을 추구하는,고도의 자기주도성을 가진"
            }
        ]
    }
}