{
    "meta": {
        "text_raw": "\"남원공장의 톱니바퀴\"\n\n생산기술은 시계의 톱니바퀴와 같다고 생각하며 유기적 협업으로 공동의 목표를 달성하는 제 이상향과 부합합니다. 각 톱니의 크기가 맞아야 시계가 돌아가는 것처럼, 부서별 맞춤 커뮤니케이션을 통해 긴밀한 협업을 이끌어 내겠습니다.\n학교와 학생 간의 커뮤니케이션 문제를 해결한 경험이 있습니다. 당시 학과 측에서 변경된 강의 방침을 신속하게 안내 것이 학생들에게 갑작스러운 통보로 다가왔습니다. 학과 근로 학생으로서 양측 입장을 이해할 수 있었습니다. 이에 많은 정보 중 학생들이 꼭 숙지해야 할 내용을 QnA 형식으로 SNS에 공유하고, 실시간 소통을 진행해 사태가 안정되는데 기여했습니다.\n이처럼 부서별 특성을 파악해 타 부서와 생산기술팀이 모두 만족할 커뮤니케이션으로 협업하는 '톱니바퀴'가 되겠습니다.\n\n\"변수 복합성 분석의 중요성\"\n\n또한 생산기술직은 공정 중 발생하는 이슈의 원인을 다양한 변수의 상호작용을 고려해 해결할 수 있어야 합니다.\nGO-TiO2 복합체 합성을 통한 RhB 분해 실험에서 발생한 문제를 변수들의 복합적 원인을 파악해 해결한 경험이 있습니다. 처음에는 문제 원인을 찾고자 개별적 변수를 개선해 실험을 반복했지만 원인을 파악할 수 없었습니다. 이후 산화된 전구체가 복합체의 구조 장애를 만들어 결과에 영향을 줄 수 있다고 가정해 변수 간 복합적 요인을 고려했습니다. 먼저 SEM으로 입체 구조를 확인할 수 있었고 전구체 환원 및 실험 보완을 통해 끝내 목표치를 달성할 수 있었습니다. 현업에서도 공정 이해를 먼저 갖춰, 복합적인 변수들로 비롯된 문제들의 대처 방안을 확립하겠습니다."
    },
    "anno_text_data": {
        "data": [
            {
                "index": 0,
                "raw": "\"남원공장의 톱니바퀴\"\n\n생산기술은 시계의 톱니바퀴와 같다고 생각하며 유기적 협업으로 공동의 목표를 달성하는 제 이상향과 부합합니다. 각 톱니의 크기가 맞아야 시계가 돌아가는 것처럼, 부서별 맞춤 커뮤니케이션을 통해 긴밀한 협업을 이끌어 내겠습니다.\n학교와 학생 간의 커뮤니케이션 문제를 해결한 경험이 있습니다. 당시 학과 측에서 변경된 강의 방침을 신속하게 안내 것이 학생들에게 갑작스러운 통보로 다가왔습니다. 학과 근로 학생으로서 양측 입장을 이해할 수 있었습니다. 이에 많은 정보 중 학생들이 꼭 숙지해야 할 내용을 QnA 형식으로 SNS에 공유하고, 실시간 소통을 진행해 사태가 안정되는데 기여했습니다.\n이처럼 부서별 특성을 파악해 타 부서와 생산기술팀이 모두 만족할 커뮤니케이션으로 협업하는 '톱니바퀴'가 되겠습니다.",
                "class": "탄탄한 의사소통 능력을 가진"
            },
            {
                "index": 1,
                "raw": "\"변수 복합성 분석의 중요성\"\n\n또한 생산기술직은 공정 중 발생하는 이슈의 원인을 다양한 변수의 상호작용을 고려해 해결할 수 있어야 합니다.\nGO-TiO2 복합체 합성을 통한 RhB 분해 실험에서 발생한 문제를 변수들의 복합적 원인을 파악해 해결한 경험이 있습니다. 처음에는 문제 원인을 찾고자 개별적 변수를 개선해 실험을 반복했지만 원인을 파악할 수 없었습니다. 이후 산화된 전구체가 복합체의 구조 장애를 만들어 결과에 영향을 줄 수 있다고 가정해 변수 간 복합적 요인을 고려했습니다. 먼저 SEM으로 입체 구조를 확인할 수 있었고 전구체 환원 및 실험 보완을 통해 끝내 목표치를 달성할 수 있었습니다. 현업에서도 공정 이해를 먼저 갖춰, 복합적인 변수들로 비롯된 문제들의 대처 방안을 확립하겠습니다.",
                "class": "유연한 사고를 가진"
            }
        ]
    }
}