{
    "meta": {
        "text_raw": "목표가 있으면 어려움이 있더라도 물러서지 않는 의지를 중요하게 생각합니다.\n2018년 임금협상이 결렬됨에 따라, 노동조합이 기습적으로 지방노동위원회에 조정신청을 했습니다. 사전에 팀장님이 휴가를 가시기로 예정된 상태였기 때문에, 조정 사건을 단독으로 수행하게 되었습니다. 입사한 지 몇 개월 만에 사용자 측의 대변인으로서 감독기관에 출석하는 것이 부담스러웠지만, 업무에 대한 책임감과 침착한 대응을 바탕으로 사전 조사를 받았습니다. 이후, 2차례에 걸친 조정회의 끝에 2018년의 임금교섭은 정부 인상률만 적용하는 것으로 성공적인 마무리를 했습니다."
    },
    "anno_text_data": {
        "data": [
            {
                "index": 0,
                "raw": "목표가 있으면 어려움이 있더라도 물러서지 않는 의지를 중요하게 생각합니다.\n2018년 임금협상이 결렬됨에 따라, 노동조합이 기습적으로 지방노동위원회에 조정신청을 했습니다. 사전에 팀장님이 휴가를 가시기로 예정된 상태였기 때문에, 조정 사건을 단독으로 수행하게 되었습니다. 입사한 지 몇 개월 만에 사용자 측의 대변인으로서 감독기관에 출석하는 것이 부담스러웠지만, 업무에 대한 책임감과 침착한 대응을 바탕으로 사전 조사를 받았습니다. 이후, 2차례에 걸친 조정회의 끝에 2018년의 임금교섭은 정부 인상률만 적용하는 것으로 성공적인 마무리를 했습니다.",
                "class": "고도의 책임감을 가진,적극적인"
            }
        ]
    }
}