{
    "meta": {
        "text_raw": "인사직무의 경우 임직원들과의 커뮤니케이션 역량이 필요하다 생각합니다. 저는 총무팀 인턴을 통하여 필요 역량을 길렀습니다.\n\n총무팀 인턴 당시 저는 34개 부서의 71명의 PA 들과 매일 대면하며 업무를 하였습니다. 처음에 PA들은 저를 잠깐 있다가 떠날 사람으로 인지하고 거리를 두어 편하게 대해주시지 않았습니다. 이에 저는 항상 웃으며 적극적으로 먼저 다가가고, 그들이 필요로 하는 것들에 귀 기울이며, 부탁한 일을 깔끔히 처리해 주며 신뢰를 얻고 인정받기 시작하였습니다. 이러한 노력을 바탕으로 팀에서도 인정을 받아 세미나 참여와 모든 임원이 참여하는 워크숍에 인솔자로 참여하게 되었습니다. 임원분들에게 공지를 전달하고, 안내하는 역할을 맡았고 성공적으로 마무리하며 팀 전체가 상여금을 받는 결과를 얻는 것에 일조하였습니다. 이러한 경험을 바탕으로 임직원들과 거리낌 없는 커뮤니케이션을 통하여 그들의 니즈를 파악 후 실현해 신뢰받는 직원이 될 것이며, 최고의 경영활동을 할 수 있도록 최적의 경영환경을 조성하는데 기여하여 임직원들 모두가 만족할 수 있도록 노력하겠습니다."
    },
    "anno_text_data": {
        "data": [
            {
                "index": 0,
                "raw": "인사직무의 경우 임직원들과의 커뮤니케이션 역량이 필요하다 생각합니다. 저는 총무팀 인턴을 통하여 필요 역량을 길렀습니다.\n\n총무팀 인턴 당시 저는 34개 부서의 71명의 PA 들과 매일 대면하며 업무를 하였습니다. 처음에 PA들은 저를 잠깐 있다가 떠날 사람으로 인지하고 거리를 두어 편하게 대해주시지 않았습니다. 이에 저는 항상 웃으며 적극적으로 먼저 다가가고, 그들이 필요로 하는 것들에 귀 기울이며, 부탁한 일을 깔끔히 처리해 주며 신뢰를 얻고 인정받기 시작하였습니다. 이러한 노력을 바탕으로 팀에서도 인정을 받아 세미나 참여와 모든 임원이 참여하는 워크숍에 인솔자로 참여하게 되었습니다. 임원분들에게 공지를 전달하고, 안내하는 역할을 맡았고 성공적으로 마무리하며 팀 전체가 상여금을 받는 결과를 얻는 것에 일조하였습니다. 이러한 경험을 바탕으로 임직원들과 거리낌 없는 커뮤니케이션을 통하여 그들의 니즈를 파악 후 실현해 신뢰받는 직원이 될 것이며, 최고의 경영활동을 할 수 있도록 최적의 경영환경을 조성하는데 기여하여 임직원들 모두가 만족할 수 있도록 노력하겠습니다.",
                "class": "다양한 의견을 수렴하는,탄탄한 의사소통 능력을 가진"
            }
        ]
    }
}