{
    "meta": {
        "text_raw": "직장인들에게 직업윤리는 가장 중요한 덕목으로, 각자 자기가 맡은 일에 투철한 사명감과 책임감을 가지고 일을 충실히 수행해야 하며, 도덕적이어야 한다고 생각합니다. 특히 주택공사와 같은 공기업의 경우 공공성과 투명성이 더욱 강조되어야 한다 생각합니다. 이 공공성과 투명성이 무너지는 경우엔 신뢰가 무너지고, 기업 이미지에도 직격탄을 맞을 수 있습니다. 일례로 최근 한 주택공사의 직원이 사전정보를 바탕으로 부동산투기를 하여 이슈가 되었던 적이 있습니다. 이러한 선례가 다시 발생하지 않도록 직업윤리 교육이 강화될 필요가 있습니다."
    },
    "anno_text_data": {
        "data": [
            {
                "index": 0,
                "raw": "직장인들에게 직업윤리는 가장 중요한 덕목으로, 각자 자기가 맡은 일에 투철한 사명감과 책임감을 가지고 일을 충실히 수행해야 하며, 도덕적이어야 한다고 생각합니다. 특히 주택공사와 같은 공기업의 경우 공공성과 투명성이 더욱 강조되어야 한다 생각합니다. 이 공공성과 투명성이 무너지는 경우엔 신뢰가 무너지고, 기업 이미지에도 직격탄을 맞을 수 있습니다. 일례로 최근 한 주택공사의 직원이 사전정보를 바탕으로 부동산투기를 하여 이슈가 되었던 적이 있습니다. 이러한 선례가 다시 발생하지 않도록 직업윤리 교육이 강화될 필요가 있습니다.",
                "class": "비전을 제시하는,비즈니스 마인드를 갖춘"
            }
        ]
    }
}