{
    "meta": {
        "text_raw": "저는 경기주택도시공사의 변화주도 GH인과 가장 부합된다고 생각합니다. 해외봉사 당시 문화공연준비에 많은 노력을 했던 경험이 있습니다. 봉사 마지막 날 준공식 행사를 위해 출국 1달 전부터 태권무 공연을 준비하였습니다. 하지만 중간 점검 당시 우리 조의 무대는 혹평을 받았습니다. 구성이 단순하고 역동적인 동작이 더욱 추가되면 좋겠다는 평을 받았습니다. 조원들은 당황하며 망연자실한 모습이었습니다. 하지만 시간이 없기에 최대한 빠르게 수정하고 연습을 하여야 했습니다. 이에 다양한 영상들을 보며 새로운 동작들을 의논하여 추가하고 수정하여 최종 점검 날까지 밤새 연습을 하였습니다. 결국, 최종점검 때 호평을 받게 되었고, 공연을 성공적으로 마무리할 수 있었습니다. 이 경험을 통하여 팀워크를 통해 같이 노력하면 결과를 바꿀 수 있다는 것을 배웠습니다. 또한, 위기를 극복하고 결과를 냈었던 경험이기에 가장 큰 성취감을 느꼈던 경험으로 생각됩니다. 어려움이 닥치면 변화를 주도하여 결과를 내는 직원이 되도록 하겠습니다."
    },
    "anno_text_data": {
        "data": [
            {
                "index": 0,
                "raw": "저는 경기주택도시공사의 변화주도 GH인과 가장 부합된다고 생각합니다. 해외봉사 당시 문화공연준비에 많은 노력을 했던 경험이 있습니다. 봉사 마지막 날 준공식 행사를 위해 출국 1달 전부터 태권무 공연을 준비하였습니다. 하지만 중간 점검 당시 우리 조의 무대는 혹평을 받았습니다. 구성이 단순하고 역동적인 동작이 더욱 추가되면 좋겠다는 평을 받았습니다. 조원들은 당황하며 망연자실한 모습이었습니다. 하지만 시간이 없기에 최대한 빠르게 수정하고 연습을 하여야 했습니다. 이에 다양한 영상들을 보며 새로운 동작들을 의논하여 추가하고 수정하여 최종 점검 날까지 밤새 연습을 하였습니다. 결국, 최종점검 때 호평을 받게 되었고, 공연을 성공적으로 마무리할 수 있었습니다. 이 경험을 통하여 팀워크를 통해 같이 노력하면 결과를 바꿀 수 있다는 것을 배웠습니다. 또한, 위기를 극복하고 결과를 냈었던 경험이기에 가장 큰 성취감을 느꼈던 경험으로 생각됩니다. 어려움이 닥치면 변화를 주도하여 결과를 내는 직원이 되도록 하겠습니다.",
                "class": "유연한 사고를 가진,신속한 의사결정을 내리는"
            }
        ]
    }
}