{
    "meta": {
        "text_raw": "\"금상보다 소중했던 끈기의 가치\"\n\n공모전에서 살균 제품의 유기물 분해 실험을 진행 중 발생한 문제를 해결해 금상을 수상한 경험이 있습니다. 아이디어 공모전을 참가하면서 전부터 관심이 있었던 ‘살균 제품 설계’를 주제로 선정해 금상을 목표했습니다. 설계 외에도 실험을 진행하여, 아이디어의 실효성 입증을 통해 경쟁 우위를 가져가고자 했습니다.\n\n제품으로 유리관 내부에 UV 램프를 삽입하고 외벽에는 GO와 TiO2 복합체를 코팅한 살균 손잡이를 고안했습니다. 한 논문을 참고하여 유기물 분해 반응을 진행하며, 실효성의 기준을 ‘15분 내 유기물의 90% 분해’로 두었습니다.\n\n하지만 반복되는 실험 모두 분해율이 30% 이하로 측정됐습니다. 최종 발표까지 4일 남은 상황에서 시험 기간의 압박까지 더해져 실험을 포기하자는 의견도 나왔습니다. 저 또한 잠시 고민했으나 문제의 원인만 밝혀낸다면 후행 작업은 손쉽게 마칠 수 있을 것으로 생각했습니다. 그래서 팀원들과 앞으로의 방향을 의논하며, 팀원들이 포기하지 않도록 격려를 보냈습니다. 이후 잠과 식사 시간을 줄여가면서 원인을 찾기 위해 관련 서적들을 참고하던 중 비슷한 내용의 논문을 찾을 수 있었습니다. 논문의 내용에 해당하는 ‘구조적 장애’ 여부를 확인하기 위해서 SEM이 필요하였고, 기기가 구비된 연구실에 모두 연락 드렸습니다. 사용이 가능하다고 온 연구실로 직행해 사용법을 직접 학습하여 마침내 TiO2의 고르지 못한 분포가 원인임을 확인할 수 있었습니다. 곧바로 팀원들과 이를 해결하기 위한 실험 과정 개선에 돌입하여 음파처리 시간을 늘리고, 질소 도핑 과정을 추가하였습니다. 그 결과 목표했던 90% 분해율을 측정할 수 있었습니다"
    },
    "anno_text_data": {
        "data": [
            {
                "index": 0,
                "raw": "\"금상보다 소중했던 끈기의 가치\"\n\n공모전에서 살균 제품의 유기물 분해 실험을 진행 중 발생한 문제를 해결해 금상을 수상한 경험이 있습니다. 아이디어 공모전을 참가하면서 전부터 관심이 있었던 ‘살균 제품 설계’를 주제로 선정해 금상을 목표했습니다. 설계 외에도 실험을 진행하여, 아이디어의 실효성 입증을 통해 경쟁 우위를 가져가고자 했습니다.\n\n제품으로 유리관 내부에 UV 램프를 삽입하고 외벽에는 GO와 TiO2 복합체를 코팅한 살균 손잡이를 고안했습니다. 한 논문을 참고하여 유기물 분해 반응을 진행하며, 실효성의 기준을 ‘15분 내 유기물의 90% 분해’로 두었습니다.",
                "class": "고도의 자기주도성을 가진"
            },
            {
                "index": 1,
                "raw": "하지만 반복되는 실험 모두 분해율이 30% 이하로 측정됐습니다. 최종 발표까지 4일 남은 상황에서 시험 기간의 압박까지 더해져 실험을 포기하자는 의견도 나왔습니다. 저 또한 잠시 고민했으나 문제의 원인만 밝혀낸다면 후행 작업은 손쉽게 마칠 수 있을 것으로 생각했습니다. 그래서 팀원들과 앞으로의 방향을 의논하며, 팀원들이 포기하지 않도록 격려를 보냈습니다. 이후 잠과 식사 시간을 줄여가면서 원인을 찾기 위해 관련 서적들을 참고하던 중 비슷한 내용의 논문을 찾을 수 있었습니다. 논문의 내용에 해당하는 ‘구조적 장애’ 여부를 확인하기 위해서 SEM이 필요하였고, 기기가 구비된 연구실에 모두 연락 드렸습니다. 사용이 가능하다고 온 연구실로 직행해 사용법을 직접 학습하여 마침내 TiO2의 고르지 못한 분포가 원인임을 확인할 수 있었습니다. 곧바로 팀원들과 이를 해결하기 위한 실험 과정 개선에 돌입하여 음파처리 시간을 늘리고, 질소 도핑 과정을 추가하였습니다. 그 결과 목표했던 90% 분해율을 측정할 수 있었습니다",
                "class": "탄탄한 의사소통 능력을 가진,신속한 의사결정을 내리는"
            }
        ]
    }
}