{
    "meta": {
        "text_raw": "\"팀 플레이어\"\n\n저는 팀을 위해 항상 헌신할 준비가 되어 있습니다. 고교 시절 학교 대표 축구팀에서 뛰면서 감독님께서 자주 하신 “원맨팀은 팀플레이를 하는 팀을 이길 수 없다”라는 말씀은 제 신조가 되었습니다. 이후 학부 시절에 기업 연계형 공모전을 진행하면서 시간이 오래 걸리는 기업 방문 및 회의를 자진해서 담당했습니다. 회의 내용을 토대로 팀원들 각자가 자신 있어 하는 역할을 담당할 수 있도록 했습니다. 효율적인 분업을 통해 프로젝트가 원활하게 진행되었고 최종 발표에서 호평 받으며 금상에 입상할 수 있었습니다. 현업에서도 유관 부서와의 협업에서 헌신적인 태도로 일관하며 유기적인 팀워크를 이끌어 내겠습니다.\n\n\"원칙주의자\"\n\n종종 원칙을 고집해 빨리 갈 수 있는 길을 놓친 경우가 있었습니다. 이러한 단점을 깨닫고 항상 경험자에게 조언을 구해 유연성을 갖추고자 노력해왔습니다. 입사 후에도 선배님들의 노하우를 먼저 여쭙고 이를 참고해 품질 프로세스에 필요한 효율을 더하겠습니다."
    },
    "anno_text_data": {
        "data": [
            {
                "index": 0,
                "raw": "\"팀 플레이어\"\n\n저는 팀을 위해 항상 헌신할 준비가 되어 있습니다. 고교 시절 학교 대표 축구팀에서 뛰면서 감독님께서 자주 하신 “원맨팀은 팀플레이를 하는 팀을 이길 수 없다”라는 말씀은 제 신조가 되었습니다. 이후 학부 시절에 기업 연계형 공모전을 진행하면서 시간이 오래 걸리는 기업 방문 및 회의를 자진해서 담당했습니다. 회의 내용을 토대로 팀원들 각자가 자신 있어 하는 역할을 담당할 수 있도록 했습니다. 효율적인 분업을 통해 프로젝트가 원활하게 진행되었고 최종 발표에서 호평 받으며 금상에 입상할 수 있었습니다. 현업에서도 유관 부서와의 협업에서 헌신적인 태도로 일관하며 유기적인 팀워크를 이끌어 내겠습니다.",
                "class": "다양한 의견을 수렴하는,탄탄한 의사소통 능력을 가진"
            },
            {
                "index": 1,
                "raw": "\"원칙주의자\"\n\n종종 원칙을 고집해 빨리 갈 수 있는 길을 놓친 경우가 있었습니다. 이러한 단점을 깨닫고 항상 경험자에게 조언을 구해 유연성을 갖추고자 노력해왔습니다. 입사 후에도 선배님들의 노하우를 먼저 여쭙고 이를 참고해 품질 프로세스에 필요한 효율을 더하겠습니다.",
                "class": "다양한 의견을 수렴하는"
            }
        ]
    }
}