{
    "meta": {
        "text_raw": "민주노총 산하의 노동조합 업무를 처음 담당하던 당시, 다양한 이해관계자들과 상생하는 방법을 배웠습니다.\n해당 분야의 지식만 갖췄지 실제 노하우가 없던 당시의 저는, 논리적인 데이터를 근거로 상대를 설득하면 입금협상에서 승산이 있다고 생각했습니다. 하지만, 14회에 거친 협상에도 불구하고 임금협상이 결렬되었습니다. 그때의 경험을 되돌아보면, 결국 노동조합이 원했던 것은 탄탄한 데이터가 아니라 상대의 마음을 어루만져주는 것이 아니었나 생각합니다.\n상대가 어떤 어려움이 있는지 귀가 아닌 \"마음\"으로 들어주는 태도가 모든 업무의 핵심이었습니다. 거대 노조 뿐 아니라, 당장 근거리에 있는 제 옆자리 동료가 어떤 생각을 하며 회사를 다니고 있는지 관심을 갖겠습니다."
    },
    "anno_text_data": {
        "data": [
            {
                "index": 0,
                "raw": "민주노총 산하의 노동조합 업무를 처음 담당하던 당시, 다양한 이해관계자들과 상생하는 방법을 배웠습니다.\n해당 분야의 지식만 갖췄지 실제 노하우가 없던 당시의 저는, 논리적인 데이터를 근거로 상대를 설득하면 입금협상에서 승산이 있다고 생각했습니다. 하지만, 14회에 거친 협상에도 불구하고 임금협상이 결렬되었습니다. 그때의 경험을 되돌아보면, 결국 노동조합이 원했던 것은 탄탄한 데이터가 아니라 상대의 마음을 어루만져주는 것이 아니었나 생각합니다.\n상대가 어떤 어려움이 있는지 귀가 아닌 \"마음\"으로 들어주는 태도가 모든 업무의 핵심이었습니다. 거대 노조 뿐 아니라, 당장 근거리에 있는 제 옆자리 동료가 어떤 생각을 하며 회사를 다니고 있는지 관심을 갖겠습니다.",
                "class": "데이터 기반의 의사결정을 하는,다양한 의견을 수렴하는"
            }
        ]
    }
}