{
    "meta": {
        "text_raw": "풍물동아리 활동으로 공연하면서 직접 느낀 불편한 점들을 바탕으로 구성원들에게 해결방안을 제시하여 더욱 최고의 공연을 하기위해 노력했던 경험이 있습니다.\n\n공간과 시간의 제약을 줄이고자 하였습니다. 연습을 위해 많은 사람이 작은 공간에서 매일 연습하기는 벅찼습니다. 이에 첫째, 각 악기가 연습할 수 있는 공간을 마련하기 위해 총학생회 측에 문의하여 공간을 확보하였습니다. 둘째, 혼자서도 연습할 수 있도록 영상을 찍어 배포하기로 하였습니다. 1학년 때 연습을 할 당시 선배가 앞에서 가르쳐주면 따라 하는 방식으로 어렵고 이해하기도 벅찼습니다. 이에 각 악기가 홀로 연습할 수 있는 영상과 전체 합주 영상을 찍어 배포하여 이해도를 높이도록 도왔습니다. 이것은 연습 불참자도 다음 연습 때 뒤처지지 않도록 도와주었습니다. 결과적으로 연습 속도를 높여 빠르게 공연 준비를 할 수 있었고, 관객들에게 더욱 질 높은 공연을 선보이며 동아리 구성원들로부터 신뢰를 얻을 수 있었습니다. 이러한 경험을 바탕으로 임직원들의 소리에 귀 기울여 니즈를 파악 후 개선하도록 노력하며, 최고의 환경에서 근무할 수 있도록 필요한 복지와 제도를 구축하여 지원할 수 있는 직원이 되겠습니다."
    },
    "anno_text_data": {
        "data": [
            {
                "index": 0,
                "raw": "풍물동아리 활동으로 공연하면서 직접 느낀 불편한 점들을 바탕으로 구성원들에게 해결방안을 제시하여 더욱 최고의 공연을 하기위해 노력했던 경험이 있습니다.\n\n공간과 시간의 제약을 줄이고자 하였습니다. 연습을 위해 많은 사람이 작은 공간에서 매일 연습하기는 벅찼습니다. 이에 첫째, 각 악기가 연습할 수 있는 공간을 마련하기 위해 총학생회 측에 문의하여 공간을 확보하였습니다.",
                "class": "적극적인"
            },
            {
                "index": 1,
                "raw": "둘째, 혼자서도 연습할 수 있도록 영상을 찍어 배포하기로 하였습니다. 1학년 때 연습을 할 당시 선배가 앞에서 가르쳐주면 따라 하는 방식으로 어렵고 이해하기도 벅찼습니다. 이에 각 악기가 홀로 연습할 수 있는 영상과 전체 합주 영상을 찍어 배포하여 이해도를 높이도록 도왔습니다. 이것은 연습 불참자도 다음 연습 때 뒤처지지 않도록 도와주었습니다. 결과적으로 연습 속도를 높여 빠르게 공연 준비를 할 수 있었고, 관객들에게 더욱 질 높은 공연을 선보이며 동아리 구성원들로부터 신뢰를 얻을 수 있었습니다. 이러한 경험을 바탕으로 임직원들의 소리에 귀 기울여 니즈를 파악 후 개선하도록 노력하며, 최고의 환경에서 근무할 수 있도록 필요한 복지와 제도를 구축하여 지원할 수 있는 직원이 되겠습니다.",
                "class": "다양한 의견을 수렴하는,탄탄한 의사소통 능력을 가진,선한 영향력을 행사하는"
            }
        ]
    }
}