{
    "meta": {
        "text_raw": "\"고객이 필요한 것을 실현할 수 있는 기업\"\n\n토스팀은 불가능한 것을 꿈꾸고 그것을 가능하게 만드는 사람들로 이루어져 있습니다. 송금뿐만 아니라 금융 서비스의 모든 분야에서 이런 혁신을 일으켜, 대한민국 모든 국민이 금융과 관련된 일을 해야 할 때 첫 번째로 찾는 서비스가 되기 위해 끊임없이 고민하고 생각합니다. 저는 이러한 혁신을 일으키고, 팀 문화 자체가 브랜드인 토스팀에 어울리는 인재들을 채용하여 혁신에 도움이 되고 싶기에 지원하였습니다. 토스뱅크는 금융 산업의 축을 공급자 중심에서 사용자 중심으로 완전히 옮겨오는 은행이 되는 것과 접근성을 높인다는 목표를 바탕으로 혁신을 이루고자 노력하고 있습니다. “일상생활에서 은행에 직접 가야만 처리 가능한 업무들을 직장 내에서, 집에서, 타지에서 편하게 처리할 수 없을까?” 라는 생각들을 하게 되며 이러한 불편한 은행의 단점을 해결할 수 있는 것은 확실한 목표가 있는 토스뱅크가 해결할 수 있다고 확신하게 되었습니다. 금융 산업의 축을 사용자 중심으로 옮기며, 접근성을 높일 수 있도록 토스뱅크에 어울리는 인재들을 채용하여 고객들이 필요한 것을 실현할 수 있도록 기여하고 싶습니다."
    },
    "anno_text_data": {
        "data": [
            {
                "index": 0,
                "raw": "\"고객이 필요한 것을 실현할 수 있는 기업\"\n\n토스팀은 불가능한 것을 꿈꾸고 그것을 가능하게 만드는 사람들로 이루어져 있습니다. 송금뿐만 아니라 금융 서비스의 모든 분야에서 이런 혁신을 일으켜, 대한민국 모든 국민이 금융과 관련된 일을 해야 할 때 첫 번째로 찾는 서비스가 되기 위해 끊임없이 고민하고 생각합니다. 저는 이러한 혁신을 일으키고, 팀 문화 자체가 브랜드인 토스팀에 어울리는 인재들을 채용하여 혁신에 도움이 되고 싶기에 지원하였습니다. 토스뱅크는 금융 산업의 축을 공급자 중심에서 사용자 중심으로 완전히 옮겨오는 은행이 되는 것과 접근성을 높인다는 목표를 바탕으로 혁신을 이루고자 노력하고 있습니다. “일상생활에서 은행에 직접 가야만 처리 가능한 업무들을 직장 내에서, 집에서, 타지에서 편하게 처리할 수 없을까?” 라는 생각들을 하게 되며 이러한 불편한 은행의 단점을 해결할 수 있는 것은 확실한 목표가 있는 토스뱅크가 해결할 수 있다고 확신하게 되었습니다. 금융 산업의 축을 사용자 중심으로 옮기며, 접근성을 높일 수 있도록 토스뱅크에 어울리는 인재들을 채용하여 고객들이 필요한 것을 실현할 수 있도록 기여하고 싶습니다.",
                "class": "비즈니스 마인드를 갖춘"
            }
        ]
    }
}