{
    "meta": {
        "text_raw": "\"비비고 만두의 세계 고유명사 化\"\n\n최근 코로나 바이러스 유행으로 집에서 식사를 해결하는 ‘집밥족’이 늘며 HMR 시장이 급격히 성장하고 있습니다. 그 중 비비고 만두는 세계적으로 사랑받으며 CJ제일제당이 글로벌 식품사로 도약할 수 있게 만들었습니다. 단순히 현지화된 레시피로 생산하는 것이 아닌 한국식 조리법을 유지하며 현지 시장에 맞춘 생산이 결정적인 요인이라 생각합니다. 이에 생산기술직으로서 새로운 시장의 입맛에 맞춘 새 공정 기술을 빠르게 갖출 수 있는 specialist가 되어, 비비고 만두의 세계화를 넘어 고유명사로 쓰이는 날이 오도록 하겠습니다.\n\n이를 위해 먼저 입사 후 국내 시장 점유율을 높이는데 기여하겠습니다. 현재 국내 만두 시장 또한 타 기업들의 CJ제일제당을 따라잡기 위한 노력이 계속되며 경쟁이 심화될 것으로 예상됩니다. 이에 남원 공장의 전체 공정과 기술에 대한 전반적 이해를 갖춰 생산기술직으로서 공정 원가절감을 통한 제품의 경쟁력을 높이겠습니다. 또한 상황에 따라 공급처가 바뀔 수 있는 식자재 특성에도 항상 같은 맛을 낼 수 있도록 공정 개선에 끊임없이 노력하겠습니다.\n\n또한 새로운 시장 진출을 위해 필요한 새 공정 설계 및 양산을 R&D, 생산, 품질팀과 긴밀히 협업해 이뤄내겠습니다. 이를 통해 CJ제일제당이 원했던 만두 맛을 공정의 결과물로 만들어낼 수 있는 기술력을 갖추도록 하겠습니다. 이후에도 진출할 시장의 특성과 언어를 학습하며 또 다른 시장 확보를 위해 노력해 ‘비비고 만두’가 세계 공용 고유명사로 쓰이게 하는 Global No. 1 Process Engineer가 되겠습니다."
    },
    "anno_text_data": {
        "data": [
            {
                "index": 0,
                "raw": "\"비비고 만두의 세계 고유명사 化\"\n\n최근 코로나 바이러스 유행으로 집에서 식사를 해결하는 ‘집밥족’이 늘며 HMR 시장이 급격히 성장하고 있습니다. 그 중 비비고 만두는 세계적으로 사랑받으며 CJ제일제당이 글로벌 식품사로 도약할 수 있게 만들었습니다. 단순히 현지화된 레시피로 생산하는 것이 아닌 한국식 조리법을 유지하며 현지 시장에 맞춘 생산이 결정적인 요인이라 생각합니다. 이에 생산기술직으로서 새로운 시장의 입맛에 맞춘 새 공정 기술을 빠르게 갖출 수 있는 specialist가 되어, 비비고 만두의 세계화를 넘어 고유명사로 쓰이는 날이 오도록 하겠습니다.\n\n이를 위해 먼저 입사 후 국내 시장 점유율을 높이는데 기여하겠습니다. 현재 국내 만두 시장 또한 타 기업들의 CJ제일제당을 따라잡기 위한 노력이 계속되며 경쟁이 심화될 것으로 예상됩니다. 이에 남원 공장의 전체 공정과 기술에 대한 전반적 이해를 갖춰 생산기술직으로서 공정 원가절감을 통한 제품의 경쟁력을 높이겠습니다. 또한 상황에 따라 공급처가 바뀔 수 있는 식자재 특성에도 항상 같은 맛을 낼 수 있도록 공정 개선에 끊임없이 노력하겠습니다.",
                "class": "비즈니스 마인드를 갖춘"
            },
            {
                "index": 1,
                "raw": "또한 새로운 시장 진출을 위해 필요한 새 공정 설계 및 양산을 R&D, 생산, 품질팀과 긴밀히 협업해 이뤄내겠습니다. 이를 통해 CJ제일제당이 원했던 만두 맛을 공정의 결과물로 만들어낼 수 있는 기술력을 갖추도록 하겠습니다. 이후에도 진출할 시장의 특성과 언어를 학습하며 또 다른 시장 확보를 위해 노력해 ‘비비고 만두’가 세계 공용 고유명사로 쓰이게 하는 Global No. 1 Process Engineer가 되겠습니다.",
                "class": "탄탄한 의사소통 능력을 가진"
            }
        ]
    }
}