{
    "meta": {
        "text_raw": "\"불량은 품질 검사에서 멈춘다\"\n\n올바른 품질 검사를 통해 배터리의 ‘불량 유출률 0%’를 성공시키는 것이 저의 꿈입니다. 현업에 임할 때 제품의 안전성이 고객의 안전과 직결된다는 마음가짐으로 품질 검사에서 불량을 모두 검수할 수 있도록 하겠습니다. 이를 위해 입사 후 세 가지의 노력을 할 것입니다.\n첫째, 기존 품질 검사 프로세스에 대해 배우겠습니다. 개별적 검사에서 어떠한 근본적 원인을 찾아낼 수 있는지에 대해 로직 트리를 그려 현업의 기초를 다지겠습니다.\n둘째, 전체 공정과 각 공정의 특성을 학습하며 발생할 수 있는 변수들을 파악하겠습니다. 특히 직접 눈으로 확인할 수 없는 부분들에 대한 데이터 분석을 강화하여 진행해 불량 유출을 막겠습니다.\n셋째, 발생한 이슈 해결과 재발 방지를 위해 유관부서와 긴밀히 협업하겠습니다. 설계, 생산관리, 공정기술, CS팀과 정기적인 품평회를 통해 ‘불량 유출률 0%’를 달성하고 고객이 만족할 품질과 제품의 안전성을 이뤄내겠습니다."
    },
    "anno_text_data": {
        "data": [
            {
                "index": 0,
                "raw": "\"불량은 품질 검사에서 멈춘다\"\n\n올바른 품질 검사를 통해 배터리의 ‘불량 유출률 0%’를 성공시키는 것이 저의 꿈입니다. 현업에 임할 때 제품의 안전성이 고객의 안전과 직결된다는 마음가짐으로 품질 검사에서 불량을 모두 검수할 수 있도록 하겠습니다. 이를 위해 입사 후 세 가지의 노력을 할 것입니다.\n첫째, 기존 품질 검사 프로세스에 대해 배우겠습니다. 개별적 검사에서 어떠한 근본적 원인을 찾아낼 수 있는지에 대해 로직 트리를 그려 현업의 기초를 다지겠습니다.",
                "class": ""
            },
            {
                "index": 1,
                "raw": "둘째, 전체 공정과 각 공정의 특성을 학습하며 발생할 수 있는 변수들을 파악하겠습니다. 특히 직접 눈으로 확인할 수 없는 부분들에 대한 데이터 분석을 강화하여 진행해 불량 유출을 막겠습니다.",
                "class": "고도의 책임감을 가진,고도의 자기주도성을 가진"
            },
            {
                "index": 2,
                "raw": "셋째, 발생한 이슈 해결과 재발 방지를 위해 유관부서와 긴밀히 협업하겠습니다. 설계, 생산관리, 공정기술, CS팀과 정기적인 품평회를 통해 ‘불량 유출률 0%’를 달성하고 고객이 만족할 품질과 제품의 안전성을 이뤄내겠습니다.",
                "class": "다양한 의견을 수렴하는,탄탄한 의사소통 능력을 가진"
            }
        ]
    }
}