{
    "meta": {
        "text_raw": "작년은 코로나 사태로 인하여 정신적으로 힘들고, 자존감이 많이 무너져 있는 상태였습니다. 인턴 기간이 끝나고 취업을 빠르게 하고 싶었지만, 쉽게 이루어지지 않았고 이내 점차 지쳐갔습니다. 이에 더는 무너지지 않기 위해 저 자신을 강화하기 위해 장애물 레이스에 도전하여 완주 할 수 있을 만큼의 체력 강화와 떨어져 있던 자존감을 끌어올리는 것을 목표로 하였습니다. 단 한 번도 도전해보지 않았던 10km 장애물 레이스는 저를 극한으로 몰고, 한계를 뛰어넘을 수 있는 좋은 처방전이라 생각했습니다. 매일 학교 운동장을 뛰며 지구력을 기르고, 근력운동을 통해 근력을 키웠습니다. 하지만 대회 한 달 전부터 코로나 확진자가 급증하여 대회 일주일 전 결국 취소되었습니다. 대회 참가를 하지 못하여 아쉽지만, 대회를 준비하는 과정에서 이미 체력은 많이 향상되어 있었고, 자존감도 많이 회복되어 만족할 수 있었습니다.\n\n이를 통해 목표를 향해 달려가다 보면 목표를 이루기 위해 노력했던 과정들이 모두 나에게 자산이 된다는 것을 깨달았습니다. 새로운 것에 도전하는 데 있어 두려움을 이겨내고 부딪혀 내 것으로 만들어 최고의 결과를 낼 수 있는 직원이 되도록 하겠습니다."
    },
    "anno_text_data": {
        "data": [
            {
                "index": 0,
                "raw": "작년은 코로나 사태로 인하여 정신적으로 힘들고, 자존감이 많이 무너져 있는 상태였습니다. 인턴 기간이 끝나고 취업을 빠르게 하고 싶었지만, 쉽게 이루어지지 않았고 이내 점차 지쳐갔습니다. 이에 더는 무너지지 않기 위해 저 자신을 강화하기 위해 장애물 레이스에 도전하여 완주 할 수 있을 만큼의 체력 강화와 떨어져 있던 자존감을 끌어올리는 것을 목표로 하였습니다. 단 한 번도 도전해보지 않았던 10km 장애물 레이스는 저를 극한으로 몰고, 한계를 뛰어넘을 수 있는 좋은 처방전이라 생각했습니다. 매일 학교 운동장을 뛰며 지구력을 기르고, 근력운동을 통해 근력을 키웠습니다. 하지만 대회 한 달 전부터 코로나 확진자가 급증하여 대회 일주일 전 결국 취소되었습니다. 대회 참가를 하지 못하여 아쉽지만, 대회를 준비하는 과정에서 이미 체력은 많이 향상되어 있었고, 자존감도 많이 회복되어 만족할 수 있었습니다.\n\n이를 통해 목표를 향해 달려가다 보면 목표를 이루기 위해 노력했던 과정들이 모두 나에게 자산이 된다는 것을 깨달았습니다. 새로운 것에 도전하는 데 있어 두려움을 이겨내고 부딪혀 내 것으로 만들어 최고의 결과를 낼 수 있는 직원이 되도록 하겠습니다.",
                "class": "목표를 달성하는 능력을 갖춘,고도의 자기주도성을 가진"
            }
        ]
    }
}