{
    "meta": {
        "text_raw": "넥센의 제품들은 고객들의 안전과 직결되기 때문에 품질의 신뢰성은 필수라고 생각합니다. 따라서 품질 직무로서 갖춰야 하는 능력은 품질 검사 중 발생한 이슈에 대해 근본적인 원인을 찾는 분석력과 이를 해결하기 위해 유관 부서와 협업할 수 있는 팀워크입니다. 학부 시절 경험들을 통해 이러한 능력들을 갖추고자 노력했습니다.\n\n\"불량은 품질팀에서 멈춘다\"\n\n품질 직무를 희망하며 ‘품질 실무자 교육’을 수강했습니다. FTA와 FMEA 방법론을 학습하며 장애 식별에서부터 근본적 원인으로 접근하는 방법을 배웠습니다. 또한 기존 이슈가 고객에게 유출된 사례를 토대로 8D report를 작성하며 품질 직무자로서 갖추어야 할 인사이트를 함양하고자 했습니다. 그중 4D 단계에서의 발생 원인, 유출 원인, 재현시험을 진행하는 단계의 중요성을 학습할 수 있었습니다. 이는 직무에 대한 이해도를 높이고, 현업에서 제품 검사를 수행할 시 발생하는 이슈에 대해 더욱 근본적인 원인을 찾을 수 있는 밑거름이 될 것입니다.\n\"팀보다 위대한 선수는 없다\"\n\n고교 시절 학교 대표 축구팀에서 뛰면서 감독님께서 자주 하셨던 “원맨팀은 팀플레이를 하는 팀을 이길 수 없다”라는 말씀은 제 신조가 되었습니다.\n최근 공모전에서도 자진해서 시간이 오래 걸리는 선행 작업을 맡았습니다. 팀원들은 저를 배려해 후행 작업을 미리 시작하며 팀으로서 공모전을 진행할 수 있었습니다. 해당 공모전에서 호평 받으며 팀워크의 가치를 다시금 배웠습니다. 현업에서도 품질 팀의 일원으로서, 넥센의 엔지니어로서 유관 부서와의 협업을 위해 헌신해 제품의 신뢰성을 높이는데 기여하겠습니다."
    },
    "anno_text_data": {
        "data": [
            {
                "index": 0,
                "raw": "넥센의 제품들은 고객들의 안전과 직결되기 때문에 품질의 신뢰성은 필수라고 생각합니다. 따라서 품질 직무로서 갖춰야 하는 능력은 품질 검사 중 발생한 이슈에 대해 근본적인 원인을 찾는 분석력과 이를 해결하기 위해 유관 부서와 협업할 수 있는 팀워크입니다. 학부 시절 경험들을 통해 이러한 능력들을 갖추고자 노력했습니다.",
                "class": "고도의 자기주도성을 가진"
            },
            {
                "index": 1,
                "raw": "\"불량은 품질팀에서 멈춘다\"\n\n품질 직무를 희망하며 ‘품질 실무자 교육’을 수강했습니다. FTA와 FMEA 방법론을 학습하며 장애 식별에서부터 근본적 원인으로 접근하는 방법을 배웠습니다. 또한 기존 이슈가 고객에게 유출된 사례를 토대로 8D report를 작성하며 품질 직무자로서 갖추어야 할 인사이트를 함양하고자 했습니다. 그중 4D 단계에서의 발생 원인, 유출 원인, 재현시험을 진행하는 단계의 중요성을 학습할 수 있었습니다. 이는 직무에 대한 이해도를 높이고, 현업에서 제품 검사를 수행할 시 발생하는 이슈에 대해 더욱 근본적인 원인을 찾을 수 있는 밑거름이 될 것입니다.",
                "class": "지속적인 성장을 추구하는"
            },
            {
                "index": 2,
                "raw": "\"팀보다 위대한 선수는 없다\"\n\n고교 시절 학교 대표 축구팀에서 뛰면서 감독님께서 자주 하셨던 “원맨팀은 팀플레이를 하는 팀을 이길 수 없다”라는 말씀은 제 신조가 되었습니다.\n최근 공모전에서도 자진해서 시간이 오래 걸리는 선행 작업을 맡았습니다. 팀원들은 저를 배려해 후행 작업을 미리 시작하며 팀으로서 공모전을 진행할 수 있었습니다. 해당 공모전에서 호평 받으며 팀워크의 가치를 다시금 배웠습니다. 현업에서도 품질 팀의 일원으로서, 넥센의 엔지니어로서 유관 부서와의 협업을 위해 헌신해 제품의 신뢰성을 높이는데 기여하겠습니다.",
                "class": "다양한 의견을 수렴하는,선한 영향력을 행사하는"
            }
        ]
    }
}