{
    "meta": {
        "text_raw": "\"신속한 소통을 위한 학과 SNS를 최초 개설\"\n\n학과 근로 학생으로 근무하면서 학교와 학생들의 즉각적인 소통을 위한 SNS를 개설해 커뮤니케이션 문제를 해결한 경험이 있습니다. 당시 학과 측과 학생들이 소통할 수 있는 방법은 학과 사무실로 직접 전화하는 것뿐이었습니다.\n당시 코로나 바이러스의 유행으로 인해 개강을 2주도 채 남기지 않은 상황에서 전체 강의의 방침이 변경되었고, 학과가 이를 신속하게 통보한 것이 저를 비롯한 학생들에게는 갑작스럽게 다가왔습니다. 학생들의 문의 전화로 학과 사무실은 매우 분주했습니다. 게다가 대부분의 문의가 비슷한 내용으로 소모적인 상황이었습니다. 학과에서 근로 근무를 하며 학과 측의 입장과 학생들의 입장을 이해하였기에 동시에 만족할 해결방안으로 SNS를 고안했습니다.\n\n먼저 학생들의 공통된 질문을 이후 학과 홈페이지 FAQ로 게시하고 그 외 궁금증을 실시간으로 문답하고자 게시글 하단에 SNS로 이동되는 링크를 기재해, 많은 학생들이 참여할 수 있도록 했습니다. 정확한 정보를 전달하기 위해 변경된 방침들을 먼저 정리한 뒤 학생들과 실시간으로 소통했습니다. 마지막에는 항상 ‘더 궁금하신 점은 없으신가요?’라고 꼭 물으며 확실한 해결을 위해 노력했습니다.\n\n기존 일방적 공지와 다르게 학교 측에서 원했던 신속한 공지와 학생들이 원한 자세한 피드백을 동시에 해결할 수 있었습니다. 이후 사태가 안정되며 큰 문제없이 개강할 수 있었습니다. 현업에서도 새로운 발상으로 혁신을 위해 노력하겠습니다. 또한 고객 지향적인 가치관을 가지고 항상 고객의 클레임을 적절히 대처할 수 있음을 자부합니다."
    },
    "anno_text_data": {
        "data": [
            {
                "index": 0,
                "raw": "\"신속한 소통을 위한 학과 SNS를 최초 개설\"\n\n학과 근로 학생으로 근무하면서 학교와 학생들의 즉각적인 소통을 위한 SNS를 개설해 커뮤니케이션 문제를 해결한 경험이 있습니다. 당시 학과 측과 학생들이 소통할 수 있는 방법은 학과 사무실로 직접 전화하는 것뿐이었습니다.\n당시 코로나 바이러스의 유행으로 인해 개강을 2주도 채 남기지 않은 상황에서 전체 강의의 방침이 변경되었고, 학과가 이를 신속하게 통보한 것이 저를 비롯한 학생들에게는 갑작스럽게 다가왔습니다. 학생들의 문의 전화로 학과 사무실은 매우 분주했습니다. 게다가 대부분의 문의가 비슷한 내용으로 소모적인 상황이었습니다. 학과에서 근로 근무를 하며 학과 측의 입장과 학생들의 입장을 이해하였기에 동시에 만족할 해결방안으로 SNS를 고안했습니다.\n\n먼저 학생들의 공통된 질문을 이후 학과 홈페이지 FAQ로 게시하고 그 외 궁금증을 실시간으로 문답하고자 게시글 하단에 SNS로 이동되는 링크를 기재해, 많은 학생들이 참여할 수 있도록 했습니다. 정확한 정보를 전달하기 위해 변경된 방침들을 먼저 정리한 뒤 학생들과 실시간으로 소통했습니다. 마지막에는 항상 ‘더 궁금하신 점은 없으신가요?’라고 꼭 물으며 확실한 해결을 위해 노력했습니다.\n\n기존 일방적 공지와 다르게 학교 측에서 원했던 신속한 공지와 학생들이 원한 자세한 피드백을 동시에 해결할 수 있었습니다. 이후 사태가 안정되며 큰 문제없이 개강할 수 있었습니다. 현업에서도 새로운 발상으로 혁신을 위해 노력하겠습니다. 또한 고객 지향적인 가치관을 가지고 항상 고객의 클레임을 적절히 대처할 수 있음을 자부합니다.",
                "class": "유연한 사고를 가진,창의력을 가진,다양한 의견을 수렴하는,문제해결능력이 뛰어난"
            }
        ]
    }
}