{
    "meta": {
        "text_raw": "\"불량률 0%에 도전\"\n\n엔지니어로서 기존의 한계를 넘어 더 나은 미래가 되도록 공헌하는 것이 제가 가진 직업관입니다. 제품의 기술력을 끊임없이 발전시켜 운전자의 안전을 책임지는 넥센은 저의 꿈을 완성할 곳이라고 생각합니다. 품질 직무로서 고객의 안전과 직결된다는 마음가짐으로 현업에 임하며 ‘불량률 0%’에 도전하겠습니다. 이를 위해 입사 후 세 가지의 노력을 할 것입니다.\n\n첫째, 전체 제조 공정과 제품 특성에 대해 깊이 학습하겠습니다. 이러한 이해는 공정과 제품의 변수들을 파악해, 제품 검사 중 발생하는 이슈의 근본적 원인을 찾는데 필수적일 것입니다.\n둘째, 고객의 클레임을 수렴하고, 신제품 분석을 기반으로 검사 프로세스의 개선을 위해 노력하겠습니다. 시장이 성숙기에 진입한 상황에서 기술적 혁신이 기업의 경쟁력과 직결된다고 생각합니다. 최근 1위로 인정받은 소음 테스트뿐만 아니라 연비, 제동력 등에서도 세계 최고로 인정받으며 ‘믿고 쓰는 넥센’이 될 수 있도록 하겠습니다.\n셋째, 자동차 시장의 트렌드를 읽겠습니다. 업계 특성상 자동차 시장과 밀접한 영향을 가지고 있습니다. 그중 최근 세계적인 친환경 정책에 맞춰 특히 EV 시장의 성장이 두드러지며 자율주행 자동차에 대한 개발도 이루어지고 있습니다. 발전하는 자동차 스펙에 맞춰 생산되는 OE와 RE의 요구되는 스펙 또한 변화할 것입니다. 이에 맞춘 제품 검사를 위해 노력하겠습니다.\n\n위 세 가지의 노력을 통해 ‘불량률 0%’의 최고 품질과 최고 기술력으로 세계 시장을 선도하는 넥센이 되는데 기여하고 싶습니다."
    },
    "anno_text_data": {
        "data": [
            {
                "index": 0,
                "raw": "\"불량률 0%에 도전\"\n\n엔지니어로서 기존의 한계를 넘어 더 나은 미래가 되도록 공헌하는 것이 제가 가진 직업관입니다. 제품의 기술력을 끊임없이 발전시켜 운전자의 안전을 책임지는 넥센은 저의 꿈을 완성할 곳이라고 생각합니다. 품질 직무로서 고객의 안전과 직결된다는 마음가짐으로 현업에 임하며 ‘불량률 0%’에 도전하겠습니다. 이를 위해 입사 후 세 가지의 노력을 할 것입니다.\n\n첫째, 전체 제조 공정과 제품 특성에 대해 깊이 학습하겠습니다. 이러한 이해는 공정과 제품의 변수들을 파악해, 제품 검사 중 발생하는 이슈의 근본적 원인을 찾는데 필수적일 것입니다.",
                "class": "고도의 자기주도성을 가진,고도의 책임감을 가진"
            },
            {
                "index": 1,
                "raw": "둘째, 고객의 클레임을 수렴하고, 신제품 분석을 기반으로 검사 프로세스의 개선을 위해 노력하겠습니다. 시장이 성숙기에 진입한 상황에서 기술적 혁신이 기업의 경쟁력과 직결된다고 생각합니다. 최근 1위로 인정받은 소음 테스트뿐만 아니라 연비, 제동력 등에서도 세계 최고로 인정받으며 ‘믿고 쓰는 넥센’이 될 수 있도록 하겠습니다.",
                "class": "다양한 의견을 수렴하는,비즈니스 마인드를 갖춘"
            },
            {
                "index": 2,
                "raw": "셋째, 자동차 시장의 트렌드를 읽겠습니다. 업계 특성상 자동차 시장과 밀접한 영향을 가지고 있습니다. 그중 최근 세계적인 친환경 정책에 맞춰 특히 EV 시장의 성장이 두드러지며 자율주행 자동차에 대한 개발도 이루어지고 있습니다. 발전하는 자동차 스펙에 맞춰 생산되는 OE와 RE의 요구되는 스펙 또한 변화할 것입니다. 이에 맞춘 제품 검사를 위해 노력하겠습니다.\n\n위 세 가지의 노력을 통해 ‘불량률 0%’의 최고 품질과 최고 기술력으로 세계 시장을 선도하는 넥센이 되는데 기여하고 싶습니다.",
                "class": "적응력이 높은,비즈니스 마인드를 갖춘"
            }
        ]
    }
}