{
    "meta": {
        "text_raw": "저는 자료를 분석하고 조직하는 능력이 강합니다. 일용직을 고용해 하루 2000장의 파일을 편집해야 하는 단기프로젝트를 수행했습니다. 제한된 시간 내에 꾸준한 생산수준을 유지해야 했는데, 단순 작업이기 때문에 생산성이 며칠 만에 떨어졌습니다. 이를 보완하기 위해, 작업량을 모니터링 할 수 있는 산출파일을 제작했습니다. 결국 계획했던 2만장보다 더 많은 작업을 끝낼 수 있었고, 프로젝트 종료 후, 프로그래머와 디자인팀 모두에게 인력관리에 대한 호평을 받았습니다.\n\n성실함과 꾸준함을 바탕으로 자기계발을 해왔습니다. 통신회사 재직 중 공인노무사 시험을 준비하면서 1차 시험에 합격했습니다. 수학내용을 바탕으로 포괄임금제도의 미비한 부분을 보완했습니다. 덕분에 차년도 근로감독에서 제가 보완한 부분이 문제없이 통과되면서 몇 천만원 상당의 행정처분을 예방할 수 있었습니다. 업무에 필요한 자격증이기도 했지만, 1년 간 일과 학업을 병행하면서 생활 태도와 정신력을 다잡을 수 있었습니다."
    },
    "anno_text_data": {
        "data": [
            {
                "index": 0,
                "raw": "저는 자료를 분석하고 조직하는 능력이 강합니다. 일용직을 고용해 하루 2000장의 파일을 편집해야 하는 단기프로젝트를 수행했습니다. 제한된 시간 내에 꾸준한 생산수준을 유지해야 했는데, 단순 작업이기 때문에 생산성이 며칠 만에 떨어졌습니다. 이를 보완하기 위해, 작업량을 모니터링 할 수 있는 산출파일을 제작했습니다. 결국 계획했던 2만장보다 더 많은 작업을 끝낼 수 있었고, 프로젝트 종료 후, 프로그래머와 디자인팀 모두에게 인력관리에 대한 호평을 받았습니다.",
                "class": "적극적인,고도의 책임감을 가진"
            },
            {
                "index": 1,
                "raw": "성실함과 꾸준함을 바탕으로 자기계발을 해왔습니다. 통신회사 재직 중 공인노무사 시험을 준비하면서 1차 시험에 합격했습니다. 수학내용을 바탕으로 포괄임금제도의 미비한 부분을 보완했습니다. 덕분에 차년도 근로감독에서 제가 보완한 부분이 문제없이 통과되면서 몇 천만원 상당의 행정처분을 예방할 수 있었습니다. 업무에 필요한 자격증이기도 했지만, 1년 간 일과 학업을 병행하면서 생활 태도와 정신력을 다잡을 수 있었습니다.",
                "class": "지속적인 성장을 추구하는"
            }
        ]
    }
}