{
    "meta": {
        "text_raw": "\"Do you know Bibigo?\"\n\n엔지니어로서 기존의 한계를 넘어 더 나은 미래가 되도록 공헌하고 싶습니다. 한식의 세계화를 위해 끊임없는 발전을 노력하는 CJ제일제당은 저의 직업관을 실현할 가장 적합한 곳이라고 생각합니다. 생산기술 직무로서 ‘세계화된 한국의 맛’을 완벽히 구현해 K-Food 열풍 리드에 일조하고 싶습니다.\n\"끊임없이 배우자\"\n\n저의 지식 탐구 열정은 ‘ONLYONE’입니다. 학부 시절은 공정에 대한 학습의 열의로 가득 차 있었습니다. 화학을 전공하며 배운 원론들이 공정에서 어떻게 쓰이는지 배우고자 화학공학을 복수 전공했습니다. 유체유동, 화학반응공학, 물질전달을 수강해 공정에서 쓰이는 매개변수를 이해하는 역량을 길렀습니다.\n공정에 대한 탐구욕은 화공기사를 취득으로 이어졌고, 이처럼 현업에서도 탐구 열정을 가지고 끊임없이 배우겠습니다. 담당 공정의 이해를 시작으로 새로운 공정을 학습해 세계 시장 수요에 맞는 최고의 생산성에 도전하겠습니다.\n\n\"팀보다 위대한 선수는 없다\"\n\n저의 팀플레이를 위한 헌신은 ‘ONLYONE’입니다. 고교 시절 학교 대표 축구팀에서 뛰면서 감독님께서 자주 하셨던 “원맨팀은 팀플레이를 하는 팀을 이길 수 없다”라는 말씀은 지금의 제 신조입니다.\n최근 공모전에서도 자진해서 시간이 오래 걸리는 선행 작업을 맡았습니다. 팀원들은 저를 배려해 후행 작업을 미리 시작하며 팀으로서 공모전을 진행했습니다. 해당 공모전에서 금상을 받으며 팀워크의 가치를 다시금 깨달았습니다. 현업에서도 생산기술 팀원으로서, 남원공장의 엔지니어로서 팀워크를 위해 헌신해 공정에 효율을 더하겠습니다."
    },
    "anno_text_data": {
        "data": [
            {
                "index": 0,
                "raw": "\"Do you know Bibigo?\"\n\n엔지니어로서 기존의 한계를 넘어 더 나은 미래가 되도록 공헌하고 싶습니다. 한식의 세계화를 위해 끊임없는 발전을 노력하는 CJ제일제당은 저의 직업관을 실현할 가장 적합한 곳이라고 생각합니다. 생산기술 직무로서 ‘세계화된 한국의 맛’을 완벽히 구현해 K-Food 열풍 리드에 일조하고 싶습니다.",
                "class": "비즈니스 마인드를 갖춘"
            },
            {
                "index": 1,
                "raw": "\"끊임없이 배우자\"\n\n저의 지식 탐구 열정은 ‘ONLYONE’입니다. 학부 시절은 공정에 대한 학습의 열의로 가득 차 있었습니다. 화학을 전공하며 배운 원론들이 공정에서 어떻게 쓰이는지 배우고자 화학공학을 복수 전공했습니다. 유체유동, 화학반응공학, 물질전달을 수강해 공정에서 쓰이는 매개변수를 이해하는 역량을 길렀습니다.\n공정에 대한 탐구욕은 화공기사를 취득으로 이어졌고, 이처럼 현업에서도 탐구 열정을 가지고 끊임없이 배우겠습니다. 담당 공정의 이해를 시작으로 새로운 공정을 학습해 세계 시장 수요에 맞는 최고의 생산성에 도전하겠습니다.",
                "class": "지속적인 성장을 추구하는"
            },
            {
                "index": 2,
                "raw": "\"팀보다 위대한 선수는 없다\"\n\n저의 팀플레이를 위한 헌신은 ‘ONLYONE’입니다. 고교 시절 학교 대표 축구팀에서 뛰면서 감독님께서 자주 하셨던 “원맨팀은 팀플레이를 하는 팀을 이길 수 없다”라는 말씀은 지금의 제 신조입니다.\n최근 공모전에서도 자진해서 시간이 오래 걸리는 선행 작업을 맡았습니다. 팀원들은 저를 배려해 후행 작업을 미리 시작하며 팀으로서 공모전을 진행했습니다. 해당 공모전에서 금상을 받으며 팀워크의 가치를 다시금 깨달았습니다. 현업에서도 생산기술 팀원으로서, 남원공장의 엔지니어로서 팀워크를 위해 헌신해 공정에 효율을 더하겠습니다.",
                "class": "선한 영향력을 행사하는"
            }
        ]
    }
}