{
    "meta": {
        "text_raw": "채용 직무는 직원들과의 거리낌 없는 커뮤니케이션과 신뢰감이 가장 필요한 역량이라 생각됩니다. 이에 저는 총무팀 인턴 활동을 통하여 필요역량을 길렀습니다.\n\n총무팀 인턴 당시 저는 34개 부서의 71명의 PA 들과 매일 대면하며 업무를 하였습니다. 처음에 PA들은 저를 잠깐 있다가 떠날 사람으로 인지하고 거리를 두어 편하게 대해주시지 않았습니다. 이에 저는 항상 웃으며 적극적으로 먼저 다가가고, 그들이 필요로 하는 것들에 귀 기울이며, 부탁한 일을 깔끔히 처리해 주며 신뢰를 얻고 인정받기 시작하였습니다. 이러한 노력을 바탕으로 팀에서도 인정을 받아 세미나 참여와 모든 임원이 참여하는 워크숍에 인솔자로 참여하게 되었습니다. 임원분들에게 공지를 전달하고, 안내하는 역할을 맡았고 성공적으로 마무리하며 팀 전체가 상여금을 받는 결과를 얻는 것에 일조하였습니다. 이러한 경험을 바탕으로 직원들과 거리낌 없는 커뮤니케이션을 통하여 토스뱅크의 부서의 동료 직원들로부터 신뢰를 얻는 Coordinator가 되는 것이 목표입니다. 토스뱅크에 필요한 인재들을 파악하고, 이력서들을 꼼꼼하게 스크리닝하여 각 팀에 꼭 필요한 인재를 매칭하여 토스뱅크의 성장에 기여하여 신뢰를 얻고 싶습니다. 이를 위해 입사 후 토스뱅크에서 진행하는 수많은 사업의 실질적 내용을 파악하고, 이를 업무와 접목할 수 있도록 꾸준히 학습하여 성장해 나아갈 것입니다. 그것을 토대로 토스뱅크의 방향성과 목표에 맞는 인재채용에 앞장서겠습니다."
    },
    "anno_text_data": {
        "data": [
            {
                "index": 0,
                "raw": "채용 직무는 직원들과의 거리낌 없는 커뮤니케이션과 신뢰감이 가장 필요한 역량이라 생각됩니다. 이에 저는 총무팀 인턴 활동을 통하여 필요역량을 길렀습니다.\n\n총무팀 인턴 당시 저는 34개 부서의 71명의 PA 들과 매일 대면하며 업무를 하였습니다. 처음에 PA들은 저를 잠깐 있다가 떠날 사람으로 인지하고 거리를 두어 편하게 대해주시지 않았습니다. 이에 저는 항상 웃으며 적극적으로 먼저 다가가고, 그들이 필요로 하는 것들에 귀 기울이며, 부탁한 일을 깔끔히 처리해 주며 신뢰를 얻고 인정받기 시작하였습니다. 이러한 노력을 바탕으로 팀에서도 인정을 받아 세미나 참여와 모든 임원이 참여하는 워크숍에 인솔자로 참여하게 되었습니다. 임원분들에게 공지를 전달하고, 안내하는 역할을 맡았고 성공적으로 마무리하며 팀 전체가 상여금을 받는 결과를 얻는 것에 일조하였습니다. 이러한 경험을 바탕으로 직원들과 거리낌 없는 커뮤니케이션을 통하여 토스뱅크의 부서의 동료 직원들로부터 신뢰를 얻는 Coordinator가 되는 것이 목표입니다.",
                "class": "다양한 의견을 수렴하는,선한 영향력을 행사하는"
            },
            {
                "index": 1,
                "raw": "토스뱅크에 필요한 인재들을 파악하고, 이력서들을 꼼꼼하게 스크리닝하여 각 팀에 꼭 필요한 인재를 매칭하여 토스뱅크의 성장에 기여하여 신뢰를 얻고 싶습니다. 이를 위해 입사 후 토스뱅크에서 진행하는 수많은 사업의 실질적 내용을 파악하고, 이를 업무와 접목할 수 있도록 꾸준히 학습하여 성장해 나아갈 것입니다. 그것을 토대로 토스뱅크의 방향성과 목표에 맞는 인재채용에 앞장서겠습니다.",
                "class": "지속적인 성장을 추구하는,고도의 자기주도성을 가진"
            }
        ]
    }
}