{
    "meta": {
        "text_raw": "1) 구성원들이 의견 차이를 보였던 견해에는 어떤 것들이 있었고 그 이유는 무엇인지, 그리고 본인 입장은 어땠는지 기술해주오. (200자)\nSW학과 졸업작품 작업 중, 한 팀원이 대면 작업 중에 피곤하다며 종종 자곤 했습니다. 자는 팀원이 분위기를 저해해 협업에 방해가 된다며 다른 팀원이 화를 냈습니다. 다른 팀원도 평소에 불만을 느꼈기에 제지하지 않았고, 갈등은 고조되어갔습니다. 분쟁에 끼고 싶지 않았지만, 이대로는 팀원 모두가 손실을 떠안게 되리라 판단해 중재했습니다.\n\n2) 상대방을 이해하기 위해 어떤 노력을 하셨는지, 상대방을 설득하기 위해 본인이 사용한 방법이 무엇이고 결과는 어땠는지 기술해 주십시오. (400자)\n일단, 감정을 가라앉힌 뒤 양측의 불만과 견해 차이를 정리했습니다. 결과 중심 팀원과 과정 중심 팀원들 간에 의견 차이를 확인하고, 근본적 원인을 찾아보았습니다. 객관적으로 보니 양측의 갈등은 성격 차이로 부터 시작되어 쌓여왔음을 알게 되었습니다. 서로 진행 방식이 틀린 것이 아닌 다른 것임을 알고 이해하자 팀 전체가 안정됐습니다. 각자 성향에 맞게 업무를 재배정하고, 서로의 다름을 비난하기보다 인정하고 배려하기를 당부했습니다. 처음엔 혼란스럽고 막막했지만, 문제점을 객관적인 시각에서 나열하고 토의했습니다. 그 결과로 갈등의 근본적 원인을 파악했으며 기초적 해결책을 얻을 수 있었습니다.\n\n3) 대화를 진행하는 과정에서 가장 중요하게 생각한 점은 무엇이었는지 기술해 주십시오. (200자)\n상대방의 입장을 이해하고 배려하는 것 입니다. 대화의 불통과 오해는 근본적으로 상대의 처지를 잘못 이해할 때 생기기 시작합니다. 또한 상대를 배려하지 않는다면 일방적으로 행동하는 사람, 소위 말하는 “꼰대”가 되고 협동력이 떨어지는 사람이 될 것 입니다."
    },
    "anno_text_data": {
        "data": [
            {
                "index": 0,
                "raw": "1) 구성원들이 의견 차이를 보였던 견해에는 어떤 것들이 있었고 그 이유는 무엇인지, 그리고 본인 입장은 어땠는지 기술해주오. (200자)\nSW학과 졸업작품 작업 중, 한 팀원이 대면 작업 중에 피곤하다며 종종 자곤 했습니다. 자는 팀원이 분위기를 저해해 협업에 방해가 된다며 다른 팀원이 화를 냈습니다. 다른 팀원도 평소에 불만을 느꼈기에 제지하지 않았고, 갈등은 고조되어갔습니다. 분쟁에 끼고 싶지 않았지만, 이대로는 팀원 모두가 손실을 떠안게 되리라 판단해 중재했습니다.",
                "class": "문제해결능력이 뛰어난,다양한 의견을 수렴하는"
            },
            {
                "index": 1,
                "raw": "2) 상대방을 이해하기 위해 어떤 노력을 하셨는지, 상대방을 설득하기 위해 본인이 사용한 방법이 무엇이고 결과는 어땠는지 기술해 주십시오. (400자)\n일단, 감정을 가라앉힌 뒤 양측의 불만과 견해 차이를 정리했습니다. 결과 중심 팀원과 과정 중심 팀원들 간에 의견 차이를 확인하고, 근본적 원인을 찾아보았습니다. 객관적으로 보니 양측의 갈등은 성격 차이로 부터 시작되어 쌓여왔음을 알게 되었습니다. 서로 진행 방식이 틀린 것이 아닌 다른 것임을 알고 이해하자 팀 전체가 안정됐습니다. 각자 성향에 맞게 업무를 재배정하고, 서로의 다름을 비난하기보다 인정하고 배려하기를 당부했습니다. 처음엔 혼란스럽고 막막했지만, 문제점을 객관적인 시각에서 나열하고 토의했습니다. 그 결과로 갈등의 근본적 원인을 파악했으며 기초적 해결책을 얻을 수 있었습니다.",
                "class": "문제해결능력이 뛰어난,다양한 의견을 수렴하는"
            },
            {
                "index": 2,
                "raw": "3) 대화를 진행하는 과정에서 가장 중요하게 생각한 점은 무엇이었는지 기술해 주십시오. (200자)\n상대방의 입장을 이해하고 배려하는 것 입니다. 대화의 불통과 오해는 근본적으로 상대의 처지를 잘못 이해할 때 생기기 시작합니다. 또한 상대를 배려하지 않는다면 일방적으로 행동하는 사람, 소위 말하는 “꼰대”가 되고 협동력이 떨어지는 사람이 될 것 입니다.",
                "class": "다양한 의견을 수렴하는,탄탄한 의사소통 능력을 가진,다양성을 존중하는"
            }
        ]
    }
}