{
    "meta": {
        "text_raw": "새로운 도전을 위해 대학 시절 OO 유학을 떠나게 되었습니다. 조금 늦은 나이의 도전이라 부족한 영어 실력으로 많은 어려움에 부딪쳤습니다. 잠깐 좌절도 했지만 그보다 가장 힘들었던 것은 부모님이 주신 소중한 기회를 제대로 활용하고 있지 못하고 있는 저의 모습이었습니다. 저는 좌절보다는 노력을 택하였습니다. 매주 영어 학원과 스터디그룹에 참석하였으며 다양한 이들과의 대화를 위해 혼자 펍에 가 친구를 사귀기도 하고 아르바이트를 통해 많은 이들과의 소통으로 영어 실력뿐만 아니라 소통력과 관계력까지도 키울 수 있었습니다. 이러한 경험을 바탕으로 경동나비엔의 일원이 되어서도 어떠한 어려움 속에서도 좌절하지 않고 백절불굴의 자세로 부족한 점을 계속해서 연구하고 개선하여 끊임없는 변화 속에서 끊임없는 노력으로 성공이라는 꽃을 피우도록 하겠습니다."
    },
    "anno_text_data": {
        "data": [
            {
                "index": 0,
                "raw": "새로운 도전을 위해 대학 시절 OO 유학을 떠나게 되었습니다. 조금 늦은 나이의 도전이라 부족한 영어 실력으로 많은 어려움에 부딪쳤습니다. 잠깐 좌절도 했지만 그보다 가장 힘들었던 것은 부모님이 주신 소중한 기회를 제대로 활용하고 있지 못하고 있는 저의 모습이었습니다. 저는 좌절보다는 노력을 택하였습니다. 매주 영어 학원과 스터디그룹에 참석하였으며 다양한 이들과의 대화를 위해 혼자 펍에 가 친구를 사귀기도 하고 아르바이트를 통해 많은 이들과의 소통으로 영어 실력뿐만 아니라 소통력과 관계력까지도 키울 수 있었습니다. 이러한 경험을 바탕으로 경동나비엔의 일원이 되어서도 어떠한 어려움 속에서도 좌절하지 않고 백절불굴의 자세로 부족한 점을 계속해서 연구하고 개선하여 끊임없는 변화 속에서 끊임없는 노력으로 성공이라는 꽃을 피우도록 하겠습니다.",
                "class": "탄탄한 의사소통 능력을 가진,지속적인 성장을 추구하는,목표를 달성하는 능력을 갖춘,긍정적인 태도를 갖춘"
            }
        ]
    }
}