{
    "meta": {
        "text_raw": "우리은행에 지원한 가장 큰 이유는 디지털 트랜스포메이션을 적극적으로 진행하여 디지털 혁신을 도모하는 기업이기 때문입니다. 코로나로 인한 언택트 시대가 오면서 핀테크를 중심으로 은행의 사업이 더욱 빠르게 변화하고 있습니다. 우리은행은 100% 디지털 분야 채용 등으로 이런 흐름에 따라갈 수 있도록 준비하고 있습니다. 특히 금융산업 빅데이터는 데이터 보유량이 많고 그 증가 속도가 빠릅니다. 이는 곧 다양한 분석 기회의 제공으로 저의 분석 역량을 키우고 우리은행과 같이 성장할 기회가 될 것입니다.\n\n디지털 그룹으로 배치 후 영업현장으로 파견 가는 것 역시 우리은행을 선택한 이유 중 하나입니다. 대부분 은행은 바로 영업현장으로 파견되어, 분석 역량을 유지하기 위해 무엇을 해야 할지 고민이 될 것 같았습니다. 그러나 우리은행에서는 배치된 곳에 맞춰 미리 관련 역량을 준비할 수 있을 것입니다.\n\n우리은행에 입행 후 추천시스템 개발이나 자연어 처리의 전문가가 되고 싶습니다. 금융상품의 추천시스템 개발로 고객이 바로 체감할 수 있는 서비스를 개발하고 싶습니다. 혹은 자연어 처리를 통해 사용자의 거래 내역을 분류하거나 AI 상담 서비스 향상에 이바지하고 싶습니다."
    },
    "anno_text_data": {
        "data": [
            {
                "index": 0,
                "raw": "우리은행에 지원한 가장 큰 이유는 디지털 트랜스포메이션을 적극적으로 진행하여 디지털 혁신을 도모하는 기업이기 때문입니다. 코로나로 인한 언택트 시대가 오면서 핀테크를 중심으로 은행의 사업이 더욱 빠르게 변화하고 있습니다. 우리은행은 100% 디지털 분야 채용 등으로 이런 흐름에 따라갈 수 있도록 준비하고 있습니다. 특히 금융산업 빅데이터는 데이터 보유량이 많고 그 증가 속도가 빠릅니다. 이는 곧 다양한 분석 기회의 제공으로 저의 분석 역량을 키우고 우리은행과 같이 성장할 기회가 될 것입니다.\n\n디지털 그룹으로 배치 후 영업현장으로 파견 가는 것 역시 우리은행을 선택한 이유 중 하나입니다. 대부분 은행은 바로 영업현장으로 파견되어, 분석 역량을 유지하기 위해 무엇을 해야 할지 고민이 될 것 같았습니다. 그러나 우리은행에서는 배치된 곳에 맞춰 미리 관련 역량을 준비할 수 있을 것입니다.\n\n우리은행에 입행 후 추천시스템 개발이나 자연어 처리의 전문가가 되고 싶습니다. 금융상품의 추천시스템 개발로 고객이 바로 체감할 수 있는 서비스를 개발하고 싶습니다. 혹은 자연어 처리를 통해 사용자의 거래 내역을 분류하거나 AI 상담 서비스 향상에 이바지하고 싶습니다.",
                "class": "문제해결능력이 뛰어난,지속적인 성장을 추구하는"
            }
        ]
    }
}