{
    "meta": {
        "text_raw": "1) 어떤 능력을 개발하였고, 이러한 능력개발을 위해 어떤 목표를 세웠는지 기술해 주십시오. (200자)\n전산시스템을 이루는 HW, SW, 통신 세가지 분야를 모두 아우르는, 전문성을 가지면서도 융합적 사고가 가능한 엔지니어를 목표로 삼아 재학중 다양한 경험을 했습니다. 이 중, 쌓을 수 있는 SW 지식이 제한적인 전자공학과에서 정보통신공학과로 전과를 결심했습니다. 당시 유일하게 전과가 가능했고, 소프트웨어 관련 과목이 많이 있었기 때문입니다.\n\n2) 목표 달성을 위해 어떤 계획을 세웠고, 계획을 실천하는 과정에서 가장 어려웠던 점과 이를 어떻게 극복하였는지 기술해 주십시오.(400자)\n전과 당시 이미 고학년이었기 때문에 졸업이 더 늦어지는 것을 막아야 했고, 과목별 학점도 좋게 받아야 했습니다. 하지만 들어야 할 과목은 많았고, 과목들의 특성은 모르는데다 일부 과목은 선행 기초 지식이 없어 학습해야 할 양은 기하급수적으로 늘었습니다.\n\n이를 해결하기 위해 지피지기면 백전불태, 학과를 파악했습니다. 신중한 과목 선택을 위해 듣는 수업마다 무조건 반장에 지원했습니다. 수강생들과 친분을 쌓고 정보를 얻기에 좋았기 때문입니다. 수집 정보 기반으로 다음 과목의 요구 기초를 배워뒀습니다. 또한 수면 시간을 5시간으로 줄였고, 체력을 위해 운동을 병행했습니다. 그리고, 인적 자원의 수율을 끌어 올렸습니다. 프로젝트에서 팀장을 맡으면 SW 개발 프로세스와 HRM기법을 응용해 체계적으로 계획했습니다.\n그 결과 계획대로 3학기 만에 졸업했고, HW와 SW 두 분야의 기본기를 다졌습니다.\n\n3) 향후 자신의 능력을 향상시키고 이를 잘 활용하기 위해 어떻게 노력할 것인지 기술해주십시오. (200자)\n이러한 경험을 통해 융합적 사고가 주는 잠재력을 보았고, 배움을 멈추고 싶지 않습니다. 그래서 취직 후 전공과 심리학 박사, 언어학 석사 취득을 계획하고 있습니다. 저의 개인적 역량을 지속적으로 끌어올리고, 집단 안에서 그룹원의 시너지를 향상시켜 기업에 없어선 안될 인재가 되기 위해 노력할 것 입니다."
    },
    "anno_text_data": {
        "data": [
            {
                "index": 0,
                "raw": "1) 어떤 능력을 개발하였고, 이러한 능력개발을 위해 어떤 목표를 세웠는지 기술해 주십시오. (200자)\n전산시스템을 이루는 HW, SW, 통신 세가지 분야를 모두 아우르는, 전문성을 가지면서도 융합적 사고가 가능한 엔지니어를 목표로 삼아 재학중 다양한 경험을 했습니다. 이 중, 쌓을 수 있는 SW 지식이 제한적인 전자공학과에서 정보통신공학과로 전과를 결심했습니다. 당시 유일하게 전과가 가능했고, 소프트웨어 관련 과목이 많이 있었기 때문입니다.",
                "class": "지속적인 성장을 추구하는"
            },
            {
                "index": 1,
                "raw": "2) 목표 달성을 위해 어떤 계획을 세웠고, 계획을 실천하는 과정에서 가장 어려웠던 점과 이를 어떻게 극복하였는지 기술해 주십시오.(400자)\n전과 당시 이미 고학년이었기 때문에 졸업이 더 늦어지는 것을 막아야 했고, 과목별 학점도 좋게 받아야 했습니다. 하지만 들어야 할 과목은 많았고, 과목들의 특성은 모르는데다 일부 과목은 선행 기초 지식이 없어 학습해야 할 양은 기하급수적으로 늘었습니다.\n\n이를 해결하기 위해 지피지기면 백전불태, 학과를 파악했습니다. 신중한 과목 선택을 위해 듣는 수업마다 무조건 반장에 지원했습니다. 수강생들과 친분을 쌓고 정보를 얻기에 좋았기 때문입니다. 수집 정보 기반으로 다음 과목의 요구 기초를 배워뒀습니다. 또한 수면 시간을 5시간으로 줄였고, 체력을 위해 운동을 병행했습니다. 그리고, 인적 자원의 수율을 끌어 올렸습니다. 프로젝트에서 팀장을 맡으면 SW 개발 프로세스와 HRM기법을 응용해 체계적으로 계획했습니다.\n그 결과 계획대로 3학기 만에 졸업했고, HW와 SW 두 분야의 기본기를 다졌습니다.",
                "class": "탄탄한 의사소통 능력을 가진,지속적인 성장을 추구하는,목표를 달성하는 능력을 갖춘"
            },
            {
                "index": 2,
                "raw": "3) 향후 자신의 능력을 향상시키고 이를 잘 활용하기 위해 어떻게 노력할 것인지 기술해주십시오. (200자)\n이러한 경험을 통해 융합적 사고가 주는 잠재력을 보았고, 배움을 멈추고 싶지 않습니다. 그래서 취직 후 전공과 심리학 박사, 언어학 석사 취득을 계획하고 있습니다. 저의 개인적 역량을 지속적으로 끌어올리고, 집단 안에서 그룹원의 시너지를 향상시켜 기업에 없어선 안될 인재가 되기 위해 노력할 것 입니다.",
                "class": "지속적인 성장을 추구하는"
            }
        ]
    }
}