{
    "meta": {
        "text_raw": "어떤 일을 처리함에 있어서 시간분배를 최우선으로 생각합니다. 간혹 회사 내에서 긴급으로 요구되는 업무나 예상치 못한 개인사와 같은 요인들이 방해요소로 작용하곤 합니다. 평상시 중요도를 파악한 후 적절한 시간분배를 통해 빠르게 처리할 수 있는 부분부터 계획을 짜는 습관을 들여 어떤 방해요소가 있더라도 차질이 생기지 않도록 노력하고 있습니다. 제가 대학시절 학교시험 및 자격증 취득을 위해 공부를 할 때도 적정한 시간분배 계획을 활용하였습니다. 요일별로 공부할 과목을 분류한 후 비교적 쉬운 과목과 어려운 과목의 비중을 4:6이나 3:7의 비율로 나누어 진행하였습니다. 효율적인 시간분배를 통해 쉬운 부분은 빠르게 처리하면서 부족한 부분에 대해서 더 많은 시간을 투자할 수 있었습니다. 이러한 노력으로 과내에서 상위권 성적을 유지할 수 있었으며 장학금 수혜 및 여러 가지 교내지원 프로그램에 참여하는 기회도 부여 받았습니다. 만약 농협에 입사하게 된다면 회사 내·외부 업무를 담당하여도 제가 중요시 하는 시간분배 계획을 통해 문제없이 처리할 수 있다고 자신합니다. "
    },
    "anno_text_data": {
        "data": [
            {
                "index": 0,
                "raw": "어떤 일을 처리함에 있어서 시간분배를 최우선으로 생각합니다. 간혹 회사 내에서 긴급으로 요구되는 업무나 예상치 못한 개인사와 같은 요인들이 방해요소로 작용하곤 합니다. 평상시 중요도를 파악한 후 적절한 시간분배를 통해 빠르게 처리할 수 있는 부분부터 계획을 짜는 습관을 들여 어떤 방해요소가 있더라도 차질이 생기지 않도록 노력하고 있습니다. 제가 대학시절 학교시험 및 자격증 취득을 위해 공부를 할 때도 적정한 시간분배 계획을 활용하였습니다. 요일별로 공부할 과목을 분류한 후 비교적 쉬운 과목과 어려운 과목의 비중을 4:6이나 3:7의 비율로 나누어 진행하였습니다. 효율적인 시간분배를 통해 쉬운 부분은 빠르게 처리하면서 부족한 부분에 대해서 더 많은 시간을 투자할 수 있었습니다. 이러한 노력으로 과내에서 상위권 성적을 유지할 수 있었으며 장학금 수혜 및 여러 가지 교내지원 프로그램에 참여하는 기회도 부여 받았습니다. 만약 농협에 입사하게 된다면 회사 내·외부 업무를 담당하여도 제가 중요시 하는 시간분배 계획을 통해 문제없이 처리할 수 있다고 자신합니다.",
                "class": "문제해결능력이 뛰어난,목표를 달성하는 능력을 갖춘,자원을 효율적으로 활용하는"
            }
        ]
    }
}