{
    "meta": {
        "text_raw": "직장인에게 가장 필요한 부분은 ‘소통’이라고 생각합니다. 직장에서 발생하는 문제점 중 소통의 부재가 원인인 경우가 많아지고 있습니다. 소통의 부재로 발생하는 구성원간의 갈등은 조직의 사기 저하와 업무생산성에 부정적인 영향을 미치게 될 것입니다. 저는 대학교 동아리 내에서 팀원 소통의 시간을 준비했던 경험이 있습니다. 유익한 시간을 만들기 위해 팀원별 원하는 활동을 조사하였고, 최종적으로 오페라와 토크 콘서트 관람이 선정되었습니다. 1차 활동 후 티타임을 가지면서 어려웠던 부분을 공유하고 적절한 대처방안을 모색하였습니다. 그리고 의견 충돌이 있었던 경우는 대화를 통해 배려하고 상대방 입장에서 생각하게 되는 시간을 가지게 되었습니다. 이러한 소통의 모습을 통해 화합하는 분위기를 만들 수 있었습니다. 농협 직원이 된다면 고객 및 동료들과 소통 문화를 정착시켜 최상의 행복 가치를 위해 최선을 다하는 행복 파트너가 되고자 합니다."
    },
    "anno_text_data": {
        "data": [
            {
                "index": 0,
                "raw": "직장인에게 가장 필요한 부분은 ‘소통’이라고 생각합니다. 직장에서 발생하는 문제점 중 소통의 부재가 원인인 경우가 많아지고 있습니다. 소통의 부재로 발생하는 구성원간의 갈등은 조직의 사기 저하와 업무생산성에 부정적인 영향을 미치게 될 것입니다. 저는 대학교 동아리 내에서 팀원 소통의 시간을 준비했던 경험이 있습니다. 유익한 시간을 만들기 위해 팀원별 원하는 활동을 조사하였고, 최종적으로 오페라와 토크 콘서트 관람이 선정되었습니다. 1차 활동 후 티타임을 가지면서 어려웠던 부분을 공유하고 적절한 대처방안을 모색하였습니다. 그리고 의견 충돌이 있었던 경우는 대화를 통해 배려하고 상대방 입장에서 생각하게 되는 시간을 가지게 되었습니다. 이러한 소통의 모습을 통해 화합하는 분위기를 만들 수 있었습니다. 농협 직원이 된다면 고객 및 동료들과 소통 문화를 정착시켜 최상의 행복 가치를 위해 최선을 다하는 행복 파트너가 되고자 합니다.",
                "class": "문제해결능력이 뛰어난,다양한 의견을 수렴하는,유연한 사고를 가진,선한 영향력을 행사하는,탄탄한 의사소통 능력을 가진"
            }
        ]
    }
}