{
    "meta": {
        "text_raw": "\"입출금리포트 서비스 개선 : 사용 내역 분류\"\n\n우리WON뱅킹의 입출금리포트 서비스를 개선해보고 싶습니다. 그중에서도 주요지출 분석에서 고객의 카드대금 사용 내역을 더욱 자세하게 분류하여 제공하고 싶습니다. 예를 들어, 한 달에 식비가 얼마나 되는지, 교통비로 얼마를 쓰는지 등을 분류하여 제공합니다. 특히 요즘 구독 경제의 활성화로 구독 서비스에 적지 않은 금액의 소비를 하고 있습니다. 따라서 구독 서비스에 소비하는 금액을 분류하여 제시한다면 소비 측면에서의 고객 자산 관리를 효과적으로 도울 수 있을 것입니다.\n\n이러한 서비스를 제공하기 위해서는 사용 내역이 정확하게 분류되어있는 데이터가 필요합니다. 이 훈련 데이터를 얻기 위해서, 원터치 알림 앱을 활용할 수 있을 것입니다. 지금처럼 간단한 메모 기능을 제공하는 것이 아니라, 미리 정해놓은 카테고리를 사용자가 라벨링할 수 있는 기능을 제공합니다. 그리고 우선 원터치 알림 앱에서 대시보드를 제공하여 고객이 적극적으로 사용 내역을 분류할 수 있도록 해야 할 것입니다. 이렇게 해당 서비스를 충분한 데이터가 쌓일 때까지 지속한다면 질 좋은 훈련 데이터를 얻을 수 있을 것입니다. 마지막으로, 획득한 훈련 데이터를 자연어 처리를 통해 분류 모델을 만들면 고객의 카드대금 사용 내역 분류 서비스를 제공할 수 있을 것입니다."
    },
    "anno_text_data": {
        "data": [
            {
                "index": 0,
                "raw": "\"입출금리포트 서비스 개선 : 사용 내역 분류\"\n\n우리WON뱅킹의 입출금리포트 서비스를 개선해보고 싶습니다. 그중에서도 주요지출 분석에서 고객의 카드대금 사용 내역을 더욱 자세하게 분류하여 제공하고 싶습니다. 예를 들어, 한 달에 식비가 얼마나 되는지, 교통비로 얼마를 쓰는지 등을 분류하여 제공합니다. 특히 요즘 구독 경제의 활성화로 구독 서비스에 적지 않은 금액의 소비를 하고 있습니다. 따라서 구독 서비스에 소비하는 금액을 분류하여 제시한다면 소비 측면에서의 고객 자산 관리를 효과적으로 도울 수 있을 것입니다.\n\n이러한 서비스를 제공하기 위해서는 사용 내역이 정확하게 분류되어있는 데이터가 필요합니다. 이 훈련 데이터를 얻기 위해서, 원터치 알림 앱을 활용할 수 있을 것입니다. 지금처럼 간단한 메모 기능을 제공하는 것이 아니라, 미리 정해놓은 카테고리를 사용자가 라벨링할 수 있는 기능을 제공합니다. 그리고 우선 원터치 알림 앱에서 대시보드를 제공하여 고객이 적극적으로 사용 내역을 분류할 수 있도록 해야 할 것입니다. 이렇게 해당 서비스를 충분한 데이터가 쌓일 때까지 지속한다면 질 좋은 훈련 데이터를 얻을 수 있을 것입니다. 마지막으로, 획득한 훈련 데이터를 자연어 처리를 통해 분류 모델을 만들면 고객의 카드대금 사용 내역 분류 서비스를 제공할 수 있을 것입니다.",
                "class": "데이터 기반의 의사결정을 하는,문제해결능력이 뛰어난,비전을 제시하는,목표를 달성하는 능력을 갖춘"
            }
        ]
    }
}