{
    "meta": {
        "text_raw": "1) 언제, 어디서 있었던 일이며, 당시 갈등 상황이나 목표는 무엇이었는지 기술해 주십시오. (200자)\n재학 중, 조별 과제로 여러 기능을 가진 Java 프로그램 개발한 적이 있습니다. 프로젝트 규모와 문서작업 비중이 컸기에, 품질 향상과 문서작업 병행이 가능한 폭포수 모델의 소프트웨어 개발 프로세스를 따르자고 제시하였습니다. 하지만 실제 개발 중 진행은 더뎠고, 프로젝트 모듈화가 계획대로 되지 않아 기능들이 정상 작동하지 않았습니다.\n\n2) 당신의 역할은 무엇이었으며, 집단의 화합 또는 목표 달성을 위해 구체적으로 어떤 노력을 하셨는지 기술해 주십시오. (400자)\n나이 차가 많이 나는 저학년생과 함께 팀을 꾸렸고, 자연스레 팀장을 맡게 됐습니다. 더딘 프로젝트 진행은 그대로 갈 경우 문제가 있을 것으로 판단하였습니다. 그래서 개발 중반쯤 상의를 하여 프로세스 미준수와 더딘 문서화의 이유에 대해 물었습니다. 대답을 들어 보니 팀원은 저학년이라 개발 경험이 부족했고, 개발 프로세스에 대해 배우지 않아 이해도가 낮았으나 나이 차이의 압박과 부족한 시간에 쫓겨 따라오기 바빴던 것입니다. 팀원의 이야기를 듣고 나서 저는 팀원의 처지를 이해할 수 있었습니다. 팀원이 이해할 수 있게끔 프로세스를 설명하고, 어려운 부분을 제가 맡아 진행했습니다. 번거롭더라도 개발 중 진행 상황과 문제점을 종종 물어봤고, 팀원이 막혀서 혼자 고민하던 문제들은 같이 해결하며 업무를 도왔습니다.\n\n3) 본인이 노력한 결과는 어떠하였고, 이 일이 집단 혹은 공동체에 미친 영향은 무엇인지 기술해 주십시오. (200자)\n기한 내에 구현과 문서작업까지 모두 마쳤고, 프로젝트 점수 만점이라는 좋은 결과를 내었습니다. 또한, 팀장으로서 인력 관리 기법을 얻었습니다. 처음엔 팀원이 비협조적이라 생각하고 비판적 태도를 취했으나, 섣불리 판단치 않고 소통으로 해결했습니다. 앞으로 불통이나 오해가 생겼을 때 대화가 필요하며 상대방의 처지에서 공감할 수 있어야겠음을 느꼈습니다."
    },
    "anno_text_data": {
        "data": [
            {
                "index": 0,
                "raw": "1) 언제, 어디서 있었던 일이며, 당시 갈등 상황이나 목표는 무엇이었는지 기술해 주십시오. (200자)\n재학 중, 조별 과제로 여러 기능을 가진 Java 프로그램 개발한 적이 있습니다. 프로젝트 규모와 문서작업 비중이 컸기에, 품질 향상과 문서작업 병행이 가능한 폭포수 모델의 소프트웨어 개발 프로세스를 따르자고 제시하였습니다. 하지만 실제 개발 중 진행은 더뎠고, 프로젝트 모듈화가 계획대로 되지 않아 기능들이 정상 작동하지 않았습니다.",
                "class": "문제해결능력이 뛰어난"
            },
            {
                "index": 1,
                "raw": "2) 당신의 역할은 무엇이었으며, 집단의 화합 또는 목표 달성을 위해 구체적으로 어떤 노력을 하셨는지 기술해 주십시오. (400자)\n나이 차가 많이 나는 저학년생과 함께 팀을 꾸렸고, 자연스레 팀장을 맡게 됐습니다. 더딘 프로젝트 진행은 그대로 갈 경우 문제가 있을 것으로 판단하였습니다. 그래서 개발 중반쯤 상의를 하여 프로세스 미준수와 더딘 문서화의 이유에 대해 물었습니다. 대답을 들어 보니 팀원은 저학년이라 개발 경험이 부족했고, 개발 프로세스에 대해 배우지 않아 이해도가 낮았으나 나이 차이의 압박과 부족한 시간에 쫓겨 따라오기 바빴던 것입니다. 팀원의 이야기를 듣고 나서 저는 팀원의 처지를 이해할 수 있었습니다. 팀원이 이해할 수 있게끔 프로세스를 설명하고, 어려운 부분을 제가 맡아 진행했습니다. 번거롭더라도 개발 중 진행 상황과 문제점을 종종 물어봤고, 팀원이 막혀서 혼자 고민하던 문제들은 같이 해결하며 업무를 도왔습니다.",
                "class": "다양한 의견을 수렴하는,문제해결능력이 뛰어난,신뢰를 주는 리더"
            },
            {
                "index": 2,
                "raw": "3) 본인이 노력한 결과는 어떠하였고, 이 일이 집단 혹은 공동체에 미친 영향은 무엇인지 기술해 주십시오. (200자)\n기한 내에 구현과 문서작업까지 모두 마쳤고, 프로젝트 점수 만점이라는 좋은 결과를 내었습니다. 또한, 팀장으로서 인력 관리 기법을 얻었습니다. 처음엔 팀원이 비협조적이라 생각하고 비판적 태도를 취했으나, 섣불리 판단치 않고 소통으로 해결했습니다. 앞으로 불통이나 오해가 생겼을 때 대화가 필요하며 상대방의 처지에서 공감할 수 있어야겠음을 느꼈습니다.",
                "class": "유연한 사고를 가진,탄탄한 의사소통 능력을 가진,신뢰를 주는 리더,긍정적인 태도를 갖춘"
            }
        ]
    }
}