{
    "meta": {
        "text_raw": "동아리 내 함께 운동을 즐겨하던 친구들과 함께 농구 대회에 참가한 적이 있었습니다. 긴 시간 발을 맞춰온 터라 예선전을 순조롭게 통과하여 상위 토너먼트에 진출하였습니다. 하지만 하루에 많은 경기를 치르다보니 팀원들의 체력이 점차 소진되기 시작했습니다. 더군다나 상대편의 거칠면서 비신사적인 행동은 저희들을 육체적, 정신적으로 힘들게 만들었습니다. 그런 영향인지 저와 팀원들은 잦은 실수를 하며 경기를 어렵게 치렀습니다. 당시 주장이었던 저는 팀원들을 모아 상대편의 어떤 행동에도 흔들리지 말고 우리만의 플레이를 하면서 기회를 만들어가자고 긍정적인 마인드를 심어주었습니다. 경기 중간에 팀원들이 평정심을 유지하도록 응원을 하였고 그런 노력의 결과가 조금씩 나타났습니다. 점차 팀플레이가 안정적으로 잡혀갔으며 경기를 승리할 수 있었습니다. 더 높은 자리까지 올라가진 못하였으나 힘든 상황에도 승리를 해준 친구들에게 고마움을 느꼈습니다. 어려운 환경에서도 긍정적인 마음은 성취의 원동력이 된다고 생각합니다. 긍정적인 생각과 열린 마음으로 구성원간의 협력을 통해 성과가 극대화될 수 있도록 노력하는 인재가 되겠습니다."
    },
    "anno_text_data": {
        "data": [
            {
                "index": 0,
                "raw": "동아리 내 함께 운동을 즐겨하던 친구들과 함께 농구 대회에 참가한 적이 있었습니다. 긴 시간 발을 맞춰온 터라 예선전을 순조롭게 통과하여 상위 토너먼트에 진출하였습니다. 하지만 하루에 많은 경기를 치르다보니 팀원들의 체력이 점차 소진되기 시작했습니다. 더군다나 상대편의 거칠면서 비신사적인 행동은 저희들을 육체적, 정신적으로 힘들게 만들었습니다. 그런 영향인지 저와 팀원들은 잦은 실수를 하며 경기를 어렵게 치렀습니다. 당시 주장이었던 저는 팀원들을 모아 상대편의 어떤 행동에도 흔들리지 말고 우리만의 플레이를 하면서 기회를 만들어가자고 긍정적인 마인드를 심어주었습니다. 경기 중간에 팀원들이 평정심을 유지하도록 응원을 하였고 그런 노력의 결과가 조금씩 나타났습니다. 점차 팀플레이가 안정적으로 잡혀갔으며 경기를 승리할 수 있었습니다. 더 높은 자리까지 올라가진 못하였으나 힘든 상황에도 승리를 해준 친구들에게 고마움을 느꼈습니다. 어려운 환경에서도 긍정적인 마음은 성취의 원동력이 된다고 생각합니다. 긍정적인 생각과 열린 마음으로 구성원간의 협력을 통해 성과가 극대화될 수 있도록 노력하는 인재가 되겠습니다.",
                "class": "신뢰를 주는 리더,선한 영향력을 행사하는,긍정적인 태도를 갖춘"
            }
        ]
    }
}