{
    "meta": {
        "text_raw": "1) 언제, 어디서 있었던 일이며, 본인이 맡았던 역할은 무엇이었는지 기술해 주십시오. (300자)\n2019년 초부터 사회복무요원으로 20개월간 지역아동센터에서 복무했습니다. 사회복무요원은 주로 아동보육, 교육지도 (숙제와 학습할당량), 사무업무와 시설물 관리 (안내문 작성, 장식물 제작 등)의 업무를 맡았습니다. 사무업무 중 엑셀을 쓰는 업무가 많았는데, 대부분 어렵지 않으나 시간이 매우 오래 걸리는 작업이었습니다. 이를 엑셀로 자동화 하였습니다.\n\n2) 구체적으로 한 행동과 그렇게 행동하셨던 이유는 무엇인지 기술해 주십시오. (300자)\n작업 대부분을 함수와 매크로로 대체했습니다. 쉬운 수정을 위해 변수들을 보기 좋게 배치했고, 사용법과 수정법을 담은 안내서를 함께 제작했습니다. 프로그래밍과 비슷해 즐겁게 작업했지만, 작업량이 많았고 아동센터 특성상 한 업무에 집중하기 어려워 이를 마치는 데에 2주가 걸렸습니다.\n센터는 이미 인력 부족을 겪고 있었고, 제 전역 이후 새 요원 배치 예정이 없었습니다. 특별히 지시받지 않았고, 추가로 해야 하는 업무라 고민했습니다. 그러나 복지사들의 업무 감축은 근로자및 아동과 그들의 가족에게까지 영향을 준다고 생각해 진행했습니다.\n\n3) 그러한 행동이 당신과 타인에게 미친 영향은 무엇인지 기술해 주십시오. (200자)\n그 결과 매월, 요원 두 명이 16시간가량 하던 작업을 한 명이 1시간 이내에 끝낼 수 있는 양식이 완성됐습니다. 덕분에 종사자들은 좀 더 아동을 돌보는 데 시간을 할애할 수 있게 되었고, 저의 소집해제 후에도 업무를 떠안은 부담이 적어졌다고 사회복지사분들이 말씀하십니다. 저 역시 엑셀을 적극적으로 활용해볼 수 있는 계기가 되었습니다."
    },
    "anno_text_data": {
        "data": [
            {
                "index": 0,
                "raw": "1) 언제, 어디서 있었던 일이며, 본인이 맡았던 역할은 무엇이었는지 기술해 주십시오. (300자)\n2019년 초부터 사회복무요원으로 20개월간 지역아동센터에서 복무했습니다. 사회복무요원은 주로 아동보육, 교육지도 (숙제와 학습할당량), 사무업무와 시설물 관리 (안내문 작성, 장식물 제작 등)의 업무를 맡았습니다. 사무업무 중 엑셀을 쓰는 업무가 많았는데, 대부분 어렵지 않으나 시간이 매우 오래 걸리는 작업이었습니다. 이를 엑셀로 자동화 하였습니다.",
                "class": "문제해결능력이 뛰어난,선한 영향력을 행사하는"
            },
            {
                "index": 1,
                "raw": "2) 구체적으로 한 행동과 그렇게 행동하셨던 이유는 무엇인지 기술해 주십시오. (300자)\n작업 대부분을 함수와 매크로로 대체했습니다. 쉬운 수정을 위해 변수들을 보기 좋게 배치했고, 사용법과 수정법을 담은 안내서를 함께 제작했습니다. 프로그래밍과 비슷해 즐겁게 작업했지만, 작업량이 많았고 아동센터 특성상 한 업무에 집중하기 어려워 이를 마치는 데에 2주가 걸렸습니다.\n센터는 이미 인력 부족을 겪고 있었고, 제 전역 이후 새 요원 배치 예정이 없었습니다. 특별히 지시받지 않았고, 추가로 해야 하는 업무라 고민했습니다. 그러나 복지사들의 업무 감축은 근로자및 아동과 그들의 가족에게까지 영향을 준다고 생각해 진행했습니다.",
                "class": "문제해결능력이 뛰어난,고도의 책임감을 가진"
            },
            {
                "index": 2,
                "raw": "3) 그러한 행동이 당신과 타인에게 미친 영향은 무엇인지 기술해 주십시오. (200자)\n그 결과 매월, 요원 두 명이 16시간가량 하던 작업을 한 명이 1시간 이내에 끝낼 수 있는 양식이 완성됐습니다. 덕분에 종사자들은 좀 더 아동을 돌보는 데 시간을 할애할 수 있게 되었고, 저의 소집해제 후에도 업무를 떠안은 부담이 적어졌다고 사회복지사분들이 말씀하십니다. 저 역시 엑셀을 적극적으로 활용해볼 수 있는 계기가 되었습니다.",
                "class": "문제해결능력이 뛰어난,선한 영향력을 행사하는"
            }
        ]
    }
}