{
    "meta": {
        "text_raw": "코카콜라의 뉴코크 실패는 소비자는 단순히 제품만을 소비하는 것이 아니라 그 브랜드 즉, 제품의 상징성을 구매하는 심리를 보여주고 있습니다. 해외시장에 존재하는 고객은 국내시장에 존재하는 고객들보다 기업에 대한 적은 정보를 가지고 있으며 시장진출에 있어 문화, 언어적인 부분을 넘어 다양한 것들을 고려하고 새롭게 시작하여야 합니다. 하지만 이 또한 기회가 될 수 있습니다 해외시장의 경쟁자들이 보여주지 않았던 부분을 통해 시장을 공략한다면 그 부분이 기업의 상징처럼 되어 하나의 문화, 브랜드가 되어 소비자가 소비하는 이유가 될 수 있습니다. 따라서 제품 구매 후에도 빠르고 다양한 서비스를 제공하는 확실한 사후서비스를 더 강화하고 강조한 전략을 통해 해외시장을 공략하고 애프터 서비스 하면 경동나비엔이 제일 먼저 해외시장의 사람들의 뇌리에 떠오를 수 있게 상징화시킬 수 있다면 해외시장 점유율을 꾸준히 높여갈 수 있을 것입니다."
    },
    "anno_text_data": {
        "data": [
            {
                "index": 0,
                "raw": "코카콜라의 뉴코크 실패는 소비자는 단순히 제품만을 소비하는 것이 아니라 그 브랜드 즉, 제품의 상징성을 구매하는 심리를 보여주고 있습니다. 해외시장에 존재하는 고객은 국내시장에 존재하는 고객들보다 기업에 대한 적은 정보를 가지고 있으며 시장진출에 있어 문화, 언어적인 부분을 넘어 다양한 것들을 고려하고 새롭게 시작하여야 합니다. 하지만 이 또한 기회가 될 수 있습니다 해외시장의 경쟁자들이 보여주지 않았던 부분을 통해 시장을 공략한다면 그 부분이 기업의 상징처럼 되어 하나의 문화, 브랜드가 되어 소비자가 소비하는 이유가 될 수 있습니다. 따라서 제품 구매 후에도 빠르고 다양한 서비스를 제공하는 확실한 사후서비스를 더 강화하고 강조한 전략을 통해 해외시장을 공략하고 애프터 서비스 하면 경동나비엔이 제일 먼저 해외시장의 사람들의 뇌리에 떠오를 수 있게 상징화시킬 수 있다면 해외시장 점유율을 꾸준히 높여갈 수 있을 것입니다.",
                "class": "비전을 제시하는,비즈니스 마인드를 갖춘"
            }
        ]
    }
}