{
    "meta": {
        "text_raw": "위 경험은 충북대학교가 세계적으로 뻗어 나가는 데 도움이 될 것으로 생각합니다. 저는 조직 내부는 물론 다양한 국적을 가진 외국인들과 의사소통하는 데 큰 어려움이 없습니다. 프로그램을 운영하면서 기관 내 여러 부서와 다양한 국적을 가진 외국인과 의사소통했기 때문입니다. 또한, 해외 교육기관과 협업하는데 보조한 경험은 충북대학교가 다양한 해외 병원과 협업할 수 있는 기반을 쌓을 수 있습니다."
    },
    "anno_text_data": {
        "data": [
            {
                "index": 0,
                "raw": "위 경험은 충북대학교가 세계적으로 뻗어 나가는 데 도움이 될 것으로 생각합니다. 저는 조직 내부는 물론 다양한 국적을 가진 외국인들과 의사소통하는 데 큰 어려움이 없습니다. 프로그램을 운영하면서 기관 내 여러 부서와 다양한 국적을 가진 외국인과 의사소통했기 때문입니다. 또한, 해외 교육기관과 협업하는데 보조한 경험은 충북대학교가 다양한 해외 병원과 협업할 수 있는 기반을 쌓을 수 있습니다.",
                "class": "탄탄한 의사소통 능력을 가진"
            }
        ]
    }
}