{
    "meta": {
        "text_raw": "\"Multi-Player\"\n\n데이터 분석과 생산 프로세스에 대한 전문성을 키우기 위해 산업공학과 통계학을 복수전공하였습니다. 생산계획 직무는 시장의 수요 변화 모니터링에 따른 제품공급 프로세스를 구축하고 원가 분석을 통해 이익을 제고시키는 직무입니다. 성공적인 직무 수행을 위해서는 공정의 전반적인 생산 프로세스에 대한 [폭넓은 지식]을 가지고 있어야 하며 시장 모니터링 및 원가 분석을 위한 [데이터분석 능력] 또한 필수입니다.\n\n위 생산공정에 최적화된 공급 및 판매 계획수립을 배울 수 있는 산업공학과, 데이터 분석을 배울 수 있는 통계학을 복수전공한 ‘멀티 플레이어’입니다.\n\n산업공학을 전공하며 생산 프로세스의 최적화를 통한 효율성의 제고에 대해서 학습하였으며, 데이터분석에 대한 전문성을 강화하기위해 데이터를 실제로 분석해볼 수 있는 통계학과를 복수전공하였습니다. 산업공학을 전공하며 경영과학, 시뮬레이션및 응용 과목을 수강하여 공정의 전반적인 프로세스 및 최적화에 대해 지식을 강화하였습니다. 또한 통계학을 전공하며 범주형 자료분석, 회귀분석 등의 과목을 통해 R, SAS, Python 등의 분석툴을 이용해 실제 데이터를 분석해보며 데이터 분석력을 키울수 있었습니다.\n\n복수전공을 하며 얻은 전문적 지식을 바탕으로 다양한 데이터 분석 프로젝트에 참여했습니다. 실제 데이터를 분석해보며 키운 데이터 분석력과 생산 프로세스에 대한 지식을 바탕으로, 생산계획 직무에 투입시 시장 수요 변화를 빠르게 캐치할 수 있어 업무에 빠르게 적응할 수 있다고 자부합니다."
    },
    "anno_text_data": {
        "data": [
            {
                "index": 0,
                "raw": "\"Multi-Player\"\n\n데이터 분석과 생산 프로세스에 대한 전문성을 키우기 위해 산업공학과 통계학을 복수전공하였습니다. 생산계획 직무는 시장의 수요 변화 모니터링에 따른 제품공급 프로세스를 구축하고 원가 분석을 통해 이익을 제고시키는 직무입니다. 성공적인 직무 수행을 위해서는 공정의 전반적인 생산 프로세스에 대한 [폭넓은 지식]을 가지고 있어야 하며 시장 모니터링 및 원가 분석을 위한 [데이터분석 능력] 또한 필수입니다.\n\n위 생산공정에 최적화된 공급 및 판매 계획수립을 배울 수 있는 산업공학과, 데이터 분석을 배울 수 있는 통계학을 복수전공한 ‘멀티 플레이어’입니다.\n\n산업공학을 전공하며 생산 프로세스의 최적화를 통한 효율성의 제고에 대해서 학습하였으며, 데이터분석에 대한 전문성을 강화하기위해 데이터를 실제로 분석해볼 수 있는 통계학과를 복수전공하였습니다. 산업공학을 전공하며 경영과학, 시뮬레이션및 응용 과목을 수강하여 공정의 전반적인 프로세스 및 최적화에 대해 지식을 강화하였습니다. 또한 통계학을 전공하며 범주형 자료분석, 회귀분석 등의 과목을 통해 R, SAS, Python 등의 분석툴을 이용해 실제 데이터를 분석해보며 데이터 분석력을 키울수 있었습니다.\n\n복수전공을 하며 얻은 전문적 지식을 바탕으로 다양한 데이터 분석 프로젝트에 참여했습니다. 실제 데이터를 분석해보며 키운 데이터 분석력과 생산 프로세스에 대한 지식을 바탕으로, 생산계획 직무에 투입시 시장 수요 변화를 빠르게 캐치할 수 있어 업무에 빠르게 적응할 수 있다고 자부합니다.",
                "class": "창의력을 가진,유연한 사고를 가진,데이터 기반의 의사결정을 하는,문제해결능력이 뛰어난"
            }
        ]
    }
}