{
    "meta": {
        "text_raw": "4차산업 혁명에서 한국동서발전은 2030정책과 뉴딜정책으로 친환경 사업으로 성장하고 있습니다. 에너지 전환 경쟁력 확보를 위해, 정부 방침보다 5% 높은 발전량 비중을 확대하여 RE3025 재생에너지 로드맵을 설립했습니다. 신재생에너지로써 태양광발전, 풍력발전, 연료전지, 소수력발전, 바이오에너지발전에 힘을 주고 있습니다.\nindustry 4.0으로 동서발전의 내부역량을 활용해 스마트팩토리, 발전운영 통합 플랫폼구축 등의 미래 신사업을 창출하고 있습니다.\n\n신재생에너지 특별강의가 자주 있었습니다. 추진되고 있는 신재생에너지 관련 이슈를 빠르게 파악할 수 있고, 기계공학 전공을 통해 배운 지식으로 발전설비의 2020년 고장 정지율 0.011%였던 것을, zero%까지 낮춰, 경제적 가치를 높이고, 환경설비 최적운영에 최적화를 이루겠습니다."
    },
    "anno_text_data": {
        "data": [
            {
                "index": 0,
                "raw": "4차산업 혁명에서 한국동서발전은 2030정책과 뉴딜정책으로 친환경 사업으로 성장하고 있습니다. 에너지 전환 경쟁력 확보를 위해, 정부 방침보다 5% 높은 발전량 비중을 확대하여 RE3025 재생에너지 로드맵을 설립했습니다. 신재생에너지로써 태양광발전, 풍력발전, 연료전지, 소수력발전, 바이오에너지발전에 힘을 주고 있습니다.\nindustry 4.0으로 동서발전의 내부역량을 활용해 스마트팩토리, 발전운영 통합 플랫폼구축 등의 미래 신사업을 창출하고 있습니다.\n\n신재생에너지 특별강의가 자주 있었습니다. 추진되고 있는 신재생에너지 관련 이슈를 빠르게 파악할 수 있고, 기계공학 전공을 통해 배운 지식으로 발전설비의 2020년 고장 정지율 0.011%였던 것을, zero%까지 낮춰, 경제적 가치를 높이고, 환경설비 최적운영에 최적화를 이루겠습니다.",
                "class": "지속적인 성장을 추구하는,고도의 자기주도성을 가진,목표를 달성하는 능력을 갖춘"
            }
        ]
    }
}