{
    "meta": {
        "text_raw": "\"동기를 부여하는 소통의 자세\"\n\n저는 의욕에 앞서 저의 생각만 일방적으로 주입시켰던 행동을 반성하고 소대원의 요구사항을 경청했습니다. 용사들에게 동기를 부여하기 위해 한가지씩 소원을 들어주기로했고 대신 그 조건으로 전투력측정 평가에서 향상된 모습을 보여줄것을 서로 약속했습니다. 이전처럼 무조건 향상된 모습을 요구하기 보다는 현재 수준과 대비해 매달 10%를 향상을 기준으로 설정했습니다. 목표가 명확해진 용사들은 스스로 노력하기 시작했고 서로 부족한 부분을 보완하고 이끌어주는 모습이 매우인상적이였습니다.\n소통중심의 소대는 3개월만에 월등히 발전할 수 있었습니다.\n\n소대원 90% 가까이 처음대비 향상된 모습을 보였으며 그 중 불합격 수준이였던 소대원이 전 종목 1급으로 향상되는 성과를 달성했습니다. 소통을 바탕으로 조직을 이끈 결과 분기 전투력 평가에서 소대가 1등을 하게되었습니다. 개선된 행동으로 우수한 성과를 얻어낸 경험이였습니다."
    },
    "anno_text_data": {
        "data": [
            {
                "index": 0,
                "raw": "\"동기를 부여하는 소통의 자세\"\n\n저는 의욕에 앞서 저의 생각만 일방적으로 주입시켰던 행동을 반성하고 소대원의 요구사항을 경청했습니다. 용사들에게 동기를 부여하기 위해 한가지씩 소원을 들어주기로했고 대신 그 조건으로 전투력측정 평가에서 향상된 모습을 보여줄것을 서로 약속했습니다. 이전처럼 무조건 향상된 모습을 요구하기 보다는 현재 수준과 대비해 매달 10%를 향상을 기준으로 설정했습니다. 목표가 명확해진 용사들은 스스로 노력하기 시작했고 서로 부족한 부분을 보완하고 이끌어주는 모습이 매우인상적이였습니다.\n소통중심의 소대는 3개월만에 월등히 발전할 수 있었습니다.\n\n소대원 90% 가까이 처음대비 향상된 모습을 보였으며 그 중 불합격 수준이였던 소대원이 전 종목 1급으로 향상되는 성과를 달성했습니다. 소통을 바탕으로 조직을 이끈 결과 분기 전투력 평가에서 소대가 1등을 하게되었습니다. 개선된 행동으로 우수한 성과를 얻어낸 경험이였습니다.",
                "class": "다양한 의견을 수렴하는,문제해결능력이 뛰어난,탄탄한 의사소통 능력을 가진"
            }
        ]
    }
}