{
    "meta": {
        "text_raw": "\"내 이웃이란 마음으로 가스 안전을 알리겠습니다\"\n\n어릴 때, 이웃집이 가스 사고로 인하여 불탔던 적이 있습니다. 그 이후로 가스 사고에 경각심을 가지게 되었고 안전을 관할하는 곳이 어딘지 찾는 것을 시작으로 가스 안전 공사를 알게 되었습니다. 2010년~2020년 가스 사고 연감 및 뉴스들을 찾아본 결과, 가스 안전 사고는 꾸준히 감소하여 왔습니다. 하지만 아직 노후화된 가스 배관 시설들이 교체가 되지 않은 곳들이 많기에 위험은 여전히 있습니다. 이러한 위험을 예방하고 홍보하는 사업들이 가스안전공사이기에 지원하게 되었습니다. 또한 저는 안전지킴이로 활동하면서 많은 이웃들에게 가스 사고 예방법을 알리고 싶습니다."
    },
    "anno_text_data": {
        "data": [
            {
                "index": 0,
                "raw": "\"내 이웃이란 마음으로 가스 안전을 알리겠습니다\"\n\n어릴 때, 이웃집이 가스 사고로 인하여 불탔던 적이 있습니다. 그 이후로 가스 사고에 경각심을 가지게 되었고 안전을 관할하는 곳이 어딘지 찾는 것을 시작으로 가스 안전 공사를 알게 되었습니다. 2010년~2020년 가스 사고 연감 및 뉴스들을 찾아본 결과, 가스 안전 사고는 꾸준히 감소하여 왔습니다. 하지만 아직 노후화된 가스 배관 시설들이 교체가 되지 않은 곳들이 많기에 위험은 여전히 있습니다. 이러한 위험을 예방하고 홍보하는 사업들이 가스안전공사이기에 지원하게 되었습니다. 또한 저는 안전지킴이로 활동하면서 많은 이웃들에게 가스 사고 예방법을 알리고 싶습니다.",
                "class": "선한 영향력을 행사하는,고도의 책임감을 가진"
            }
        ]
    }
}