{
    "meta": {
        "text_raw": "\"작은 아이디어의 나비효과\"\n\n약국에서 아르바이트를 하며 비효율적인 업무의 개선을 통해 고객의 대기시간을 감소시켜 고객 만족도를 제고시킨 경험이 있습니다. 일을 시작했을 시점, 약국의 약통 배치는 불규칙적이었습니다. 약들이 아무런 규칙없이 배치되어있었기 때문에 자주 쓰지 않는 약들이 들어올때마다 찾는 시간이 길어 약사님께서 약을 제조하는 시간이 오래 걸렸습니다. 카운터에서 고객들을 직접 대하며 고객들의 불만은 대부분 긴 대기시간에 있다는 사실을 알게 되었습니다. 고객들의 불만을 직접 들은 후, 저는 약들을 한글순으로 배치하자는 의견을 건의하였습니다. 오랫동안 같은 방식으로 일을 해오신 약사님께선 반신반의 하셨지만 예상되는 장점을 말씀드리며 설득하였습니다. 약사님께서 저의 의견을 수용해주신 후, 오랜 시간을 들여 약통들을 한글순으로 재배치하였습니다.\n\n약통들을 규칙적으로 재배치한 결과, 약사님께서 약을 찾는 시간이 줄어들게 되었고, 더불어 약 제조시간이 감소하였습니다. 자주 쓰이지 않는 약들을 찾는 시간이 감소함에 따라 고객들의 평균 대기시간이 감소하였고, 고객 만족도가 증가함과 동시에 업무 소요시간이 감소하여 효율성이 증가하였습니다.\n\n손님이 직접 “약이 예전보다 훨씬 금방 나오네요!” 라고 말씀해주신 것이 기억에 남습니다. 아이디어를 통해 약국 내 비효율적 업무 시스템을 개선함으로써 고객들의 평균 대기시간이 실제로 감소했음을 이 말 한마디를 통해 알 수 있었습니다. 나비의 작은 날갯짓이 날씨 변화를 일으키는 나비효과처럼, 작은 아이디어를 통해 많은 사람들의 만족도를 이끌어낸 의미있는 경험이었습니다."
    },
    "anno_text_data": {
        "data": [
            {
                "index": 0,
                "raw": "\"작은 아이디어의 나비효과\"\n\n약국에서 아르바이트를 하며 비효율적인 업무의 개선을 통해 고객의 대기시간을 감소시켜 고객 만족도를 제고시킨 경험이 있습니다. 일을 시작했을 시점, 약국의 약통 배치는 불규칙적이었습니다. 약들이 아무런 규칙없이 배치되어있었기 때문에 자주 쓰지 않는 약들이 들어올때마다 찾는 시간이 길어 약사님께서 약을 제조하는 시간이 오래 걸렸습니다. 카운터에서 고객들을 직접 대하며 고객들의 불만은 대부분 긴 대기시간에 있다는 사실을 알게 되었습니다. 고객들의 불만을 직접 들은 후, 저는 약들을 한글순으로 배치하자는 의견을 건의하였습니다. 오랫동안 같은 방식으로 일을 해오신 약사님께선 반신반의 하셨지만 예상되는 장점을 말씀드리며 설득하였습니다. 약사님께서 저의 의견을 수용해주신 후, 오랜 시간을 들여 약통들을 한글순으로 재배치하였습니다.\n\n약통들을 규칙적으로 재배치한 결과, 약사님께서 약을 찾는 시간이 줄어들게 되었고, 더불어 약 제조시간이 감소하였습니다. 자주 쓰이지 않는 약들을 찾는 시간이 감소함에 따라 고객들의 평균 대기시간이 감소하였고, 고객 만족도가 증가함과 동시에 업무 소요시간이 감소하여 효율성이 증가하였습니다.\n\n손님이 직접 “약이 예전보다 훨씬 금방 나오네요!” 라고 말씀해주신 것이 기억에 남습니다. 아이디어를 통해 약국 내 비효율적 업무 시스템을 개선함으로써 고객들의 평균 대기시간이 실제로 감소했음을 이 말 한마디를 통해 알 수 있었습니다. 나비의 작은 날갯짓이 날씨 변화를 일으키는 나비효과처럼, 작은 아이디어를 통해 많은 사람들의 만족도를 이끌어낸 의미있는 경험이었습니다.",
                "class": "유연한 사고를 가진,다양한 의견을 수렴하는,창의력을 가진,탄탄한 의사소통 능력을 가진"
            }
        ]
    }
}