{
    "meta": {
        "text_raw": "\"사소한 행동이 불러온 긍정적 효과\"\n\n해외여행 중 1박 2일간의 트레킹에서 조직 내 갈등을 겪고 해결한 경험이 있습니다. 함께한 10명은 각자 언어, 국적 모두 다양했지만, 계획한 시간 내 완주하는 공통적인 목표가 있었습니다.\n\n이틀간 10시간씩 걸어야 했기 때문에 체력적으로 쉽지 않은 도전이었습니다. 그러던 중 한 명이 무리한 이유로 발에 통증을 느껴 활동에 지장이 생겼고 자주 쉬어가게 되었습니다. 사람들은 계획에 차질이 생길 것을 직감하여 저마다 불편함을 드러내기 시작했습니다.\n\n하지만 저는 이러한 상황에서 솔선수범을 통해 헤쳐나갈 수 있다고 생각했습니다. 상대에게 가벼운 대화를 통해 공감을 나누며 서로 가까워졌고 이내 도움을 줄 수 있었습니다. 소염제로 응급처치하고 수월한 거동을 위해 배낭을 대신 들어주었습니다. 또한, 동참하는 분위기를 만들고자 팀원들에게 트레킹을 같이 마무리할 것을 제안하였습니다.\n\n이후 팀원들 사이에 대화가 오가며 분위기에 변화가 생겼고 팀원들이 환자와 페이스를 맞춰 이동하며 이전과는 달라진 모습을 보였습니다. 상대에 대한 배려와 함께 목표지점으로 나아갔으며 한 명의 낙오자 없이 마칠 수 있었습니다. 예정된 시간보다 조금 늦은 일정으로 마무리되었지만, 모두가 배려하는 마음으로 만들어낸 뜻깊은 여행이었습니다. 팀워크에 대해서 다시 생각해볼 수 있었고 타인에 대한 배려와 솔선수범의 자세로 조직을 변화시킬 수 있다는 것을 느꼈습니다."
    },
    "anno_text_data": {
        "data": [
            {
                "index": 0,
                "raw": "\"사소한 행동이 불러온 긍정적 효과\"\n\n해외여행 중 1박 2일간의 트레킹에서 조직 내 갈등을 겪고 해결한 경험이 있습니다. 함께한 10명은 각자 언어, 국적 모두 다양했지만, 계획한 시간 내 완주하는 공통적인 목표가 있었습니다.\n\n이틀간 10시간씩 걸어야 했기 때문에 체력적으로 쉽지 않은 도전이었습니다. 그러던 중 한 명이 무리한 이유로 발에 통증을 느껴 활동에 지장이 생겼고 자주 쉬어가게 되었습니다. 사람들은 계획에 차질이 생길 것을 직감하여 저마다 불편함을 드러내기 시작했습니다.\n\n하지만 저는 이러한 상황에서 솔선수범을 통해 헤쳐나갈 수 있다고 생각했습니다. 상대에게 가벼운 대화를 통해 공감을 나누며 서로 가까워졌고 이내 도움을 줄 수 있었습니다. 소염제로 응급처치하고 수월한 거동을 위해 배낭을 대신 들어주었습니다. 또한, 동참하는 분위기를 만들고자 팀원들에게 트레킹을 같이 마무리할 것을 제안하였습니다.\n\n이후 팀원들 사이에 대화가 오가며 분위기에 변화가 생겼고 팀원들이 환자와 페이스를 맞춰 이동하며 이전과는 달라진 모습을 보였습니다. 상대에 대한 배려와 함께 목표지점으로 나아갔으며 한 명의 낙오자 없이 마칠 수 있었습니다. 예정된 시간보다 조금 늦은 일정으로 마무리되었지만, 모두가 배려하는 마음으로 만들어낸 뜻깊은 여행이었습니다. 팀워크에 대해서 다시 생각해볼 수 있었고 타인에 대한 배려와 솔선수범의 자세로 조직을 변화시킬 수 있다는 것을 느꼈습니다.",
                "class": "신뢰를 주는 리더,탄탄한 의사소통 능력을 가진,위기 상황에서도 안정감을 주는"
            }
        ]
    }
}