{
    "meta": {
        "text_raw": "교육기관에서 국제협력본부 인턴으로 근무한 경험이 있으며, 주한 대사관 및 명예영사님 추천 장학 프로그램 운영을 담당했습니다. 장학 프로그램 안내, 질의ㆍ응답, 제출서류 확인 등 다양한 업무를 수행했습니다. 또한, 해외 교육기관과의 협업 업무를 보조했습니다. 계약서 검수, 미팅 진행, 법률적 문제 등과 같은 업무를 진행했습니다. 이외 부서 내 기타 행정업무를 담당했습니다."
    },
    "anno_text_data": {
        "data": [
            {
                "index": 0,
                "raw": "교육기관에서 국제협력본부 인턴으로 근무한 경험이 있으며, 주한 대사관 및 명예영사님 추천 장학 프로그램 운영을 담당했습니다. 장학 프로그램 안내, 질의ㆍ응답, 제출서류 확인 등 다양한 업무를 수행했습니다. 또한, 해외 교육기관과의 협업 업무를 보조했습니다. 계약서 검수, 미팅 진행, 법률적 문제 등과 같은 업무를 진행했습니다. 이외 부서 내 기타 행정업무를 담당했습니다.",
                "class": "적응력이 높은"
            }
        ]
    }
}