{
    "meta": {
        "text_raw": "대학원생, 인턴연구원 활동으로 얻은 경험을 발휘하여 공단의 소재 직무에 적용하겠습니다.\n대학원생 시절, 항공기 동체의 고부가가치 부품으로 적용되는 세라믹섬유복합소재 분야를 연구한 경험이 있습니다. 섬유강화복합재의 개발 동향 및 응용 분야에 관한 문헌 조사, 국제 복합소재 전시회 참가, 국내/외 학회 참석 및 발표 등의 경험들은 공단의 소재부품산업을 육성하고 R&D 고도화 방안을 제시하는 데 활용할 수 있을 것입니다.\n한국OOOOOO의 인턴연구원으로 활동 시, 타 연구기관과 협업하여 ‘산업부산물을 이용한 섬유복합재용 무기바인더 합성’ 과제를 1년간 수행했습니다. 과제의 실험연구원으로 회의에 참여하면서 실험 중 발생한 내용에 대응하고, 과제 목표를 달성하기 위한 방안을 제시하는 업무를 주로 담당했습니다. 이러한 경험은 공단과 입주 기업 간 협력 관계를 형성하여 R&D 지원 방향을 제시하는 데 도움이 될 것입니다."
    },
    "anno_text_data": {
        "data": [
            {
                "index": 0,
                "raw": "대학원생, 인턴연구원 활동으로 얻은 경험을 발휘하여 공단의 소재 직무에 적용하겠습니다.\n대학원생 시절, 항공기 동체의 고부가가치 부품으로 적용되는 세라믹섬유복합소재 분야를 연구한 경험이 있습니다. 섬유강화복합재의 개발 동향 및 응용 분야에 관한 문헌 조사, 국제 복합소재 전시회 참가, 국내/외 학회 참석 및 발표 등의 경험들은 공단의 소재부품산업을 육성하고 R&D 고도화 방안을 제시하는 데 활용할 수 있을 것입니다.\n한국OOOOOO의 인턴연구원으로 활동 시, 타 연구기관과 협업하여 ‘산업부산물을 이용한 섬유복합재용 무기바인더 합성’ 과제를 1년간 수행했습니다. 과제의 실험연구원으로 회의에 참여하면서 실험 중 발생한 내용에 대응하고, 과제 목표를 달성하기 위한 방안을 제시하는 업무를 주로 담당했습니다. 이러한 경험은 공단과 입주 기업 간 협력 관계를 형성하여 R&D 지원 방향을 제시하는 데 도움이 될 것입니다.",
                "class": "지속적인 성장을 추구하는,비전을 제시하는,비즈니스 마인드를 갖춘"
            }
        ]
    }
}