{
    "meta": {
        "text_raw": "\"신뢰성\"\n\n고객의 기대에 부응하여 고객 만족을 극대화하고 믿음을 제공하는 신뢰성이 중요하다고 생각합니다.\n대학원생 시절, 탄화규소 세라믹의 전구체인 폴리카보실란의 기술개발을 위해 공동연구 협약을 맺은 기업 측에서 급하게 전구체 반응물 200g을 요구한 적이 있었습니다.\n\n1주에 반응물 120g을 얻을 수 있는 기존의 합성조건은 1일 차에 350도 10시간, 2일 차에 450도 6시간 합성하여 반응물을 얻는 데 2일이 걸렸습니다. 반응물을 여과 및 진공 정제하고 추후 합성을 위한 반응기 세척까지 포함하면 총 4일이 필요했습니다. 기업 과제를 함께 하던 선배는 넉넉히 2주 정도의 시간이 필요하다고 말했지만, 저는 기존 합성 일정을 참고하여 반응물 120g을 합성하는 데 2일이 걸리던 일정을 하루에 가능하도록 수정하여 최대한 기업 측 요구를 들어주려 노력했습니다. 수정한 합성조건은 총 14시간이 걸려 밤늦게 실험이 종료되었지만, 일주일에 2회 합성을 할 수 있어 200g의 반응물을 안정적으로 공급할 수 있었고, 추가적인 원료 분석 결과까지 전달하여 협약 기업의 높은 신뢰를 얻을 수 있었습니다."
    },
    "anno_text_data": {
        "data": [
            {
                "index": 0,
                "raw": "\"신뢰성\"\n\n고객의 기대에 부응하여 고객 만족을 극대화하고 믿음을 제공하는 신뢰성이 중요하다고 생각합니다.\n대학원생 시절, 탄화규소 세라믹의 전구체인 폴리카보실란의 기술개발을 위해 공동연구 협약을 맺은 기업 측에서 급하게 전구체 반응물 200g을 요구한 적이 있었습니다.\n\n1주에 반응물 120g을 얻을 수 있는 기존의 합성조건은 1일 차에 350도 10시간, 2일 차에 450도 6시간 합성하여 반응물을 얻는 데 2일이 걸렸습니다. 반응물을 여과 및 진공 정제하고 추후 합성을 위한 반응기 세척까지 포함하면 총 4일이 필요했습니다. 기업 과제를 함께 하던 선배는 넉넉히 2주 정도의 시간이 필요하다고 말했지만, 저는 기존 합성 일정을 참고하여 반응물 120g을 합성하는 데 2일이 걸리던 일정을 하루에 가능하도록 수정하여 최대한 기업 측 요구를 들어주려 노력했습니다. 수정한 합성조건은 총 14시간이 걸려 밤늦게 실험이 종료되었지만, 일주일에 2회 합성을 할 수 있어 200g의 반응물을 안정적으로 공급할 수 있었고, 추가적인 원료 분석 결과까지 전달하여 협약 기업의 높은 신뢰를 얻을 수 있었습니다.",
                "class": "적응력이 높은,목표를 달성하는 능력을 갖춘"
            }
        ]
    }
}