{
    "meta": {
        "text_raw": "3D 프린팅용 무기고분자의 경화 문제를 해결한 경험이 있습니다.\n인턴활동 중 팀원이 담당하고 있는 경화 실험이 잘 안 되어 성형체가 계속 무너지는 문제가 생겼습니다. 동료는 이를 해결하기 위해 석사 주제로 실리콘 기반의 무기고분자 합성을 연구했던 저에게 도움을 요청했습니다. 3D 프린팅용 무기고분자는 액상 폴리카보실란을 사용하며 열경화가 아닌 광경화 기반으로 성형되지만, 에너지 전달 방법만 다를 뿐 경화 메커니즘은 같았습니다. 석사과정 때 참고한 문헌 일부를 설명해주었고 조사한 내용을 기반으로 변수를 하나씩 제어한 결과, 링 타입의 성형체를 안정적으로 얻을 수 있었습니다.\n입사 후 소재부품산업의 산학연 네트워크를 활성화하여 산단 입주기업의 경쟁력을 강화하겠습니다. 학부 실험실 생활, 대학원, 인턴 활동을 하면서 다양한 연구기관, 기업체와 과제를 수행하고 세미나, 기술교류 활동을 했습니다. 이러한 경험들을 활용하여 입주기업에 물적, 인적 자원을 꾸준히 공급하겠습니다."
    },
    "anno_text_data": {
        "data": [
            {
                "index": 0,
                "raw": "3D 프린팅용 무기고분자의 경화 문제를 해결한 경험이 있습니다.\n인턴활동 중 팀원이 담당하고 있는 경화 실험이 잘 안 되어 성형체가 계속 무너지는 문제가 생겼습니다. 동료는 이를 해결하기 위해 석사 주제로 실리콘 기반의 무기고분자 합성을 연구했던 저에게 도움을 요청했습니다. 3D 프린팅용 무기고분자는 액상 폴리카보실란을 사용하며 열경화가 아닌 광경화 기반으로 성형되지만, 에너지 전달 방법만 다를 뿐 경화 메커니즘은 같았습니다. 석사과정 때 참고한 문헌 일부를 설명해주었고 조사한 내용을 기반으로 변수를 하나씩 제어한 결과, 링 타입의 성형체를 안정적으로 얻을 수 있었습니다.\n입사 후 소재부품산업의 산학연 네트워크를 활성화하여 산단 입주기업의 경쟁력을 강화하겠습니다. 학부 실험실 생활, 대학원, 인턴 활동을 하면서 다양한 연구기관, 기업체와 과제를 수행하고 세미나, 기술교류 활동을 했습니다. 이러한 경험들을 활용하여 입주기업에 물적, 인적 자원을 꾸준히 공급하겠습니다.",
                "class": "문제해결능력이 뛰어난,유연한 사고를 가진,탄탄한 의사소통 능력을 가진"
            }
        ]
    }
}