{
    "meta": {
        "text_raw": "진동학 강의시간, 자유낙하물체 안전장치 설계를 하는 45일 뒤 최종발표하는 과제가 있었습니다. 6명의 조원 강의시간이 달라서, 빈 강의시간에 조끔식진행하자는 조원들과 SNS를 활용하자는 조원들의 대립이 있었습니다. 각각의 장점이 있어 보여, 중립적인 입장에서 처음은 SNS를 활용하기로 했습니다. SNS 토의내용은 강의시간과 사적인 시간이 달라, 대화 내용이 늦게는 4시간이 걸려 답장이 오기도 했습니다.\n\n45일간의 스케쥴 조정과 계획에 대해 정리한 후, 2명의 조원에게 진도의 문제점을 보여주고, 중간고사에 영향을 받지 않는 것을 강조했고, 1명의 조원은 아르바이트 끝난 후, 직접 찾아가 토의한 내용을 설명해주는 대신 파일 정리 후 SNS 공유를 부탁했습니다. 45일 프로젝트는 39일 만에 끝나게 되었고, 조원 평가에서도 고득점을 얻게 되었습니다."
    },
    "anno_text_data": {
        "data": [
            {
                "index": 0,
                "raw": "진동학 강의시간, 자유낙하물체 안전장치 설계를 하는 45일 뒤 최종발표하는 과제가 있었습니다. 6명의 조원 강의시간이 달라서, 빈 강의시간에 조끔식진행하자는 조원들과 SNS를 활용하자는 조원들의 대립이 있었습니다. 각각의 장점이 있어 보여, 중립적인 입장에서 처음은 SNS를 활용하기로 했습니다. SNS 토의내용은 강의시간과 사적인 시간이 달라, 대화 내용이 늦게는 4시간이 걸려 답장이 오기도 했습니다.\n\n45일간의 스케쥴 조정과 계획에 대해 정리한 후, 2명의 조원에게 진도의 문제점을 보여주고, 중간고사에 영향을 받지 않는 것을 강조했고, 1명의 조원은 아르바이트 끝난 후, 직접 찾아가 토의한 내용을 설명해주는 대신 파일 정리 후 SNS 공유를 부탁했습니다. 45일 프로젝트는 39일 만에 끝나게 되었고, 조원 평가에서도 고득점을 얻게 되었습니다.",
                "class": "문제해결능력이 뛰어난,다양한 의견을 수렴하는,탄탄한 의사소통 능력을 가진"
            }
        ]
    }
}