{
    "meta": {
        "text_raw": "\"리더십과 승부욕에 침착함 한 방울\"\n\n어려서부터 승부욕이 강해, 친구들과 노는 것을 좋아하면서도 뭐든지 제가 일등이 되고 싶어 했습니다. 작게는 학급 퀴즈 대회부터 전교 UCC대회 등에 이르기까지 다양한 프로젝트에 참가해 성과를 내는 것을 즐겼고 그 과정 대부분을 직접 리드했습니다. 대부분 좋게 마무리되었지만, 가끔 너무 성급하게 결과물을 만들어내려는 조바심에 자잘한 실수를 한 적이 있었습니다. 새내기 때 밴드 동아리에서 활동할 때, 공연장에 필요한 장비는 꼼꼼히 챙겨갔는데 막상 리허설 때 케이블 연결을 깜빡하는 등 작은 부분을 간과해버렸던 일 등이 그 예입니다. 그런 일을 몇 번 겪고 나서는 주변 사람들의 조언을 귀담아듣고 일의 처리 속도만큼 완성도에 초점을 두어 차분히 해결하려고 노력해오고 있는데 특히 일본의 장인정신에서 그런 부분을 많이 배웠습니다. 뭐든지 빠르게 처리하려는 행동력에 성과의 품질까지 고려하는 꼼꼼한 면모까지 갖추고자 스스로에 대한 개선을 거듭해오고 있습니다."
    },
    "anno_text_data": {
        "data": [
            {
                "index": 0,
                "raw": "\"리더십과 승부욕에 침착함 한 방울\"\n\n어려서부터 승부욕이 강해, 친구들과 노는 것을 좋아하면서도 뭐든지 제가 일등이 되고 싶어 했습니다. 작게는 학급 퀴즈 대회부터 전교 UCC대회 등에 이르기까지 다양한 프로젝트에 참가해 성과를 내는 것을 즐겼고 그 과정 대부분을 직접 리드했습니다. 대부분 좋게 마무리되었지만, 가끔 너무 성급하게 결과물을 만들어내려는 조바심에 자잘한 실수를 한 적이 있었습니다. 새내기 때 밴드 동아리에서 활동할 때, 공연장에 필요한 장비는 꼼꼼히 챙겨갔는데 막상 리허설 때 케이블 연결을 깜빡하는 등 작은 부분을 간과해버렸던 일 등이 그 예입니다. 그런 일을 몇 번 겪고 나서는 주변 사람들의 조언을 귀담아듣고 일의 처리 속도만큼 완성도에 초점을 두어 차분히 해결하려고 노력해오고 있는데 특히 일본의 장인정신에서 그런 부분을 많이 배웠습니다. 뭐든지 빠르게 처리하려는 행동력에 성과의 품질까지 고려하는 꼼꼼한 면모까지 갖추고자 스스로에 대한 개선을 거듭해오고 있습니다.",
                "class": "다양한 의견을 수렴하는,지속적인 성장을 추구하는"
            }
        ]
    }
}