{
    "meta": {
        "text_raw": "\"끈기를 가지고 안전한 가스 사용에 도움이 되겠습니다\"\n\n저는 5년전 급격히 살이 쪄서 건강을 되찾으려고 살을 뺀 적이 있습니다. 식사량을 조절하고, 운동을 하며 중간중간 몸무게를 확인했습니다. 변화가 더뎌서 포기를 하고 싶었지만, 포기하지 않고 노력을 하여 2년간 27kg을 감량하고 지금도 유지하고 있습니다.\n안전은 건강과 같이 신경쓰지 않으면 소홀해지고 위험해는 것 같습니다. 하지만 포기하지 않고 가스시설 안전의 중요성을 알리면 많은 국민들이 사고를 예방할 수 있습니다. 예방된 환경 속에서 가스안전확보 역시 박차를 가할 것입니다.\n안전지킴이로 활동하면서 체계적인 안전점검으로 사고예방을 위해 노력하겠습니다."
    },
    "anno_text_data": {
        "data": [
            {
                "index": 0,
                "raw": "\"끈기를 가지고 안전한 가스 사용에 도움이 되겠습니다\"\n\n저는 5년전 급격히 살이 쪄서 건강을 되찾으려고 살을 뺀 적이 있습니다. 식사량을 조절하고, 운동을 하며 중간중간 몸무게를 확인했습니다. 변화가 더뎌서 포기를 하고 싶었지만, 포기하지 않고 노력을 하여 2년간 27kg을 감량하고 지금도 유지하고 있습니다.\n안전은 건강과 같이 신경쓰지 않으면 소홀해지고 위험해는 것 같습니다. 하지만 포기하지 않고 가스시설 안전의 중요성을 알리면 많은 국민들이 사고를 예방할 수 있습니다. 예방된 환경 속에서 가스안전확보 역시 박차를 가할 것입니다.\n안전지킴이로 활동하면서 체계적인 안전점검으로 사고예방을 위해 노력하겠습니다.",
                "class": "선한 영향력을 행사하는,고도의 책임감을 가진"
            }
        ]
    }
}