{
    "meta": {
        "text_raw": "\"뭐든지 최고가 목표\"\n\nCJ제일제당의 식품은 국내 최고로서 이미 많은 사람들에게 잘 알려져 있고, 시장에서의 접근성도 매우 우수합니다. 그러나 사회의 트렌드는 점점 빠르고 예측할 수 없게 급격히 변화하고 있고, 소비자의 기호는 점점 다양하고 까다롭게 진화하고 있습니다. CJ제일제당의 핵심 가치 중 하나인 “최고”는 이러한 급변하는 사회에서 ONLYONE이 되기에 충분한 자격이 있다고 생각하고, 변화하는 라이프스타일에 맞춰 미래 먹거리 산업을 주도하기에 최초의 그리고 최고의 기업이 될 수 있다고 생각합니다. 또한 어떤 일을 하던지 그 분야에서 최고가 되고자 하는 저의 성격과도 매우 흡사하여 부푼 마음으로 CJ제일제당에 지원하게 되었습니다. \n\n몸치 치어리더가 연습에 연습을 거듭해서 일등 치어리더가 되었고, 다양한 서포터즈나 인턴 활동들을 하며 매번 우수상을 놓치지 않으며, 대학 학과 내 1등을 위해 한 학기 모든 성적을 A+를 받기도 하며, 심지어 게임을 해도 최고 레벨을 달성하기 전까진 게임을 그만두지 않습니다. 돌이켜보면 제가 속한 조직에서 어떠한 일을 맡게 되었을 때, 맡은 일엔 언제나 최선을 다하고 그 분야에서 1등이 되고자 끊임없이 노력하고 연습하여 달려갔던 것 같습니다. 맡은 일에 자신이 있든 없든 일단 목표를 정하고, 그 목표를 이루고자 최선을 다하는 이러한 저의 성격은 Food Sales직무에서 좋은 성과를 내기에 굉장히 적합하다고 생각되었고, 꾸준한 연습과 노력, 신제품 발굴과 고객과의 소통으로 Food Sales 직무에서 최고가 되기 위해 달려가고 싶습니다."
    },
    "anno_text_data": {
        "data": [
            {
                "index": 0,
                "raw": "\"뭐든지 최고가 목표\"\n\nCJ제일제당의 식품은 국내 최고로서 이미 많은 사람들에게 잘 알려져 있고, 시장에서의 접근성도 매우 우수합니다. 그러나 사회의 트렌드는 점점 빠르고 예측할 수 없게 급격히 변화하고 있고, 소비자의 기호는 점점 다양하고 까다롭게 진화하고 있습니다. CJ제일제당의 핵심 가치 중 하나인 “최고”는 이러한 급변하는 사회에서 ONLYONE이 되기에 충분한 자격이 있다고 생각하고, 변화하는 라이프스타일에 맞춰 미래 먹거리 산업을 주도하기에 최초의 그리고 최고의 기업이 될 수 있다고 생각합니다. 또한 어떤 일을 하던지 그 분야에서 최고가 되고자 하는 저의 성격과도 매우 흡사하여 부푼 마음으로 CJ제일제당에 지원하게 되었습니다.",
                "class": "적응력이 높은"
            },
            {
                "index": 1,
                "raw": "몸치 치어리더가 연습에 연습을 거듭해서 일등 치어리더가 되었고, 다양한 서포터즈나 인턴 활동들을 하며 매번 우수상을 놓치지 않으며, 대학 학과 내 1등을 위해 한 학기 모든 성적을 A+를 받기도 하며, 심지어 게임을 해도 최고 레벨을 달성하기 전까진 게임을 그만두지 않습니다. 돌이켜보면 제가 속한 조직에서 어떠한 일을 맡게 되었을 때, 맡은 일엔 언제나 최선을 다하고 그 분야에서 1등이 되고자 끊임없이 노력하고 연습하여 달려갔던 것 같습니다. 맡은 일에 자신이 있든 없든 일단 목표를 정하고, 그 목표를 이루고자 최선을 다하는 이러한 저의 성격은 Food Sales직무에서 좋은 성과를 내기에 굉장히 적합하다고 생각되었고, 꾸준한 연습과 노력, 신제품 발굴과 고객과의 소통으로 Food Sales 직무에서 최고가 되기 위해 달려가고 싶습니다.",
                "class": "고도의 책임감을 가진,목표를 달성하는 능력을 갖춘"
            }
        ]
    }
}