{
    "meta": {
        "text_raw": "\"데이터분석 프로젝트 경험\"\n\n팀워크를 발휘하여 공동의 목표를 달성한 경험은 데이터를 사용한 프로젝트 경험들입니다.\n\n첫 번째는 ‘출연자의 사회적 물의에 따른 프로그램의 시청률 변화 분석’입니다. 과거 대한민국을 떠들썩하게 만든 ‘미투 운동’을 주제로 채택하였습니다. 특정 연예인들이 가해자로 지목된 후 그들이 출연했던 프로그램의 시청률이 감소하였는지, 동시간대에 방영하는 경쟁 프로그램의 시청률이 올랐는지에 대한 분석을 분업하여 진행하였습니다. 팀원은 크롤링을 통해 시청률을 가져오는 역할을 하였으며 저는 시청률을 검정을 통해 변화가 있었는지 분석하였습니다.\n\n두 번째는 ‘딥러닝 기반 고장 데이터를 활용한 고장시간 예측’입니다. 설비의 여러가지 수치화된 시계열 데이터를 이용하여 어느 기간에서 고장이었는지 정의한 후, 앞으로 어느 시점에서 고장이 발생할지에 대해 여러가지 알고리즘을 통해 예측하여, 그 중 정확도가 가장 높은 알고리즘을 솔루션으로 채택하였습니다. 분업을 통해 팀원들과 데이터를 나누어 전처리하였고, 결과값을 이용하여 검정을 통한 분석을 맡았습니다.\n\n\"팀과 분업은 필수!\"\n\n부족한 부분에 대해 함께 밀고 끌며 프로젝트를 진행한 결과 좋은 성과를 얻을수 있었습니다. 프로젝트를 진행하며 분업이 존재해야 프로젝트를 좀더 수월하게 진행할 수 있으며 나아가 업무를 효율적으로 수행할수 있음을 배웠습니다. 부족한 부분을 채워줄 수 있는 '팀'이 존재한다면, 업무의 효율성을 제고시킬 수 있고, 나아가 고객에게 제공하는 서비스의 품질제고를 도모할 수 있음을 배웠습니다."
    },
    "anno_text_data": {
        "data": [
            {
                "index": 0,
                "raw": "\"데이터분석 프로젝트 경험\"\n\n팀워크를 발휘하여 공동의 목표를 달성한 경험은 데이터를 사용한 프로젝트 경험들입니다.\n\n첫 번째는 ‘출연자의 사회적 물의에 따른 프로그램의 시청률 변화 분석’입니다. 과거 대한민국을 떠들썩하게 만든 ‘미투 운동’을 주제로 채택하였습니다. 특정 연예인들이 가해자로 지목된 후 그들이 출연했던 프로그램의 시청률이 감소하였는지, 동시간대에 방영하는 경쟁 프로그램의 시청률이 올랐는지에 대한 분석을 분업하여 진행하였습니다. 팀원은 크롤링을 통해 시청률을 가져오는 역할을 하였으며 저는 시청률을 검정을 통해 변화가 있었는지 분석하였습니다.\n\n두 번째는 ‘딥러닝 기반 고장 데이터를 활용한 고장시간 예측’입니다. 설비의 여러가지 수치화된 시계열 데이터를 이용하여 어느 기간에서 고장이었는지 정의한 후, 앞으로 어느 시점에서 고장이 발생할지에 대해 여러가지 알고리즘을 통해 예측하여, 그 중 정확도가 가장 높은 알고리즘을 솔루션으로 채택하였습니다. 분업을 통해 팀원들과 데이터를 나누어 전처리하였고, 결과값을 이용하여 검정을 통한 분석을 맡았습니다.",
                "class": "유연한 사고를 가진,데이터 기반의 의사결정을 하는,문제해결능력이 뛰어난"
            },
            {
                "index": 1,
                "raw": "\"팀과 분업은 필수!\"\n\n부족한 부분에 대해 함께 밀고 끌며 프로젝트를 진행한 결과 좋은 성과를 얻을수 있었습니다. 프로젝트를 진행하며 분업이 존재해야 프로젝트를 좀더 수월하게 진행할 수 있으며 나아가 업무를 효율적으로 수행할수 있음을 배웠습니다. 부족한 부분을 채워줄 수 있는 '팀'이 존재한다면, 업무의 효율성을 제고시킬 수 있고, 나아가 고객에게 제공하는 서비스의 품질제고를 도모할 수 있음을 배웠습니다.",
                "class": "탄탄한 의사소통 능력을 가진"
            }
        ]
    }
}