{
    "meta": {
        "text_raw": "\"정직함과 성실함\"\n\n발전설비의 수만 개의 부품이 유기적으로 결합하여 발전소가 가동되는 것처럼 조직 내에서 원활한 의사소통으로 팀원과 협동하여 남동발전의 원동력이 되겠습니다. \n\n재학 중 프랜차이즈 피자점에서 아르바이트하며 성실한 자세로 성실하게 업무를 처리한 결과 우수사원으로 추천된 경험이 있습니다. 미리 출근하여 당일 업무에 대한 파악을 마치고 매장 주변을 청소했습니다. 누가 시키지 않은 일이었지만 조직이 추구하는 고객 만족에 이바지하고자 노력했습니다. 또한, 고객 만족을 가장 중요하게 여겼던 조직이었기 때문에 고객에 대한 밝은 미소와 배려하는 마음을 꾸준하게 유지했습니다. 2년간의 근무 동안 성실한 근태와 꾸준하게 최선을 다한 모습이 동료들에게 능동적인 분위기를 조성하는 데 이바지하였고 서로에게 동기를 부여하는 환경을 만들었습니다. 그 결과 매장 내 우수사원으로 추천되어 30만 원의 포상금을 받았습니다. 이렇듯 사소한 일에도 성실하게 다하는 것이 조직을 위한 일이라고 생각합니다. 불성실한 자세로 업무를 수행하게 되면 주변 동료들에게 부정적인 영향을 미치게 되고 팀 전체의 능률을 저하하기 때문에 책임감과 사명감을 가지고 수행하겠습니다. \n\n24시간 수요에 따라 발전해야 하는 발전소에서도 성실함과 정직함이 필수라고 생각합니다. 국민을 위해 시간에 구애받지 않고 고품질의 전기를 제공한다는 자세로 성실히 임하겠으며 남동발전이 앞장서고 있는 친환경 발전에 보탬이 될 수 있도록 환경에 대해 정직하게 행동하겠습니다."
    },
    "anno_text_data": {
        "data": [
            {
                "index": 0,
                "raw": "\"정직함과 성실함\"\n\n발전설비의 수만 개의 부품이 유기적으로 결합하여 발전소가 가동되는 것처럼 조직 내에서 원활한 의사소통으로 팀원과 협동하여 남동발전의 원동력이 되겠습니다. \n\n재학 중 프랜차이즈 피자점에서 아르바이트하며 성실한 자세로 성실하게 업무를 처리한 결과 우수사원으로 추천된 경험이 있습니다. 미리 출근하여 당일 업무에 대한 파악을 마치고 매장 주변을 청소했습니다. 누가 시키지 않은 일이었지만 조직이 추구하는 고객 만족에 이바지하고자 노력했습니다. 또한, 고객 만족을 가장 중요하게 여겼던 조직이었기 때문에 고객에 대한 밝은 미소와 배려하는 마음을 꾸준하게 유지했습니다. 2년간의 근무 동안 성실한 근태와 꾸준하게 최선을 다한 모습이 동료들에게 능동적인 분위기를 조성하는 데 이바지하였고 서로에게 동기를 부여하는 환경을 만들었습니다. 그 결과 매장 내 우수사원으로 추천되어 30만 원의 포상금을 받았습니다. 이렇듯 사소한 일에도 성실하게 다하는 것이 조직을 위한 일이라고 생각합니다. 불성실한 자세로 업무를 수행하게 되면 주변 동료들에게 부정적인 영향을 미치게 되고 팀 전체의 능률을 저하하기 때문에 책임감과 사명감을 가지고 수행하겠습니다. \n\n24시간 수요에 따라 발전해야 하는 발전소에서도 성실함과 정직함이 필수라고 생각합니다. 국민을 위해 시간에 구애받지 않고 고품질의 전기를 제공한다는 자세로 성실히 임하겠으며 남동발전이 앞장서고 있는 친환경 발전에 보탬이 될 수 있도록 환경에 대해 정직하게 행동하겠습니다.",
                "class": "선한 영향력을 행사하는,긍정적인 태도를 갖춘"
            }
        ]
    }
}