{
    "meta": {
        "text_raw": "\"공정데이터 분석으로 생산량 20%향상\"\n\n제가 가장 크게 성취감을 느낀 사건은 화학공장설계 프로젝트입니다. 저는 화학공장을 설계하는 프로젝트에서 공정데이터 분석으로 생산량을 20%향상 시킨 경험이 있습니다. 바이오메스로 프로필렌을 생산하는 공장을 설계하였는데 저는 메탄올로 프로필렌을 생산하는 공정을 맡았습니다. 프로젝트를 하면서 겪은 어려움은 두 가지였습니다. 첫 번째는 팀 내적으로의 문제였고 두 번째는 생산량 및 수율향상 문제였습니다.\n\n처음에 공장을 설계할 때는 팀원들이 모두 같은 부분을 설계하고 일주일에 한 번씩 피드백을 하는 방식으로 진행하였습니다. 하지만 이렇게 진행하다보니 프로젝트 진행이 느렸고 팀원들 간의 업무량 차이가 발생하여 불만을 가지는 팀원이 생기게 되었습니다. 따라서 공정을 4개로 나누어서 설계를 진행하였고 진행하는 과정에서 모르는 부분을 바로바로 서로 소통하면서 알려주었습니다. 이 과정에서 의욕이 떨어져있는 팀원들 사기를 북돋고 제가 조금 더 희생하여서 열심히 하자는 마음으로 팀원들을 도와주었습니다. 그 결과 팀원들이 자신이 맡은 일에 책임감을 느끼고 열심히 참여하였고 처음부터 끝까지 문제없이 운영되는 공정을 설계할 수 있었습니다. 공정이 문제없이 운영되기는 했으나 생산량과 수율부분이 목표치보다 아쉬웠습니다. \n\n그래서 그 과정에서 생산량향상을 위해 6시그마 그린벨트를 취득하면서 배운 DMAIC기법을 사용하였습니다. 프로필렌 생산량을 CTQ로 설정하고 여러 가지 공정데이터를 분석하였고 이를 개선시키면서 생산량 및 품질의 변화를 확인하였습니다. 가장 중요하게 생산량을 높일 수 있었던 작업은 증류탑의 추가였습니다. 저희가 설계한 공정자료를 다른 공정자료 및 설계도와 비교 분석 해보면서 공정을 분석해본 결과 마지막공정에서 낭비되는 메탄올이 많음을 파악할 수 있었습니다. 따라서 증류탑을 하나 더 추가하여 낭비되는 메탄올이 한 번 더 공정을 거쳐 프로필렌을 생산할 수 있도록 하였고 온도와 압력도 그에 맡게 조절하여 생산량을 20%향상시켰습니다. 그 외에도 증류탑의 Tray종류, 단높이,flooding factor등의 요소들을 바꿔보고 반응기 사의의 열교환 체계를 개선해 수율을 향상시켰고 해당프로젝트에서 A+의 성적을 받을 수 있었습니다. \n\n이 활동을 통해서 오랜 기간의 팀 활동에서 팀원들을 북돋고 협력해서 더 좋은 성과를 내는 법을 깨달을 수 있었습니다. 그리고 분별증류공정과 화학공장에서 물질이 생산되는 공정의 흐름에 대해서 자세히 배울 수 있었습니다. 또한 공정을 관리하고 공정에서 문제가 발생하였을 때 이것을 데이터 및 화학지식을 기반으로 해결해 제품의 생산량 및 수율을 증가시키는 엔지니어 역량을 키울 수 있었습니다. 이러한 경험을 바탕으로 GS칼텍스에서도 공정엔지니어로서 제품의 생산량과 에너지 효율성을 높이기 위해 최선을 다하겠습니다."
    },
    "anno_text_data": {
        "data": [
            {
                "index": 0,
                "raw": "\"공정데이터 분석으로 생산량 20%향상\"\n\n제가 가장 크게 성취감을 느낀 사건은 화학공장설계 프로젝트입니다. 저는 화학공장을 설계하는 프로젝트에서 공정데이터 분석으로 생산량을 20%향상 시킨 경험이 있습니다. 바이오메스로 프로필렌을 생산하는 공장을 설계하였는데 저는 메탄올로 프로필렌을 생산하는 공정을 맡았습니다. 프로젝트를 하면서 겪은 어려움은 두 가지였습니다. 첫 번째는 팀 내적으로의 문제였고 두 번째는 생산량 및 수율향상 문제였습니다.\n\n처음에 공장을 설계할 때는 팀원들이 모두 같은 부분을 설계하고 일주일에 한 번씩 피드백을 하는 방식으로 진행하였습니다. 하지만 이렇게 진행하다보니 프로젝트 진행이 느렸고 팀원들 간의 업무량 차이가 발생하여 불만을 가지는 팀원이 생기게 되었습니다. 따라서 공정을 4개로 나누어서 설계를 진행하였고 진행하는 과정에서 모르는 부분을 바로바로 서로 소통하면서 알려주었습니다. 이 과정에서 의욕이 떨어져있는 팀원들 사기를 북돋고 제가 조금 더 희생하여서 열심히 하자는 마음으로 팀원들을 도와주었습니다. 그 결과 팀원들이 자신이 맡은 일에 책임감을 느끼고 열심히 참여하였고 처음부터 끝까지 문제없이 운영되는 공정을 설계할 수 있었습니다. 공정이 문제없이 운영되기는 했으나 생산량과 수율부분이 목표치보다 아쉬웠습니다. \n\n그래서 그 과정에서 생산량향상을 위해 6시그마 그린벨트를 취득하면서 배운 DMAIC기법을 사용하였습니다. 프로필렌 생산량을 CTQ로 설정하고 여러 가지 공정데이터를 분석하였고 이를 개선시키면서 생산량 및 품질의 변화를 확인하였습니다. 가장 중요하게 생산량을 높일 수 있었던 작업은 증류탑의 추가였습니다. 저희가 설계한 공정자료를 다른 공정자료 및 설계도와 비교 분석 해보면서 공정을 분석해본 결과 마지막공정에서 낭비되는 메탄올이 많음을 파악할 수 있었습니다. 따라서 증류탑을 하나 더 추가하여 낭비되는 메탄올이 한 번 더 공정을 거쳐 프로필렌을 생산할 수 있도록 하였고 온도와 압력도 그에 맡게 조절하여 생산량을 20%향상시켰습니다. 그 외에도 증류탑의 Tray종류, 단높이,flooding factor등의 요소들을 바꿔보고 반응기 사의의 열교환 체계를 개선해 수율을 향상시켰고 해당프로젝트에서 A+의 성적을 받을 수 있었습니다. \n\n이 활동을 통해서 오랜 기간의 팀 활동에서 팀원들을 북돋고 협력해서 더 좋은 성과를 내는 법을 깨달을 수 있었습니다. 그리고 분별증류공정과 화학공장에서 물질이 생산되는 공정의 흐름에 대해서 자세히 배울 수 있었습니다. 또한 공정을 관리하고 공정에서 문제가 발생하였을 때 이것을 데이터 및 화학지식을 기반으로 해결해 제품의 생산량 및 수율을 증가시키는 엔지니어 역량을 키울 수 있었습니다. 이러한 경험을 바탕으로 GS칼텍스에서도 공정엔지니어로서 제품의 생산량과 에너지 효율성을 높이기 위해 최선을 다하겠습니다.",
                "class": "문제해결능력이 뛰어난,자원을 효율적으로 활용하는,신속한 의사결정을 내리는"
            }
        ]
    }
}