{
    "meta": {
        "text_raw": "팀프로젝트 실패 후, 새로운 방법으로 협력을 이끌어 낸 경험이 있습니다. 신입생 시절, 전공이 다르고 나이가 5~10살 이상 차이 나는 고학번 선배들과 함께 한 프로젝트였습니다. 미숙함과 경험 부족으로 인해, 팀원의 협력을 이끌어내지 못하여, 자료조사, 보고서 작성, 발표까지 전 과정을 혼자 준비하였습니다. 그 결과, 첫 발표에서 다른 팀보다 질적 수준이 떨어졌습니다. 교수님께서도 팀플의 핵심인 팀워크가 부족해 아쉽다고 평가하여, 다음 프로젝트에서 팀원들의 협력을 이끌어내는 것이 필수적이었습니다.\n\n최종 발표를 성공적으로 마친 후, 학우들이 질문과 피드백을 보내주었기에 또다른 성장의 발판이 되었습니다. 학기 초 목표는 프로젝트를 대충이라도 끝마치고자 하는 것이었는데, 결과적으로 강의에서 저희 조만이 발표 점수와 팀워크 점수에서 최고점을 받았습니다."
    },
    "anno_text_data": {
        "data": [
            {
                "index": 0,
                "raw": "팀프로젝트 실패 후, 새로운 방법으로 협력을 이끌어 낸 경험이 있습니다. 신입생 시절, 전공이 다르고 나이가 5~10살 이상 차이 나는 고학번 선배들과 함께 한 프로젝트였습니다. 미숙함과 경험 부족으로 인해, 팀원의 협력을 이끌어내지 못하여, 자료조사, 보고서 작성, 발표까지 전 과정을 혼자 준비하였습니다. 그 결과, 첫 발표에서 다른 팀보다 질적 수준이 떨어졌습니다. 교수님께서도 팀플의 핵심인 팀워크가 부족해 아쉽다고 평가하여, 다음 프로젝트에서 팀원들의 협력을 이끌어내는 것이 필수적이었습니다.\n\n최종 발표를 성공적으로 마친 후, 학우들이 질문과 피드백을 보내주었기에 또다른 성장의 발판이 되었습니다. 학기 초 목표는 프로젝트를 대충이라도 끝마치고자 하는 것이었는데, 결과적으로 강의에서 저희 조만이 발표 점수와 팀워크 점수에서 최고점을 받았습니다.",
                "class": "고도의 책임감을 가진"
            }
        ]
    }
}