{
    "meta": {
        "text_raw": "“크기는 작지만 큰 역할”\n\n제 원동력은 업무에 대한 책임감입니다. OOOOO 협력사에서 품질검사 아르바이트를 하였는데 주로 ‘캘리퍼’ 브레이크 부품 품질검사 업무를 담당하였습니다. 크기가 작은 부품이지만 ‘브레이크’라는 큰 역할을 하기에 ‘품질은 곧 생명이다.’라는 책임감으로 일했습니다. 아르바이트 초기에 불량 확인 숙련도가 낮아서 실수로 불량품을 인지하지 못했지만, 다행히 다음 공정으로 넘겨지기 전에 상사분이 불량품을 확인하고 크게 혼을 내셨습니다. 상사분은 불량품이 다음 공정으로 넘어가면 우리 팀 욕은 물론이고, 불량품 조립 시 2차 3차의 문제가 발생할 수 있기에 항상 긴장하고 치밀하게 일하여야 한다고 하셨습니다. 제가 했던 일이 캘리퍼라는 부품 하나를 검사하는 일이었지만 고객의 생명을 다룬다는 책임감을 기를 수 있었고 제품의 품질에 관련해서 어떤 불량도 허용해서는 안 된다는 것을 배울 수 있는 경험이었습니다.\n\n“맡은 일에 대한 책임감과 열정”\n\n자동차 지그 제조 기업인 OOOO에서 수행한 현장실습 마지막 날에 저의 열정과 책임감을 인정받은 성과보수 10만 원을 받았습니다. 현장실습 가기 전 저의 마음가짐은 “한 달이라는 짧은 시간이지만, 어떤 일이든 배운다는 자세와 주어진 업무에 책임감을 가지고, 꼼꼼하게 최선을 다하자”이었습니다. 당연히 처음에는 간단한 공장 청소나, 완제품 페인트칠 등 업무를 하였습니다. 하지만 주어진 업무를 소홀히 여기지 않고, 완벽하게 마무리함으로써 직원분들에게 신뢰를 드릴 수 있었습니다. 제 업무에 책임감과 열정을 보여드림으로써 할 수 있는 업무 범위를 넓힐 수 있었습니다.\n\n그 결과로 2인 1조로 했던 지그 베이스 제조를 혼자 수행하도록 맡겨주시고, 완제품 부품 검사와 페인트, 포장 등 여러 업무를 할 수 있었습니다. 고작 10만 원이라고 생각하실 수도 있지만, 성실하게 일하고, 저의 열정과 책임감에 대한 산출물이라 생각합니다. 이번에는 현대자동차의 품질에 대한 저의 열정과 책임감을 보여드리고 싶습니다."
    },
    "anno_text_data": {
        "data": [
            {
                "index": 0,
                "raw": "“크기는 작지만 큰 역할”\n\n제 원동력은 업무에 대한 책임감입니다. OOOOO 협력사에서 품질검사 아르바이트를 하였는데 주로 ‘캘리퍼’ 브레이크 부품 품질검사 업무를 담당하였습니다. 크기가 작은 부품이지만 ‘브레이크’라는 큰 역할을 하기에 ‘품질은 곧 생명이다.’라는 책임감으로 일했습니다. 아르바이트 초기에 불량 확인 숙련도가 낮아서 실수로 불량품을 인지하지 못했지만, 다행히 다음 공정으로 넘겨지기 전에 상사분이 불량품을 확인하고 크게 혼을 내셨습니다. 상사분은 불량품이 다음 공정으로 넘어가면 우리 팀 욕은 물론이고, 불량품 조립 시 2차 3차의 문제가 발생할 수 있기에 항상 긴장하고 치밀하게 일하여야 한다고 하셨습니다. 제가 했던 일이 캘리퍼라는 부품 하나를 검사하는 일이었지만 고객의 생명을 다룬다는 책임감을 기를 수 있었고 제품의 품질에 관련해서 어떤 불량도 허용해서는 안 된다는 것을 배울 수 있는 경험이었습니다.",
                "class": "고도의 책임감을 가진"
            },
            {
                "index": 1,
                "raw": "“맡은 일에 대한 책임감과 열정”\n\n자동차 지그 제조 기업인 OOOO에서 수행한 현장실습 마지막 날에 저의 열정과 책임감을 인정받은 성과보수 10만 원을 받았습니다. 현장실습 가기 전 저의 마음가짐은 “한 달이라는 짧은 시간이지만, 어떤 일이든 배운다는 자세와 주어진 업무에 책임감을 가지고, 꼼꼼하게 최선을 다하자”이었습니다. 당연히 처음에는 간단한 공장 청소나, 완제품 페인트칠 등 업무를 하였습니다. 하지만 주어진 업무를 소홀히 여기지 않고, 완벽하게 마무리함으로써 직원분들에게 신뢰를 드릴 수 있었습니다. 제 업무에 책임감과 열정을 보여드림으로써 할 수 있는 업무 범위를 넓힐 수 있었습니다.\n\n그 결과로 2인 1조로 했던 지그 베이스 제조를 혼자 수행하도록 맡겨주시고, 완제품 부품 검사와 페인트, 포장 등 여러 업무를 할 수 있었습니다. 고작 10만 원이라고 생각하실 수도 있지만, 성실하게 일하고, 저의 열정과 책임감에 대한 산출물이라 생각합니다. 이번에는 현대자동차의 품질에 대한 저의 열정과 책임감을 보여드리고 싶습니다.",
                "class": "고도의 책임감을 가진,목표를 달성하는 능력을 갖춘"
            }
        ]
    }
}