{
    "meta": {
        "text_raw": "\"분석과 해결방안\"\n\n테니스 동아리 대회에서 5개 대학이 참가하였고, 저는 총무 역할을 하였습니다. 참여하는 학생의 수가 많다 보니, 경기일정 시간과 일정 변동이 생길 수도 있다는 내용을 전달받았습니다. 경기 당일, 한 대학에서 늦게 도착하여, 전체적인 경기 시작이 지체되었습니다.\n\n행사시간이 길어지게 되었습니다. 교통 시간이 끝날 수도 있으므로, 가봐야 하는 학생들이 대표들에게 내용을 전달하였고, 회의하였고, 저는 차량이 있는 분들에게 양해를 구하고, 우승상품가격을 조정하고, 남은 소금 액은 늦은 대학에서 80% 나머지 대학교에서 5%를 제안하였고, 추후 대회를 늦은 대학교에서 주최하도록 요청했습니다.\n\n학생들에게 전달하였고, 5%에 불만이 있는 학생들도 있었지만, 회의 내용을 전달함으로써, 학생들은 이해하였고, 상황에 맞게 분석과 해결방안을 찾는 것은 중요하다고 다시 한 번 느낄 수가 있게 되었습니다."
    },
    "anno_text_data": {
        "data": [
            {
                "index": 0,
                "raw": "\"분석과 해결방안\"\n\n테니스 동아리 대회에서 5개 대학이 참가하였고, 저는 총무 역할을 하였습니다. 참여하는 학생의 수가 많다 보니, 경기일정 시간과 일정 변동이 생길 수도 있다는 내용을 전달받았습니다. 경기 당일, 한 대학에서 늦게 도착하여, 전체적인 경기 시작이 지체되었습니다.\n\n행사시간이 길어지게 되었습니다. 교통 시간이 끝날 수도 있으므로, 가봐야 하는 학생들이 대표들에게 내용을 전달하였고, 회의하였고, 저는 차량이 있는 분들에게 양해를 구하고, 우승상품가격을 조정하고, 남은 소금 액은 늦은 대학에서 80% 나머지 대학교에서 5%를 제안하였고, 추후 대회를 늦은 대학교에서 주최하도록 요청했습니다.\n\n학생들에게 전달하였고, 5%에 불만이 있는 학생들도 있었지만, 회의 내용을 전달함으로써, 학생들은 이해하였고, 상황에 맞게 분석과 해결방안을 찾는 것은 중요하다고 다시 한 번 느낄 수가 있게 되었습니다.",
                "class": "문제해결능력이 뛰어난,탄탄한 의사소통 능력을 가진"
            }
        ]
    }
}