{
    "meta": {
        "text_raw": "\"창의력 캠프 최우수상 달성\"\n\n창의력 캠프에서 상황에 맞는 리더십 발휘와 과제 평가 기준 파악의 중요성을 배웠습니다 창의력 캠프에서 팀 미션을 수행하면서 저희 팀은 소통이 원활하지 않았고 팀 회의 시간에는 아이디어가 원활하게 제시하지 않았습니다. 그래서 팀 미션에서 성적이 좋지 못했습니다. 에이스 팀은 학교 홍보대사의 스피치 경쟁력을 앞세워 아이디어의 참신성과 매력적인 발표를 했습니다.\n\n기존의 방식으로 팀을 리드해도 효과가 없던 와중 동료들의 성격유형 찾기 시간을 활용해 팀원들의 성향을 분석했습니다. 팀원들은 중재자형이고 저만 개혁가형으로 나왔습니다. 카리스마 리더십을 통해 영향력을 발휘해서 팀원들의 역량을 끌어올려 팀워크를 끌어올릴 필요성을 느꼈습니다. 그리고 팀 회의를 진행할 때 제시한 의견에 대해 생각을 물어보고 이를 반영하는 형태로 편안하게 진행했습니다. 아침 기상미션 1등을 토대로 팀원들은 자신감을 얻었고 팀 프로젝트에서 다양한 의견이 표출되고 팀워크가 강화되었습니다."
    },
    "anno_text_data": {
        "data": [
            {
                "index": 0,
                "raw": "\"창의력 캠프 최우수상 달성\"\n\n창의력 캠프에서 상황에 맞는 리더십 발휘와 과제 평가 기준 파악의 중요성을 배웠습니다 창의력 캠프에서 팀 미션을 수행하면서 저희 팀은 소통이 원활하지 않았고 팀 회의 시간에는 아이디어가 원활하게 제시하지 않았습니다. 그래서 팀 미션에서 성적이 좋지 못했습니다. 에이스 팀은 학교 홍보대사의 스피치 경쟁력을 앞세워 아이디어의 참신성과 매력적인 발표를 했습니다.\n\n기존의 방식으로 팀을 리드해도 효과가 없던 와중 동료들의 성격유형 찾기 시간을 활용해 팀원들의 성향을 분석했습니다. 팀원들은 중재자형이고 저만 개혁가형으로 나왔습니다. 카리스마 리더십을 통해 영향력을 발휘해서 팀원들의 역량을 끌어올려 팀워크를 끌어올릴 필요성을 느꼈습니다. 그리고 팀 회의를 진행할 때 제시한 의견에 대해 생각을 물어보고 이를 반영하는 형태로 편안하게 진행했습니다. 아침 기상미션 1등을 토대로 팀원들은 자신감을 얻었고 팀 프로젝트에서 다양한 의견이 표출되고 팀워크가 강화되었습니다.",
                "class": "문제해결능력이 뛰어난,다양한 의견을 수렴하는,탄탄한 의사소통 능력을 가진"
            }
        ]
    }
}