{
    "meta": {
        "text_raw": "\"공정개선경험과 전공지식\"\n\n저는 공정엔지니어에게 필요한 것은 화학공정에 대한 지식과 그것을 바탕으로 생산량과 에너지 효율을 향상시킬 수 있는 능력이라고 생각합니다. 저는 화학공장 설계프로젝트에서 공정개선으로 생산량을 20%향상시킨 경험이 있습니다. 처음에는 원하는 만큼 생산량이 안 나왔지만 DMAIC기법을 사용하여 공정데이터를 분석하여고 메탄올이 낭비되고 있다는 것을 파악하였습니다. 그 결과 증류탑을 추가하여 생산량을 20% 향상시킬 수 있었습니다.\n\n저는 열 및 물질전달, 분리공정설계,공정제어 수업을 통해 정유공정의 상압증류,감압증류 공정과 여기에 사용되는 증류탑, 펌프,열교환기의 작동원리 및 제어방법에 대해서 배웠습니다. 그리고 고분자재료실험,유기화학을 통해서 폴리머,올레핀,방향족화합물의 구조 및 특징에 대해서 배울 수 있었습니다. 이러한 경험은 공정을 개선하여서 제품의 생산량과 품질을 향상시키는 공정엔지니어업무에 큰 도움이 될것입니다."
    },
    "anno_text_data": {
        "data": [
            {
                "index": 0,
                "raw": "\"공정개선경험과 전공지식\"\n\n저는 공정엔지니어에게 필요한 것은 화학공정에 대한 지식과 그것을 바탕으로 생산량과 에너지 효율을 향상시킬 수 있는 능력이라고 생각합니다. 저는 화학공장 설계프로젝트에서 공정개선으로 생산량을 20%향상시킨 경험이 있습니다. 처음에는 원하는 만큼 생산량이 안 나왔지만 DMAIC기법을 사용하여 공정데이터를 분석하여고 메탄올이 낭비되고 있다는 것을 파악하였습니다. 그 결과 증류탑을 추가하여 생산량을 20% 향상시킬 수 있었습니다.\n\n저는 열 및 물질전달, 분리공정설계,공정제어 수업을 통해 정유공정의 상압증류,감압증류 공정과 여기에 사용되는 증류탑, 펌프,열교환기의 작동원리 및 제어방법에 대해서 배웠습니다. 그리고 고분자재료실험,유기화학을 통해서 폴리머,올레핀,방향족화합물의 구조 및 특징에 대해서 배울 수 있었습니다. 이러한 경험은 공정을 개선하여서 제품의 생산량과 품질을 향상시키는 공정엔지니어업무에 큰 도움이 될것입니다.",
                "class": "비전을 제시하는,지속적인 성장을 추구하는,목표를 달성하는 능력을 갖춘"
            }
        ]
    }
}