{
    "meta": {
        "text_raw": "\"솔선수범은 주변에도 전해진다\"\n\n대학교 3학년 2학기, 팀 프로젝트가 주어졌고, 자료조사 및 발표 역할을 맡게 되었습니다. 실험에서 필요한 자동차 변속기어가 필요했습니다. 주문은 할 수 없는 상태였고, 폐차장을 가야 한다는 결론이 나왔습니다. 문제는 조원들은 힘들일 하기 싫어하는 눈치였습니다. 힘들고, 고된 업무는 먼저 나서면, 주변에도 영향을 미친다는 신념을 지니고 있었습니다. 저와 조장은 동시에 자진해서 하겠다고 하였고, 조장과 인근 폐차장을 검색 후, 전화로, 구매할 수 있는 매물 유무와 가격을 확인하였스며, 예정일보다 3일 빠르게 실험을 할 수 있게 되었고, 자료조사에서 부족한 점이 있었지만, 자신의 강의가 끝난 후, 학교에 남아 조사를 도와주었고, 예정발표일보다 3일 빠르게 준비할 수가 있어서, 시험 기간에 영향을 받지 않고 준비할 수 있었습니다."
    },
    "anno_text_data": {
        "data": [
            {
                "index": 0,
                "raw": "\"솔선수범은 주변에도 전해진다\"\n\n대학교 3학년 2학기, 팀 프로젝트가 주어졌고, 자료조사 및 발표 역할을 맡게 되었습니다. 실험에서 필요한 자동차 변속기어가 필요했습니다. 주문은 할 수 없는 상태였고, 폐차장을 가야 한다는 결론이 나왔습니다. 문제는 조원들은 힘들일 하기 싫어하는 눈치였습니다. 힘들고, 고된 업무는 먼저 나서면, 주변에도 영향을 미친다는 신념을 지니고 있었습니다. 저와 조장은 동시에 자진해서 하겠다고 하였고, 조장과 인근 폐차장을 검색 후, 전화로, 구매할 수 있는 매물 유무와 가격을 확인하였스며, 예정일보다 3일 빠르게 실험을 할 수 있게 되었고, 자료조사에서 부족한 점이 있었지만, 자신의 강의가 끝난 후, 학교에 남아 조사를 도와주었고, 예정발표일보다 3일 빠르게 준비할 수가 있어서, 시험 기간에 영향을 받지 않고 준비할 수 있었습니다.",
                "class": "선한 영향력을 행사하는,신뢰를 주는 리더"
            }
        ]
    }
}