{
    "meta": {
        "text_raw": "저는 스마트그리드를 이끌어 갈 수 있는 인재가 되고 싶습니다. 스마트그리드에서도 특히 중요한 ESS, 전기자동차의 핵심인 배터리 사업을 담당하는 LG화학에 입사하여 다양한 분산형 전원과 전기자동차 보급에 기여할 수 있는 사람이 되어 대한민국의, 나아가 전 세계의 스마트 그리드를 이끌어나가는 LG화학의 일원이 되겠습니다. 제가 LG화학의 일원이 된다면, LG화학의 안전한 설비 구축에 대한 전문성을 높이기 위하여 산업안전기사와 같은 자격증을 취득하고 LG화학에서 쌓게 될 경력을 바탕으로 전기안전기술사 자격증을 취득하여 LG화학의 더욱 안전하고 경쟁력 있는 설비 개발에 기여하겠습니다.\n\n비전공적인 부분에 있어서, 저의 어학 능력을 보완하여 LG화학이 전세계적인 스마트그리드의 발전을 이끌어 나가는 선두주자가 되는 데에 이바지하겠습니다."
    },
    "anno_text_data": {
        "data": [
            {
                "index": 0,
                "raw": "저는 스마트그리드를 이끌어 갈 수 있는 인재가 되고 싶습니다. 스마트그리드에서도 특히 중요한 ESS, 전기자동차의 핵심인 배터리 사업을 담당하는 LG화학에 입사하여 다양한 분산형 전원과 전기자동차 보급에 기여할 수 있는 사람이 되어 대한민국의, 나아가 전 세계의 스마트 그리드를 이끌어나가는 LG화학의 일원이 되겠습니다. 제가 LG화학의 일원이 된다면, LG화학의 안전한 설비 구축에 대한 전문성을 높이기 위하여 산업안전기사와 같은 자격증을 취득하고 LG화학에서 쌓게 될 경력을 바탕으로 전기안전기술사 자격증을 취득하여 LG화학의 더욱 안전하고 경쟁력 있는 설비 개발에 기여하겠습니다.\n\n비전공적인 부분에 있어서, 저의 어학 능력을 보완하여 LG화학이 전세계적인 스마트그리드의 발전을 이끌어 나가는 선두주자가 되는 데에 이바지하겠습니다.",
                "class": "비전을 제시하는,고도의 자기주도성을 가진"
            }
        ]
    }
}