{
    "meta": {
        "text_raw": "장점은 맡은 역할에 대한 책임감이 높다는 것입니다.\n학부생 시절, ‘니켈-망간 산화물의 전기적 특성 평가’ 팀 프로젝트에서 PPT 구성과 발표를 담당했습니다. 팀원들과 함께 실험한 내용을 바탕으로 짜임새 있게 발표자료를 준비하였고, 4명의 팀원 중 기여도가 가장 높아 A의 성적을 받았습니다. 또한, 석사과정 중 타 연구기관과 함께 진행한 ‘섬유 복합소재용 Si계 무기고분자 합성 및 섬유복합재 제조’ 과제의 실험연구원으로 참여해 실험적 이슈에 대한 부분을 책임지고 담당했습니다. 그 결과, 2년간 참여한 연구 공로를 인정받아 150만 원의 성과급을 받았습니다. 맡은 역할을 최대한 완벽히 수행하여 내 가치를 충분히 드러내는 저의 장점은 조직 생활에 있어 꼭 필요한 자세입니다.\n\n반면, 단점은 설명하는 데 많은 시간을 쏟는 것입니다. 국내학회에서 구두발표를 할 때, 구성한 내용을 깔끔하게 설명하지 못한 적이 있었습니다. 이후, 랩 세미나 시간을 활용해 내용을 요약 전달하는 연습을 중점적으로 진행하였고, 학위논문 발표 시에는 전달 내용을 이해하기 쉽게 설명해 질의응답 시간까지 청중들의 집중을 받았습니다."
    },
    "anno_text_data": {
        "data": [
            {
                "index": 0,
                "raw": "장점은 맡은 역할에 대한 책임감이 높다는 것입니다.\n학부생 시절, ‘니켈-망간 산화물의 전기적 특성 평가’ 팀 프로젝트에서 PPT 구성과 발표를 담당했습니다. 팀원들과 함께 실험한 내용을 바탕으로 짜임새 있게 발표자료를 준비하였고, 4명의 팀원 중 기여도가 가장 높아 A의 성적을 받았습니다. 또한, 석사과정 중 타 연구기관과 함께 진행한 ‘섬유 복합소재용 Si계 무기고분자 합성 및 섬유복합재 제조’ 과제의 실험연구원으로 참여해 실험적 이슈에 대한 부분을 책임지고 담당했습니다. 그 결과, 2년간 참여한 연구 공로를 인정받아 150만 원의 성과급을 받았습니다. 맡은 역할을 최대한 완벽히 수행하여 내 가치를 충분히 드러내는 저의 장점은 조직 생활에 있어 꼭 필요한 자세입니다.",
                "class": "고도의 책임감을 가진,목표를 달성하는 능력을 갖춘"
            },
            {
                "index": 1,
                "raw": "반면, 단점은 설명하는 데 많은 시간을 쏟는 것입니다. 국내학회에서 구두발표를 할 때, 구성한 내용을 깔끔하게 설명하지 못한 적이 있었습니다. 이후, 랩 세미나 시간을 활용해 내용을 요약 전달하는 연습을 중점적으로 진행하였고, 학위논문 발표 시에는 전달 내용을 이해하기 쉽게 설명해 질의응답 시간까지 청중들의 집중을 받았습니다.",
                "class": "탄탄한 의사소통 능력을 가진,지속적인 성장을 추구하는"
            }
        ]
    }
}