{
    "meta": {
        "text_raw": "“소통을 통한 목표 달성능력”\n\n저는 조직의 목표를 달성하기 위해서 팀원들과 활발하게 소통하는 사람입니다. 학부 시절에 1년간 연구원으로 활동한 경험이 있습니다. 활동 중 OOOO에서 논문을 포스트 발표를 할 기회가 생겼습니다. 모든 연구원이 포스트 발표가 처음이라 순조롭지 못했습니다. 각자 다른 논문의 자료로 자신의 자료가 옳다며 갈등을 빚곤 해서 회의하는데 3시간 정도로 매우 오래 걸렸습니다. 저는 비효율적으로 시간을 쓰지 말고 서로의 자료를 객관적으로 판단하는데 1시간 쓰고, 교수님께 자문하기 30분 정도로 시간을 쓰자고 제안하였습니다.\n\n이 제안이 받아져 제가 대표로 교수님께 자문하고 연구원들의 이해를 돕기 위해서 자문 내용을 정리하였습니다. 정리한 내용을 연구원들이 이해할 수 있도록 부연 설명과 함께 전달하고, 교수님의 니즈를 충족했는지 서로 결과물을 판단하였습니다. 결국, 모든 연구원이 합심하여 성공적인 발표를 할 수 있었습니다. 이러한 경험으로 품질 이슈에 민감하게 반응하여 팀원들과 소통하여 해결하겠습니다.\n\n“타인의 입장을 고려한 제안”\n\n대학교 시절 ‘기계 시스템 공학 종합설계’라는 과목에서 조장으로서 타인의 입장을 배려하며 협력을 배웠습니다. 아이템 선정을 위한 회의 결과로 모든 조원이 음식점 아르바이트를 했었고, 식기 도구 중 뚝배기 집게가 문제가 있어서 개선하기로 했습니다. 조원 중 학생회장을 준비하는 조원이 있었는데 매주 모임에 잘 참여를 하지 못하는 상황이 발생했습니다. 그 때문에 조원들의 업무가 늘어나서 불만이 쌓였습니다. 그 불만을 해소하기 위해서 모임에서 그 조원의 상황을 대변하며, 다른 조원들을 설득하였습니다. 제가 도면 작성 및 설계를 맡았고, 그 조원에게는 혼자서 할 수 있는 PPT 작성 및 정리, 발표를 제안하였습니다. 이 제안이 받아져서 조원들 간의 불화와 갈등을 막을 수 있었습니다. 항상 타인의 입장에서 생각하고 배려하는 자세로 팀원들과 소통하여 부서 및 사람과의 튼튼한 연결고리 역할을 하겠습니다."
    },
    "anno_text_data": {
        "data": [
            {
                "index": 0,
                "raw": "“소통을 통한 목표 달성능력”\n\n저는 조직의 목표를 달성하기 위해서 팀원들과 활발하게 소통하는 사람입니다. 학부 시절에 1년간 연구원으로 활동한 경험이 있습니다. 활동 중 OOOO에서 논문을 포스트 발표를 할 기회가 생겼습니다. 모든 연구원이 포스트 발표가 처음이라 순조롭지 못했습니다. 각자 다른 논문의 자료로 자신의 자료가 옳다며 갈등을 빚곤 해서 회의하는데 3시간 정도로 매우 오래 걸렸습니다. 저는 비효율적으로 시간을 쓰지 말고 서로의 자료를 객관적으로 판단하는데 1시간 쓰고, 교수님께 자문하기 30분 정도로 시간을 쓰자고 제안하였습니다.\n\n이 제안이 받아져 제가 대표로 교수님께 자문하고 연구원들의 이해를 돕기 위해서 자문 내용을 정리하였습니다. 정리한 내용을 연구원들이 이해할 수 있도록 부연 설명과 함께 전달하고, 교수님의 니즈를 충족했는지 서로 결과물을 판단하였습니다. 결국, 모든 연구원이 합심하여 성공적인 발표를 할 수 있었습니다. 이러한 경험으로 품질 이슈에 민감하게 반응하여 팀원들과 소통하여 해결하겠습니다.",
                "class": "자원을 효율적으로 활용하는,위기 상황에서도 안정감을 주는"
            },
            {
                "index": 1,
                "raw": "“타인의 입장을 고려한 제안”\n\n대학교 시절 ‘기계 시스템 공학 종합설계’라는 과목에서 조장으로서 타인의 입장을 배려하며 협력을 배웠습니다. 아이템 선정을 위한 회의 결과로 모든 조원이 음식점 아르바이트를 했었고, 식기 도구 중 뚝배기 집게가 문제가 있어서 개선하기로 했습니다. 조원 중 학생회장을 준비하는 조원이 있었는데 매주 모임에 잘 참여를 하지 못하는 상황이 발생했습니다. 그 때문에 조원들의 업무가 늘어나서 불만이 쌓였습니다. 그 불만을 해소하기 위해서 모임에서 그 조원의 상황을 대변하며, 다른 조원들을 설득하였습니다. 제가 도면 작성 및 설계를 맡았고, 그 조원에게는 혼자서 할 수 있는 PPT 작성 및 정리, 발표를 제안하였습니다. 이 제안이 받아져서 조원들 간의 불화와 갈등을 막을 수 있었습니다. 항상 타인의 입장에서 생각하고 배려하는 자세로 팀원들과 소통하여 부서 및 사람과의 튼튼한 연결고리 역할을 하겠습니다.",
                "class": "다양한 의견을 수렴하는,탄탄한 의사소통 능력을 가진"
            }
        ]
    }
}