{
    "meta": {
        "text_raw": "‘OOOO’ 기업 C/S팀에서 근무하던 중, 팀 전체 해고 위기를 주도적으로 극복한 경험이 있습니다. 직원 개개인의 역량에 따라 업무 질적 편차가 커서, 일부는 업무처리 속도가 지연되고 업무실수가 자주 발생했습니다. 그 결과 고객이 본사에 항의하거나 서비스에서 이탈하여, 회사 이미지와 매출에 부정적인 영향을 미쳤습니다. 문제가 수습되지 않을 경우 관리자 전원을 해고할 수 있다고 본사 담당자가 고지하여 전직원의 스트레스가 높았습니다.\n\n휴식시간에 동료 개개인에게 다가가 제가 겪은 고충을 공유하고 회의하며, 제도적인 개선안이 필요함을 깨달았습니다. 동종업계 종사자인 지인에게 자문하여, 저희 팀에 맞게 절충안을 정리했습니다. 어려움을 함께 극복한 동료 5명과 함께 3년 이상 근속하며 매뉴얼 DB를 구축하였습니다. 이는 지금도 새로운 직원들을 교육하는 자료로 활용되고 있습니다."
    },
    "anno_text_data": {
        "data": [
            {
                "index": 0,
                "raw": "‘OOOO’ 기업 C/S팀에서 근무하던 중, 팀 전체 해고 위기를 주도적으로 극복한 경험이 있습니다. 직원 개개인의 역량에 따라 업무 질적 편차가 커서, 일부는 업무처리 속도가 지연되고 업무실수가 자주 발생했습니다. 그 결과 고객이 본사에 항의하거나 서비스에서 이탈하여, 회사 이미지와 매출에 부정적인 영향을 미쳤습니다. 문제가 수습되지 않을 경우 관리자 전원을 해고할 수 있다고 본사 담당자가 고지하여 전직원의 스트레스가 높았습니다.\n\n휴식시간에 동료 개개인에게 다가가 제가 겪은 고충을 공유하고 회의하며, 제도적인 개선안이 필요함을 깨달았습니다. 동종업계 종사자인 지인에게 자문하여, 저희 팀에 맞게 절충안을 정리했습니다. 어려움을 함께 극복한 동료 5명과 함께 3년 이상 근속하며 매뉴얼 DB를 구축하였습니다. 이는 지금도 새로운 직원들을 교육하는 자료로 활용되고 있습니다.",
                "class": "다양한 의견을 수렴하는,적극적인,고도의 책임감을 가진"
            }
        ]
    }
}