{
    "meta": {
        "text_raw": "소심한 제 모습을 보고 적극적으로 행동하라는 충고를 듣고 반영한 경험이 있습니다. 부족한 제 모습이 상대방에게 민폐 끼치는 것 같아 항상 죄송하다는 말로 시작했습니다. 이런 제 모습을 본 본부장님은 부족한 사실에 대해 부끄러워하지 말고, 도움이 필요하면 항상 당당하게 요청하라고 이야기해주셨습니다. 이후 소극적으로 행동하지 않고 당당하게 다가갔습니다. 바뀐 제 모습을 본 주변 사람들은 놀라워하면서 신뢰하기 시작했고, 비슷한 문제를 겪은 동료에게 조언할 수 있게 되었습니다."
    },
    "anno_text_data": {
        "data": [
            {
                "index": 0,
                "raw": "소심한 제 모습을 보고 적극적으로 행동하라는 충고를 듣고 반영한 경험이 있습니다. 부족한 제 모습이 상대방에게 민폐 끼치는 것 같아 항상 죄송하다는 말로 시작했습니다. 이런 제 모습을 본 본부장님은 부족한 사실에 대해 부끄러워하지 말고, 도움이 필요하면 항상 당당하게 요청하라고 이야기해주셨습니다. 이후 소극적으로 행동하지 않고 당당하게 다가갔습니다. 바뀐 제 모습을 본 주변 사람들은 놀라워하면서 신뢰하기 시작했고, 비슷한 문제를 겪은 동료에게 조언할 수 있게 되었습니다.",
                "class": "탄탄한 의사소통 능력을 가진,적극적인"
            }
        ]
    }
}