{
    "meta": {
        "text_raw": "“신차개발 품질은 초기에 확보해야 한다.”\n\n최근 수소차와 전기차 산업이 강세를 보이며 자동차 산업은 이제는 연비, 가격, 디자인뿐만 아니라 지구 환경 보호를 위한 친환경을 중요시해야 하는 산업이 되었습니다. 현재 소비자들은 자동차를 단순한 이동수단이 아닌 차박과 자율주행 기대하는 등 우리의 생활에 편리를 주며, 삶의 동반자가 되었다고 생각합니다. 소비자의 기본 요구 품질이 상승한 만큼 고객 감동을 위해서는 현대자동차의 품질에 한치의 결함도 용납할 수 없습니다. 저는 평소 품질 직무에 관심이 있었고, 품질에서 현직자들이 어떤 업무를 수행하는지 궁금하여 신차개발 품질관리인 APQP 프로세스를 진행하였습니다.\n\n품질경영기사를 취득하여 품질에 대한 기본 용어와 관리도, 샘플링 기법 등을 알 수 있었지만, 직무 이해도가 부족하다고 생각하여 ‘OOO’라는 사이트에서 5주간 온라인으로 직무부트캠프를 수행하였습니다. ‘햄버거’라는 주제를 가지고 제품 기획부터 제품 설계와 제품 관련 공정 준비에 필요한 ISIR 서류를 작성하였습니다. 실무를 진행하다 보니 알게 된 점은 초기에 제품의 불량 문제를 예방하기 위해서는 과거 품질 이슈를 꼼꼼하게 검토해서 제조 프로세스에 반영하고, 각 원재료의 기능을 검증하기 위해 치밀한 시험 방법이 필요하다는 것이었습니다. 또한, 제조 공정도를 구상하고 바탕으로 하여 관리계획서 작성 시에는 여러 불량을 예방할 수 있는 프로세스가 필수였습니다. \n저는 현대자동차에 입사하여 신제품 개발 시 필요한 ISIR 서류들을 꼼꼼하게 검토하여, 조기 불량 예방과 고객의 신뢰를 얻을 수 있도록 하겠습니다. 그럼에도 불구하고, 불량 문제 발생 시 과거 비슷한 사례 등을 찾아보거나 팀원들과 소통하여 정량적이고 객관적인 데이터를 제시하며 문제 해결에 앞장서도록 하겠습니다"
    },
    "anno_text_data": {
        "data": [
            {
                "index": 0,
                "raw": "“신차개발 품질은 초기에 확보해야 한다.”\n\n최근 수소차와 전기차 산업이 강세를 보이며 자동차 산업은 이제는 연비, 가격, 디자인뿐만 아니라 지구 환경 보호를 위한 친환경을 중요시해야 하는 산업이 되었습니다. 현재 소비자들은 자동차를 단순한 이동수단이 아닌 차박과 자율주행 기대하는 등 우리의 생활에 편리를 주며, 삶의 동반자가 되었다고 생각합니다. 소비자의 기본 요구 품질이 상승한 만큼 고객 감동을 위해서는 현대자동차의 품질에 한치의 결함도 용납할 수 없습니다. 저는 평소 품질 직무에 관심이 있었고, 품질에서 현직자들이 어떤 업무를 수행하는지 궁금하여 신차개발 품질관리인 APQP 프로세스를 진행하였습니다.\n\n품질경영기사를 취득하여 품질에 대한 기본 용어와 관리도, 샘플링 기법 등을 알 수 있었지만, 직무 이해도가 부족하다고 생각하여 ‘OOO’라는 사이트에서 5주간 온라인으로 직무부트캠프를 수행하였습니다. ‘햄버거’라는 주제를 가지고 제품 기획부터 제품 설계와 제품 관련 공정 준비에 필요한 ISIR 서류를 작성하였습니다. 실무를 진행하다 보니 알게 된 점은 초기에 제품의 불량 문제를 예방하기 위해서는 과거 품질 이슈를 꼼꼼하게 검토해서 제조 프로세스에 반영하고, 각 원재료의 기능을 검증하기 위해 치밀한 시험 방법이 필요하다는 것이었습니다. 또한, 제조 공정도를 구상하고 바탕으로 하여 관리계획서 작성 시에는 여러 불량을 예방할 수 있는 프로세스가 필수였습니다. \n저는 현대자동차에 입사하여 신제품 개발 시 필요한 ISIR 서류들을 꼼꼼하게 검토하여, 조기 불량 예방과 고객의 신뢰를 얻을 수 있도록 하겠습니다. 그럼에도 불구하고, 불량 문제 발생 시 과거 비슷한 사례 등을 찾아보거나 팀원들과 소통하여 정량적이고 객관적인 데이터를 제시하며 문제 해결에 앞장서도록 하겠습니다",
                "class": "고도의 자기주도성을 가진,비즈니스 마인드를 갖춘"
            }
        ]
    }
}