{
    "meta": {
        "text_raw": "\"동기를 부여하는 소통의 자세\"\n\n조직의 리더로서 각자의 다양성을 고려하지 못한 채 의욕에 앞서 시행착오를 겪었던 경험이 있습니다. 군 복무시절 소대장으로서 첫 성과를 달성할 기회가 전투력측정 평가였습니다. 부대에서는 매달 평가가 있었고 결과에 따라 포상을 얻을 기회였기 때문에 평가에 대해 의욕이 강했습니다.\n\n하지만 무작정 결과에 집착한 나머지 용사들을 다그치기만 할 뿐 현재 수준에 대한 파악과 개인특성을 고려하지 않았습니다. 기대만큼 성과를 보이지 못했고 평가가 다가올수록 조급해졌습니다.\n\n저는 의욕에 앞서 저의 생각만 일방적으로 주입했던 행동을 반성하고 소대원의 요구사항을 경청했습니다. 용사들에게 동기를 부여하기 위해 한가지씩 소원을 들어주기로 했고 대신 그 조건으로 전투력측정 평가에서 향상된 모습을 보여줄 것을 서로 약속했습니다. 이전처럼 무조건 향상된 모습을 요구하기보다는 현재 수준과 대비해 매달 10%를 향상을 기준으로 설정했습니다. 목표가 명확해진 용사들은 스스로 노력하기 시작했고 서로 부족한 부분을 보완하고 이끌어주는 모습이 매우 인상적이었습니다.\n\n소통중심의 소대는 3개월 만에 월등히 발전할 수 있었습니다.\n소대원 90% 가까이 처음 대비 향상된 모습을 보였으며 그 중 불합격 수준이었던 소대원이 전 종목 1급으로 향상되는 성과를 달성했습니다. 소통을 바탕으로 조직을 이끈 결과 분기 전투력 평가에서 소대가 1등을 하게 되었습니다. 개선된 행동으로 우수한 성과를 얻어낸 경험이었습니다."
    },
    "anno_text_data": {
        "data": [
            {
                "index": 0,
                "raw": "\"동기를 부여하는 소통의 자세\"\n\n조직의 리더로서 각자의 다양성을 고려하지 못한 채 의욕에 앞서 시행착오를 겪었던 경험이 있습니다. 군 복무시절 소대장으로서 첫 성과를 달성할 기회가 전투력측정 평가였습니다. 부대에서는 매달 평가가 있었고 결과에 따라 포상을 얻을 기회였기 때문에 평가에 대해 의욕이 강했습니다.\n\n하지만 무작정 결과에 집착한 나머지 용사들을 다그치기만 할 뿐 현재 수준에 대한 파악과 개인특성을 고려하지 않았습니다. 기대만큼 성과를 보이지 못했고 평가가 다가올수록 조급해졌습니다.\n\n저는 의욕에 앞서 저의 생각만 일방적으로 주입했던 행동을 반성하고 소대원의 요구사항을 경청했습니다. 용사들에게 동기를 부여하기 위해 한가지씩 소원을 들어주기로 했고 대신 그 조건으로 전투력측정 평가에서 향상된 모습을 보여줄 것을 서로 약속했습니다. 이전처럼 무조건 향상된 모습을 요구하기보다는 현재 수준과 대비해 매달 10%를 향상을 기준으로 설정했습니다. 목표가 명확해진 용사들은 스스로 노력하기 시작했고 서로 부족한 부분을 보완하고 이끌어주는 모습이 매우 인상적이었습니다.\n\n소통중심의 소대는 3개월 만에 월등히 발전할 수 있었습니다.\n소대원 90% 가까이 처음 대비 향상된 모습을 보였으며 그 중 불합격 수준이었던 소대원이 전 종목 1급으로 향상되는 성과를 달성했습니다. 소통을 바탕으로 조직을 이끈 결과 분기 전투력 평가에서 소대가 1등을 하게 되었습니다. 개선된 행동으로 우수한 성과를 얻어낸 경험이었습니다.",
                "class": "선한 영향력을 행사하는,신뢰를 주는 리더,다양성을 존중하는,목표를 달성하는 능력을 갖춘"
            }
        ]
    }
}