{
    "meta": {
        "text_raw": "\"시대에 응답하는 TEL\"\n\n학부 졸업 후, 일본과 한국을 잇는 민간 외교관 역할을 하는 것이 최종 목표입니다. 특히 재작년 한일 무역갈등이 심화되는 모습을 보며 양국이 밀접하게 연관된 분야에서 활약하고 싶었습니다. 특히 반도체 장비 및 생산관리에서는 양국의 긴밀한 협력과 효율적 소통이 필수입니다. 저는 일본 문화 및 사회 전반에 깊은 관심을 갖고 있어 개인 SNS에 일본 관련 칼럼을 2년 이상 써오고 있으며 '일본'이 포함된 뉴스는 정독합니다. 인간 심리와 문화에 따른 행동양식에도 흥미가 있어 관련 강의를 수강해왔습니다. \n평소 친구들과 강의를 들을 때 교수님의 말씀 한 마디를 듣고 최종적으로 뜻하시는 바가 무엇인지 바로 알아채 주변에서 통찰력이 좋다는 평가를 받곤 합니다. 이러한 특성을 도쿄일렉트론코리아 인사팀에서 완전히 발휘할 수 있을 것이라 믿어 지원했습니다. 갈등 속에서도 꿈꾸고 한일 양국 사회 발전과 시대적 과제 해결을 위해 늘 '그럼에도 불구하고'정신으로 정진하겠습니다."
    },
    "anno_text_data": {
        "data": [
            {
                "index": 0,
                "raw": "\"시대에 응답하는 TEL\"\n\n학부 졸업 후, 일본과 한국을 잇는 민간 외교관 역할을 하는 것이 최종 목표입니다. 특히 재작년 한일 무역갈등이 심화되는 모습을 보며 양국이 밀접하게 연관된 분야에서 활약하고 싶었습니다. 특히 반도체 장비 및 생산관리에서는 양국의 긴밀한 협력과 효율적 소통이 필수입니다. 저는 일본 문화 및 사회 전반에 깊은 관심을 갖고 있어 개인 SNS에 일본 관련 칼럼을 2년 이상 써오고 있으며 '일본'이 포함된 뉴스는 정독합니다. 인간 심리와 문화에 따른 행동양식에도 흥미가 있어 관련 강의를 수강해왔습니다. \n평소 친구들과 강의를 들을 때 교수님의 말씀 한 마디를 듣고 최종적으로 뜻하시는 바가 무엇인지 바로 알아채 주변에서 통찰력이 좋다는 평가를 받곤 합니다. 이러한 특성을 도쿄일렉트론코리아 인사팀에서 완전히 발휘할 수 있을 것이라 믿어 지원했습니다. 갈등 속에서도 꿈꾸고 한일 양국 사회 발전과 시대적 과제 해결을 위해 늘 '그럼에도 불구하고'정신으로 정진하겠습니다.",
                "class": "다양성을 존중하는,비전을 제시하는,지속적인 성장을 추구하는"
            }
        ]
    }
}