{
    "meta": {
        "text_raw": "프랜차이즈 피자가게에서 고객응대 및 피자를 배달하는 역할을 담당하며 고객을 위해 세심한 노력을 기울였습니다.\n업계에서 다년간 고객만족도 1위에 빛나는 00브랜드는 명성을 이어가기 위해 양질의 서비스 제공을 최우선으로 삼았습니다. 그렇기 때문에 고객응대 시 직원의 태도를 매우 중요하게 여겼으며 단정한 용모와 언행을 강조했습니다.\n동료들은 자신만의 방법으로 회사가 추구하는 목표에 대해 행동으로 나타냈으며 남들과는 다르게 자신만의 방법으로 조직이 지향하는 방향에 함께하고자 시각, 청각, 후각을 활용해 고객에게 서비스를 제공했습니다."
    },
    "anno_text_data": {
        "data": [
            {
                "index": 0,
                "raw": "프랜차이즈 피자가게에서 고객응대 및 피자를 배달하는 역할을 담당하며 고객을 위해 세심한 노력을 기울였습니다.\n업계에서 다년간 고객만족도 1위에 빛나는 00브랜드는 명성을 이어가기 위해 양질의 서비스 제공을 최우선으로 삼았습니다. 그렇기 때문에 고객응대 시 직원의 태도를 매우 중요하게 여겼으며 단정한 용모와 언행을 강조했습니다.\n동료들은 자신만의 방법으로 회사가 추구하는 목표에 대해 행동으로 나타냈으며 남들과는 다르게 자신만의 방법으로 조직이 지향하는 방향에 함께하고자 시각, 청각, 후각을 활용해 고객에게 서비스를 제공했습니다.",
                "class": "선한 영향력을 행사하는,긍정적인 태도를 갖춘"
            }
        ]
    }
}