{
    "meta": {
        "text_raw": "\"보이지 않는 곳에서 최선을 다하는 인재\"\n\n군복무시절 공병 소대장으로서 급수장을 설치해 전시에 필요한 식수를 지원하는 역할을 맡았습니다. 고된 훈련 속에서 정수된 물을 제공함으로써 용사들의 생활여건을 발전시켰습니다. 이러한 역할에도 불구하고 훈련 내내 중요한 임무로 인식되지 못했습니다. 하지만 어떠한 업무를 수행하더라도 모든 순간에 필요한 요소들이며 모든 사람에게 중추적인 역할을 하는 것을 깨달았습니다. 그리고 저로 인해 많은 사람이 개선된 환경에서 훈련을 받게 되는 것을 보고 큰 보람을 느꼈습니다. 더 나아가 국민에게 전기를 제공함으로써 국가의 경제발전과 행복에 이바지하고자 남동발전에 지원하게 되었습니다. \n\n4차 산업혁명 시대가 다가오면서 고품질 전기에 대한 수요가 꾸준하게 증가하고 있습니다. 그래서 남동발전의 엔지니어로서 고품질, 친환경적인 에너지공급의 소임을 다하기 위해 재학 중 전력공학 과목을 수강하며 국내 전력망에 대한 이해와 최근 에너지 산업 동향을 조사하였습니다. 이를 바탕으로 전기기사 자격증을 취득해 발전기의 종류와 각각의 특징에 대해서 지식을 쌓았습니다. 반면 정부 에너지 기본계획에 따라 환경오염을 일으키는 석탄발전의 비중을 줄이는 방안을 모색했습니다. 또한, 친환경 에너지의 비중이 증가하는 상황에 대응하기 위해 전기신문을 꾸준히 구독하면서 남동발전이 앞으로 나아갈 방향에 대해서 고민하였습니다. 급변하는 시대에 맞서 철저한 준비성과 업무에 대한 사명감을 바탕으로 남동발전의 성장에 이바지하겠습니다."
    },
    "anno_text_data": {
        "data": [
            {
                "index": 0,
                "raw": "\"보이지 않는 곳에서 최선을 다하는 인재\"\n\n군복무시절 공병 소대장으로서 급수장을 설치해 전시에 필요한 식수를 지원하는 역할을 맡았습니다. 고된 훈련 속에서 정수된 물을 제공함으로써 용사들의 생활여건을 발전시켰습니다. 이러한 역할에도 불구하고 훈련 내내 중요한 임무로 인식되지 못했습니다. 하지만 어떠한 업무를 수행하더라도 모든 순간에 필요한 요소들이며 모든 사람에게 중추적인 역할을 하는 것을 깨달았습니다. 그리고 저로 인해 많은 사람이 개선된 환경에서 훈련을 받게 되는 것을 보고 큰 보람을 느꼈습니다. 더 나아가 국민에게 전기를 제공함으로써 국가의 경제발전과 행복에 이바지하고자 남동발전에 지원하게 되었습니다. \n\n4차 산업혁명 시대가 다가오면서 고품질 전기에 대한 수요가 꾸준하게 증가하고 있습니다. 그래서 남동발전의 엔지니어로서 고품질, 친환경적인 에너지공급의 소임을 다하기 위해 재학 중 전력공학 과목을 수강하며 국내 전력망에 대한 이해와 최근 에너지 산업 동향을 조사하였습니다. 이를 바탕으로 전기기사 자격증을 취득해 발전기의 종류와 각각의 특징에 대해서 지식을 쌓았습니다. 반면 정부 에너지 기본계획에 따라 환경오염을 일으키는 석탄발전의 비중을 줄이는 방안을 모색했습니다. 또한, 친환경 에너지의 비중이 증가하는 상황에 대응하기 위해 전기신문을 꾸준히 구독하면서 남동발전이 앞으로 나아갈 방향에 대해서 고민하였습니다. 급변하는 시대에 맞서 철저한 준비성과 업무에 대한 사명감을 바탕으로 남동발전의 성장에 이바지하겠습니다.",
                "class": "지속적인 성장을 추구하는,비전을 제시하는,적극적인"
            }
        ]
    }
}