{
    "meta": {
        "text_raw": "\"화학, 에너지 그 이상의 가치\"\n\n저는 GS칼텍스의 공정엔지니어로서 공정을 관리하고 개선해 제품의 생산량과 에너지효율을 늘리고 싶어 지원하게 되었습니다. 아쉬운점 1GS칼텍스는 하루 80만 배럴의 정제시설을 갖추고 RFCC, HCR,VRHCR, VGOHCR등 다양한 고도화 설비로 잔사유를 고부가가치의 경질유로 바꿔서 수익성과 경쟁력을 향상시키고 있습니다. 또한 석유화학분야에서도 MFC설비를 통해 에틸렌을 생산할 예정이고 정유 뿐아니라 석유화학,베이스오일, 윤활유등 다양한 사업포트폴리오를 구축하고있습니다.\n\n제가 GS칼텍스에서 이루고 싶은 비전은 공정엔지니어로서 제가 맡은 공정의 생산량과 에너지 효율성을 개선시키는 것입니다. 저는 6시그마 그린벨트를 취득하면서 배운 DMAIC기법을 통해서 공정의 생산량을 20%향상시킨 경험이 있습니다. 이러한 문제해결 기법을 사용하여서 RFCC,HCR같은 고도화 공정을 개선하고 중장기적으로 새로운 공정에 투자해 GS칼텍스의 경쟁력 향상을 위해 최선을 다하겠습니다."
    },
    "anno_text_data": {
        "data": [
            {
                "index": 0,
                "raw": "\"화학, 에너지 그 이상의 가치\"\n\n저는 GS칼텍스의 공정엔지니어로서 공정을 관리하고 개선해 제품의 생산량과 에너지효율을 늘리고 싶어 지원하게 되었습니다. 아쉬운점 1GS칼텍스는 하루 80만 배럴의 정제시설을 갖추고 RFCC, HCR,VRHCR, VGOHCR등 다양한 고도화 설비로 잔사유를 고부가가치의 경질유로 바꿔서 수익성과 경쟁력을 향상시키고 있습니다. 또한 석유화학분야에서도 MFC설비를 통해 에틸렌을 생산할 예정이고 정유 뿐아니라 석유화학,베이스오일, 윤활유등 다양한 사업포트폴리오를 구축하고있습니다.\n\n제가 GS칼텍스에서 이루고 싶은 비전은 공정엔지니어로서 제가 맡은 공정의 생산량과 에너지 효율성을 개선시키는 것입니다. 저는 6시그마 그린벨트를 취득하면서 배운 DMAIC기법을 통해서 공정의 생산량을 20%향상시킨 경험이 있습니다. 이러한 문제해결 기법을 사용하여서 RFCC,HCR같은 고도화 공정을 개선하고 중장기적으로 새로운 공정에 투자해 GS칼텍스의 경쟁력 향상을 위해 최선을 다하겠습니다.",
                "class": "지속적인 성장을 추구하는,비전을 제시하는,비즈니스 마인드를 갖춘"
            }
        ]
    }
}