{
    "meta": {
        "text_raw": "\"다방면으로 사고하는 힘\"\n\n국제의료마케팅, 병원 경영학에서 OOOOOO 포지셔닝과 좋은 병원과 나쁜 병원을 비교 분석하는 과제를 하면서 의료의 질의 중요성을 배웠습니다. OOOOOO은 고객 최적화 서비스로 편리함과 진료의 신뢰감을 주었습니다. 좋은 병원과 나쁜 병원은 환자에게 의료 서비스를 쾌적함과 신뢰감을 주는 것에 차이가 난다는 것을 알게 되었습니다.\n\nOOO OOOO 서포터즈에서 OOO엑스포 OOO OOOO 부스 운영 및 기획을 수행해본 경험이 있습니다. 부스행사 기획에서 기획한 행사가 고객의 측면에서 어떠한 관점에서 색다른 즐거움을 제공할 수 있는지 명확히 파악해야 하는 중요성을 배웠습니다.\n\nOOOO경제혁신센터 서포터즈에서 제품 개발할 때 연구적인 관점도 중요하지만 고객의 측면에서 어떤 가치를 제공할 수 있는지 명확히 해야 하는 것을 배웠습니다. 창업을 할 때 시장의 동향을 명확히 파악해서 연구개발을 통해 제품의 기술력이 고객에게 전달되는 설계가 중요하다는 것을 배웠습니다."
    },
    "anno_text_data": {
        "data": [
            {
                "index": 0,
                "raw": "\"다방면으로 사고하는 힘\"\n\n국제의료마케팅, 병원 경영학에서 OOOOOO 포지셔닝과 좋은 병원과 나쁜 병원을 비교 분석하는 과제를 하면서 의료의 질의 중요성을 배웠습니다. OOOOOO은 고객 최적화 서비스로 편리함과 진료의 신뢰감을 주었습니다. 좋은 병원과 나쁜 병원은 환자에게 의료 서비스를 쾌적함과 신뢰감을 주는 것에 차이가 난다는 것을 알게 되었습니다.\n\nOOO OOOO 서포터즈에서 OOO엑스포 OOO OOOO 부스 운영 및 기획을 수행해본 경험이 있습니다. 부스행사 기획에서 기획한 행사가 고객의 측면에서 어떠한 관점에서 색다른 즐거움을 제공할 수 있는지 명확히 파악해야 하는 중요성을 배웠습니다.\n\nOOOO경제혁신센터 서포터즈에서 제품 개발할 때 연구적인 관점도 중요하지만 고객의 측면에서 어떤 가치를 제공할 수 있는지 명확히 해야 하는 것을 배웠습니다. 창업을 할 때 시장의 동향을 명확히 파악해서 연구개발을 통해 제품의 기술력이 고객에게 전달되는 설계가 중요하다는 것을 배웠습니다.",
                "class": "지속적인 성장을 추구하는,적응력이 높은,긍정적인 태도를 갖춘"
            }
        ]
    }
}