{
    "meta": {
        "text_raw": "\"발로 뛰며 트렌드를 만들어내는 Specialist는 바로 나!\"\n\n저는 평소에 요리에 관심이 없어 냉동식품이나 간편식만 찾습니다. 편하고 빠르게 먹을 수 있고 요리를 하며 나오는 쓰레기도 적기 때문입니다. 그러다 시장에 세척야채, 소분 식재료, 밀키트 등의 제품이 출시되었을 때 굉장히 혁명적이라는 생각을 가지게 되었고, 빠르게 급변하는 사회에서 새로운 트렌드를 만들어내고 싶다는 생각을 하게 되었습니다. 이러한 생각을 CJ제일제당 식품판매 분야에서 충족시키고 싶습니다. 현장에서 직접 뛰며 다양한 고객들과 소통을 통해 고객이 원하는것이 무엇인지, 앞으로 어떤 것에 전력을 쏟아야 하는지 알고 싶습니다.\n\n요즘 방영하는 티비 프로그램 중 하나인 윤식당이나 외국인들이 출현하는 채널들을 보면 채식주의자에 대한 인식과 존중이 점차 커지고 있고, 저 또한 해외에서의 경험들을 통해 비건에 대한 메뉴 확대가 시급하다고 생각하게 되었습니다. 또한 현대사회에서 큰 문제 중 하나라고 할 수 있는 플라스틱 규제에 대해서도 CJ제일제당에서 하나의 해결책을 제시할 수 있다고 생각합니다. 친환경 소재의 포장용기 뿐만 아니라 혁명적인 최초의 소재를 사용하여 CJ제일제당의 식품 산업에서 국가사회에 기여하고 미래 식품산업을 주도할 수 있다고 생각합니다.\n\nCJ제일제당의 ONYONE 제품과 서비스로 고객에게 전달하고자 하는 것을 현장에서 직접 고객과 소통하여 느낀 점을 보완하고 개발하여 최고의 전문가가 되어 CJ제일제당의 최고의 제품을 다양한 고객층에 소개할 수 있는 직원이 되고 싶습니다. "
    },
    "anno_text_data": {
        "data": [
            {
                "index": 0,
                "raw": "\"발로 뛰며 트렌드를 만들어내는 Specialist는 바로 나!\"\n\n저는 평소에 요리에 관심이 없어 냉동식품이나 간편식만 찾습니다. 편하고 빠르게 먹을 수 있고 요리를 하며 나오는 쓰레기도 적기 때문입니다. 그러다 시장에 세척야채, 소분 식재료, 밀키트 등의 제품이 출시되었을 때 굉장히 혁명적이라는 생각을 가지게 되었고, 빠르게 급변하는 사회에서 새로운 트렌드를 만들어내고 싶다는 생각을 하게 되었습니다. 이러한 생각을 CJ제일제당 식품판매 분야에서 충족시키고 싶습니다. 현장에서 직접 뛰며 다양한 고객들과 소통을 통해 고객이 원하는것이 무엇인지, 앞으로 어떤 것에 전력을 쏟아야 하는지 알고 싶습니다.\n\n요즘 방영하는 티비 프로그램 중 하나인 윤식당이나 외국인들이 출현하는 채널들을 보면 채식주의자에 대한 인식과 존중이 점차 커지고 있고, 저 또한 해외에서의 경험들을 통해 비건에 대한 메뉴 확대가 시급하다고 생각하게 되었습니다. 또한 현대사회에서 큰 문제 중 하나라고 할 수 있는 플라스틱 규제에 대해서도 CJ제일제당에서 하나의 해결책을 제시할 수 있다고 생각합니다. 친환경 소재의 포장용기 뿐만 아니라 혁명적인 최초의 소재를 사용하여 CJ제일제당의 식품 산업에서 국가사회에 기여하고 미래 식품산업을 주도할 수 있다고 생각합니다.\n\nCJ제일제당의 ONYONE 제품과 서비스로 고객에게 전달하고자 하는 것을 현장에서 직접 고객과 소통하여 느낀 점을 보완하고 개발하여 최고의 전문가가 되어 CJ제일제당의 최고의 제품을 다양한 고객층에 소개할 수 있는 직원이 되고 싶습니다.",
                "class": "다양한 의견을 수렴하는,비즈니스 마인드를 갖춘"
            }
        ]
    }
}