{
    "meta": {
        "text_raw": "\"눈높이를 맞춘 면담\"\n\n동네 형과 이야기하듯 재미있는 면담으로 짧은시간 내에 친밀감을 형성할 수 있었습니다.\n계급의 차이에서 오는 수직관계에 대한 부담감을 의식하고 섬기는 리더십을 고려해 세심하게 배려한다는 느낌을 주려고 노력했습니다. 상대를 알아가는 유익한 면담을 만들기 위해 직접 기초설문지 양식을 만들었습니다. 설문지 내용은 자주하는 게임, 좋아하는 걸그룹, 가장 먹고싶은 음식 등 신병이라면 관심을 갖는 항목들로 구성했습니다. 본인이 작성한 내용을 바탕으로 면담이 진행되었고 흥미있는 주제에 대해 적극적으로 면담을 주도했습니다. 그 상황에서 호응하고 경청하는것만으로 둘 사이의 유대감이 형성되었습니다.\n\n그 결과, 자연스럽게 서로에 대해 자세히 알 수 있었으며 빠르게 친밀감을 형성할 수 있었습니다. 제가 만든 기초설문지가 대대에서 활용되었으며 초급간부의 면담에 대한 부담을 덜어낸 경험이였습니다."
    },
    "anno_text_data": {
        "data": [
            {
                "index": 0,
                "raw": "\"눈높이를 맞춘 면담\"\n\n동네 형과 이야기하듯 재미있는 면담으로 짧은시간 내에 친밀감을 형성할 수 있었습니다.\n계급의 차이에서 오는 수직관계에 대한 부담감을 의식하고 섬기는 리더십을 고려해 세심하게 배려한다는 느낌을 주려고 노력했습니다. 상대를 알아가는 유익한 면담을 만들기 위해 직접 기초설문지 양식을 만들었습니다. 설문지 내용은 자주하는 게임, 좋아하는 걸그룹, 가장 먹고싶은 음식 등 신병이라면 관심을 갖는 항목들로 구성했습니다. 본인이 작성한 내용을 바탕으로 면담이 진행되었고 흥미있는 주제에 대해 적극적으로 면담을 주도했습니다. 그 상황에서 호응하고 경청하는것만으로 둘 사이의 유대감이 형성되었습니다.\n\n그 결과, 자연스럽게 서로에 대해 자세히 알 수 있었으며 빠르게 친밀감을 형성할 수 있었습니다. 제가 만든 기초설문지가 대대에서 활용되었으며 초급간부의 면담에 대한 부담을 덜어낸 경험이였습니다.",
                "class": "탄탄한 의사소통 능력을 가진,다양성을 존중하는"
            }
        ]
    }
}