{
    "meta": {
        "text_raw": "기계 직무를 위한 3가지 강점이 있습니다.\n\n첫 번째, 전공수업에서 역학과 공학실험, 에너지 사업 등을 배웠으며, 전공에서 좋은 성적을 거두었습니다. ansys 분석 프로그램으로 재료의 구조해석과 재질 등의 자재구매에서 이해를 높일 수 있습니다. 기사 책을 통하여 꾸준히 전공역량을 늘리고 있습니다.\n\n둘째, 간접 인턴 경험을 통하여 현직자와 자재구매, 서류작성 경험을 해서 재료선정과 조사업무과정에서 도움이 될 수 있습니다. 현직자 및 스터티 모임을 통하여 에너지 공기업들의 뉴스를 읽고 토론하며, 실제 업무에 대한 직무역량을 늘리고 있습니다. \n\n셋째, 동아리를 통한 실무역량을 길렀습니다.\n자작동아리를 통해, 실제 자동차를 만들어봄으로써, 유압장치와 기계정비 공구를 읽힘으로써, 오버홀, 보수점검에서 다른 사람보다 빠르게 이해할 수 있습니다."
    },
    "anno_text_data": {
        "data": [
            {
                "index": 0,
                "raw": "기계 직무를 위한 3가지 강점이 있습니다.\n\n첫 번째, 전공수업에서 역학과 공학실험, 에너지 사업 등을 배웠으며, 전공에서 좋은 성적을 거두었습니다. ansys 분석 프로그램으로 재료의 구조해석과 재질 등의 자재구매에서 이해를 높일 수 있습니다. 기사 책을 통하여 꾸준히 전공역량을 늘리고 있습니다.\n\n둘째, 간접 인턴 경험을 통하여 현직자와 자재구매, 서류작성 경험을 해서 재료선정과 조사업무과정에서 도움이 될 수 있습니다. 현직자 및 스터티 모임을 통하여 에너지 공기업들의 뉴스를 읽고 토론하며, 실제 업무에 대한 직무역량을 늘리고 있습니다. \n\n셋째, 동아리를 통한 실무역량을 길렀습니다.\n자작동아리를 통해, 실제 자동차를 만들어봄으로써, 유압장치와 기계정비 공구를 읽힘으로써, 오버홀, 보수점검에서 다른 사람보다 빠르게 이해할 수 있습니다.",
                "class": "지속적인 성장을 추구하는,고도의 자기주도성을 가진"
            }
        ]
    }
}