{
    "meta": {
        "text_raw": "조직의 리더로서 각자의 다양성을 고려하지 못한 채 의욕에 앞서 시행착오를 겪었던 경험이 있습니다.\n군 복무시절 다양한 배경을 가진 소대원들과 마주했습니다. 소대장으로서 첫 성과를 달성할 수 있는 기회가 전투력측정 평가였습니다. 부대에서는 매달 평가가 있었고 결과에 따라 포상을 얻을 수 있는 기회였기 때문에 평가에 대해 의욕이 강했습니다.\n하지만 무작정 결과에 집착한 나머지 용사들을 다그치기만 할 뿐 현재수준에 대한 파악과 개인특성을 고려하지 않았습니다. 기대만큼 성과를 보이지 못했고 평가가 다가올수록?조급해졌습니다."
    },
    "anno_text_data": {
        "data": [
            {
                "index": 0,
                "raw": "조직의 리더로서 각자의 다양성을 고려하지 못한 채 의욕에 앞서 시행착오를 겪었던 경험이 있습니다.\n군 복무시절 다양한 배경을 가진 소대원들과 마주했습니다. 소대장으로서 첫 성과를 달성할 수 있는 기회가 전투력측정 평가였습니다. 부대에서는 매달 평가가 있었고 결과에 따라 포상을 얻을 수 있는 기회였기 때문에 평가에 대해 의욕이 강했습니다.\n하지만 무작정 결과에 집착한 나머지 용사들을 다그치기만 할 뿐 현재수준에 대한 파악과 개인특성을 고려하지 않았습니다. 기대만큼 성과를 보이지 못했고 평가가 다가올수록?조급해졌습니다.",
                "class": "목표를 달성하는 능력을 갖춘"
            }
        ]
    }
}