{
    "meta": {
        "text_raw": "\"‘재료’를 전공하며 나의 가치를 증명하다\"\n\n제조업은 우리나라 경제의 주요 성장 기반이며 특히, 소재부품의 기술력은 국가 경쟁력과도 직결되므로 소재기술의 중요성은 더욱 커지고 있습니다. 한국산업단지공단은 국내 핵심 소재부품의 글로벌 경쟁력을 키우고 시장 변화에 대응하기 위해 산업의 융복합화, 스마트화 등 고부가가치 소재부품을 개발하는 데 지원을 아끼지 않고 있습니다. 산업단지의 70% 이상을 이루는 소재부품기업의 산업 활동을 지원하면서 내 가치를 증명하고, 산단에 입주한 소재부품기업의 핵심 기술력을 강화하고자 한국산업단지공단의 소재 직무를 선택하였습니다.\n\n입사 후 국가의 근간 사업인 제조업 시장의 경쟁력을 강화하는 데 최선을 다하겠습니다. 단기적으로는 산단 내에 입주한 소재부품장비 기업을 분석하고 정책과제의 진행 현황을 파악하겠습니다. 궁극적으로 소재부품기술의 대외 의존성을 낮춰 국가의 소재기술 혁신을 주도하는 인재가 되겠습니다."
    },
    "anno_text_data": {
        "data": [
            {
                "index": 0,
                "raw": "\"‘재료’를 전공하며 나의 가치를 증명하다\"\n\n제조업은 우리나라 경제의 주요 성장 기반이며 특히, 소재부품의 기술력은 국가 경쟁력과도 직결되므로 소재기술의 중요성은 더욱 커지고 있습니다. 한국산업단지공단은 국내 핵심 소재부품의 글로벌 경쟁력을 키우고 시장 변화에 대응하기 위해 산업의 융복합화, 스마트화 등 고부가가치 소재부품을 개발하는 데 지원을 아끼지 않고 있습니다. 산업단지의 70% 이상을 이루는 소재부품기업의 산업 활동을 지원하면서 내 가치를 증명하고, 산단에 입주한 소재부품기업의 핵심 기술력을 강화하고자 한국산업단지공단의 소재 직무를 선택하였습니다.\n\n입사 후 국가의 근간 사업인 제조업 시장의 경쟁력을 강화하는 데 최선을 다하겠습니다. 단기적으로는 산단 내에 입주한 소재부품장비 기업을 분석하고 정책과제의 진행 현황을 파악하겠습니다. 궁극적으로 소재부품기술의 대외 의존성을 낮춰 국가의 소재기술 혁신을 주도하는 인재가 되겠습니다.",
                "class": "비전을 제시하는,고도의 자기주도성을 가진"
            }
        ]
    }
}