{
    "meta": {
        "text_raw": "\"친환경 발전기술을 세계 시장에 전파\"\n\n세계적으로 온실가스의 규제를 통해 환경보전에 노력하고 있으며 이와 더불어 국내에서는 미세먼지 감축에 대한 중요성이 커지고 있습니다. 남동발전은 청정연료를 사용하는 분당 발전본부와 영동 에코발전본부를 운영함으로써 급변하는 상황에 대응하고 있습니다.\n\n한편 4차 산업혁명 시대가 다가오면서 전력 수요가 증가하고 환경오염을 항상 염두에 둬야 하는 상황에 놓여있기 때문에 남동발전의 친환경 발전 기술을 해외 곳곳에 수출함으로써 수익창출을 통해 위기를 극복해야 합니다. 현재 추진 중인 파키스탄, 네팔 수력 사업과 같이 전력 인프라가 제대로 구축되지 않은 나라의 전력시장을 겨냥한 친환경 발전기술의 수출을 주요사업으로 해야 합니다. 정부의 에너지 전환정책, 환경급전정책은 남동발전에 위기요소로 작용하지만 LNG 가스와 나무 펠릿을 이용한 발전으로 슬기롭게 대처하고 있으며 더 나아가 신재생 에너지 기술 발전에 기여하고 있습니다. 지금까지 남동발전이 화력발전을 토대로 성장해왔고 앞으로는 친환경발전으로 더 크게 도약할 것이라고 확신합니다.\n\n따라서 기존의 사용 중인 노후화된 발전설비는 철저한 점검과 정비를 통해 효율이 높은 설비로 전환하고 새로운 발전설비로 대체하여 발전량의 비중을 석탄발전에서 연료전지, 천연가스 등 친환경 발전분야로 확대하는 것입니다. 앞으로 남동발전이 기술의 우수성을 바탕으로 온실가스 저감에 동참하여 경제적인 발전에 선봉장이 될 것이라고 확신합니다. 현재의 상황을 기회로 삼아 국내 전력생산의 새로운 패러다임을 제시함과 동시에 세계에 친환경 발전기술의 일류로 거듭날 것입니다."
    },
    "anno_text_data": {
        "data": [
            {
                "index": 0,
                "raw": "\"친환경 발전기술을 세계 시장에 전파\"\n\n세계적으로 온실가스의 규제를 통해 환경보전에 노력하고 있으며 이와 더불어 국내에서는 미세먼지 감축에 대한 중요성이 커지고 있습니다. 남동발전은 청정연료를 사용하는 분당 발전본부와 영동 에코발전본부를 운영함으로써 급변하는 상황에 대응하고 있습니다.\n\n한편 4차 산업혁명 시대가 다가오면서 전력 수요가 증가하고 환경오염을 항상 염두에 둬야 하는 상황에 놓여있기 때문에 남동발전의 친환경 발전 기술을 해외 곳곳에 수출함으로써 수익창출을 통해 위기를 극복해야 합니다. 현재 추진 중인 파키스탄, 네팔 수력 사업과 같이 전력 인프라가 제대로 구축되지 않은 나라의 전력시장을 겨냥한 친환경 발전기술의 수출을 주요사업으로 해야 합니다. 정부의 에너지 전환정책, 환경급전정책은 남동발전에 위기요소로 작용하지만 LNG 가스와 나무 펠릿을 이용한 발전으로 슬기롭게 대처하고 있으며 더 나아가 신재생 에너지 기술 발전에 기여하고 있습니다. 지금까지 남동발전이 화력발전을 토대로 성장해왔고 앞으로는 친환경발전으로 더 크게 도약할 것이라고 확신합니다.\n\n따라서 기존의 사용 중인 노후화된 발전설비는 철저한 점검과 정비를 통해 효율이 높은 설비로 전환하고 새로운 발전설비로 대체하여 발전량의 비중을 석탄발전에서 연료전지, 천연가스 등 친환경 발전분야로 확대하는 것입니다. 앞으로 남동발전이 기술의 우수성을 바탕으로 온실가스 저감에 동참하여 경제적인 발전에 선봉장이 될 것이라고 확신합니다. 현재의 상황을 기회로 삼아 국내 전력생산의 새로운 패러다임을 제시함과 동시에 세계에 친환경 발전기술의 일류로 거듭날 것입니다.",
                "class": "비전을 제시하는,지속적인 성장을 추구하는,비즈니스 마인드를 갖춘"
            }
        ]
    }
}