{
    "meta": {
        "text_raw": "환경설비부에서 2030 목표에 맞게 미세먼지 70% 되는 순간까지 집진설비, 탈황설비 보수점검을 통해 한국동서발전의 22년까지의 목표 고장률 0.003% 달성, 안전도 100%를 유지하고 싶습니다\n\n2가지 행동을 하겠습니다\n\n첫째, 끊임없이 도전하겠습니다.\n발전하는 기술에 맞춰, 직무에 관련된 기사 자격증 및 각종 자격증을 취득하며, 전문성을 길러 설비부 기술명장으로 한국동서발전에 이름을 새기겠습니다.\n\n둘째, 안전을 최우선으로 하겠습니다.\n\n현장에 나갈 때, 안전수칙을 항상 머릿속으로 숙지하며 다니고, 안전모 턱 끈을 한 번 더 조이겠습니다.\n일어날 수 있는 설비 문제점들을 파악하고, 주의점을 적으며, 현장으로 나가야 한다면, 절대로 빠지지 않고 나가겠습니다. 정기적인 보수점검을 통해 발전기계의 고장을 없게 만들고, 부품의 오류가 없는지 고도의 집중력으로 꼼꼼하게 검토하겠습니다."
    },
    "anno_text_data": {
        "data": [
            {
                "index": 0,
                "raw": "환경설비부에서 2030 목표에 맞게 미세먼지 70% 되는 순간까지 집진설비, 탈황설비 보수점검을 통해 한국동서발전의 22년까지의 목표 고장률 0.003% 달성, 안전도 100%를 유지하고 싶습니다\n\n2가지 행동을 하겠습니다\n\n첫째, 끊임없이 도전하겠습니다.\n발전하는 기술에 맞춰, 직무에 관련된 기사 자격증 및 각종 자격증을 취득하며, 전문성을 길러 설비부 기술명장으로 한국동서발전에 이름을 새기겠습니다.",
                "class": "지속적인 성장을 추구하는"
            },
            {
                "index": 1,
                "raw": "둘째, 안전을 최우선으로 하겠습니다.\n\n현장에 나갈 때, 안전수칙을 항상 머릿속으로 숙지하며 다니고, 안전모 턱 끈을 한 번 더 조이겠습니다.\n일어날 수 있는 설비 문제점들을 파악하고, 주의점을 적으며, 현장으로 나가야 한다면, 절대로 빠지지 않고 나가겠습니다. 정기적인 보수점검을 통해 발전기계의 고장을 없게 만들고, 부품의 오류가 없는지 고도의 집중력으로 꼼꼼하게 검토하겠습니다.",
                "class": "고도의 책임감을 가진"
            }
        ]
    }
}