{
    "meta": {
        "text_raw": "대학교에 입학했을 때, 학과를 소개해주시는 전공교수님께서 기계 직렬은 환경과 무관할 수가 없다고 하셨습니다. 가볍지만 가볍지 않은 얘기였습니다. 공학자로서 발전하는 세계 속에서 환경오염도 지키고 싶습니다. 2014년 미세먼지가 주목되기 시작했습니다. 2030 미세먼지 저감률 70%와 신재생에너지 25%의 목표, 가장 눈에 들어오는 Enrich the World with Clean Energy라는 미션이 저의 이념과 같다고 들었습니다.\n\n전공수업으로 기계 역학 지식을 습득하였고, 에너지 공기업 인턴 캠프를 통하여 에너지 공기업 현직자와 신입부터 과장까지의 업무역량을 배우기 위해 가상의 업무를 진행해 보았습니다. 이를 통해 에너지 관련 법령을 익히고, 입찰공고문, 발주 계획서 등을 작성하였습니다. 신입으로써 업무를 배운다면 남들보다 조금 더 빠르게 익혀나가도록 하겠습니다."
    },
    "anno_text_data": {
        "data": [
            {
                "index": 0,
                "raw": "대학교에 입학했을 때, 학과를 소개해주시는 전공교수님께서 기계 직렬은 환경과 무관할 수가 없다고 하셨습니다. 가볍지만 가볍지 않은 얘기였습니다. 공학자로서 발전하는 세계 속에서 환경오염도 지키고 싶습니다. 2014년 미세먼지가 주목되기 시작했습니다. 2030 미세먼지 저감률 70%와 신재생에너지 25%의 목표, 가장 눈에 들어오는 Enrich the World with Clean Energy라는 미션이 저의 이념과 같다고 들었습니다.\n\n전공수업으로 기계 역학 지식을 습득하였고, 에너지 공기업 인턴 캠프를 통하여 에너지 공기업 현직자와 신입부터 과장까지의 업무역량을 배우기 위해 가상의 업무를 진행해 보았습니다. 이를 통해 에너지 관련 법령을 익히고, 입찰공고문, 발주 계획서 등을 작성하였습니다. 신입으로써 업무를 배운다면 남들보다 조금 더 빠르게 익혀나가도록 하겠습니다.",
                "class": "적응력이 높은,지속적인 성장을 추구하는,고도의 자기주도성을 가진"
            }
        ]
    }
}