{
    "meta": {
        "text_raw": "체육대회 때 반 대항전으로 실시하는 치어리딩에 참여하였습니다. 평소 춤추는 데에 자신이 없어 사람들 앞에서 추는 것을 꺼려 하였습니다. 그러다 보니 연습을 할 때 자연스럽게 동작이 작아졌고 친구들에 비해 진도도 뒤처지게 되었습니다. 치어리딩은 협동심이 중요시되기 때문에 저로 인해 팀 전체에 피해가 갈 수도 있는 상황이었습니다. 이러한 상황을 극복하기 위해 연습하는 모습을 녹화하여 다시 보며 스스로 피드백을 하고 주변 친구들에게도 보여주며 고칠 부분을 찾아나갔습니다. 동작 연습 후에는 가족들 앞에서 춤을 추며 극복해나갔습니다. 그 결과 저희 반은 치어리딩 부분에서 높은 점수를 받아 종합 1위를 할 수 있었고 반 친구들은 체육대회 MVP로 저를 뽑아주었습니다.\n\n전산회계 운용사 2급 자격증 실기 시험에서 불합격했던 경험이 있습니다. 방과 후 수업에 참여하여 열심히 공부하였지만, 시험 당일 프로그램 오류로 인해 작성했던 답안지가 저장이 되지 않았습니다. 그 결과 다른 과목에서 높은 점수를 받았지만 한 과목에서 0점을 받아 합격하지 못하였습니다. 이 경험을 바탕으로 만일의 상황까지 예측하며 계획하는 습관을 가지게 되었고 다음 시험에 재도전하여 높은 점수로 합격할 수 있었습니다."
    },
    "anno_text_data": {
        "data": [
            {
                "index": 0,
                "raw": "체육대회 때 반 대항전으로 실시하는 치어리딩에 참여하였습니다. 평소 춤추는 데에 자신이 없어 사람들 앞에서 추는 것을 꺼려 하였습니다. 그러다 보니 연습을 할 때 자연스럽게 동작이 작아졌고 친구들에 비해 진도도 뒤처지게 되었습니다. 치어리딩은 협동심이 중요시되기 때문에 저로 인해 팀 전체에 피해가 갈 수도 있는 상황이었습니다. 이러한 상황을 극복하기 위해 연습하는 모습을 녹화하여 다시 보며 스스로 피드백을 하고 주변 친구들에게도 보여주며 고칠 부분을 찾아나갔습니다. 동작 연습 후에는 가족들 앞에서 춤을 추며 극복해나갔습니다. 그 결과 저희 반은 치어리딩 부분에서 높은 점수를 받아 종합 1위를 할 수 있었고 반 친구들은 체육대회 MVP로 저를 뽑아주었습니다.",
                "class": "고도의 자기주도성을 가진,적극적인"
            },
            {
                "index": 1,
                "raw": "전산회계 운용사 2급 자격증 실기 시험에서 불합격했던 경험이 있습니다. 방과 후 수업에 참여하여 열심히 공부하였지만, 시험 당일 프로그램 오류로 인해 작성했던 답안지가 저장이 되지 않았습니다. 그 결과 다른 과목에서 높은 점수를 받았지만 한 과목에서 0점을 받아 합격하지 못하였습니다. 이 경험을 바탕으로 만일의 상황까지 예측하며 계획하는 습관을 가지게 되었고 다음 시험에 재도전하여 높은 점수로 합격할 수 있었습니다.",
                "class": "긍정적인 태도를 갖춘"
            }
        ]
    }
}