{
    "meta": {
        "text_raw": "\"따듯한 공감의 나눔\"\n\n대학교에 다니면서 3가지를 했습니다.\n첫 번째로는, OOOOOOO센터에서 초중학생들의 학습지도와 상담을 하였습니다.\n두 번째로는 청소년 수련관에서 아이들의 놀이기구 관리 및 주변 환경청소와 기관행사 도우미 역할을 하였습니다\n마지막으로, 연탄 나르기를 하며, 주민분들의 미소가 끊이지 않게 도와드렸습니다.\n\n저희 집은 가정형편이 좋지 않았습니다. 항상 불안하고, 불만을 느끼고 살아왔습니다. 매주 사회봉사를 하러 나가시는 부모님의 추천으로, 연탄 나르기를 처음 해보았습니다. 고된 노동이지만, 생각의 전환점이 생겼습니다. 어렵게 사시는 분들이지만, 희망을 버리지 않고, 긍정적으로 삶을 살아가는 것, 다른 사람에게 도움을 줄 수가 있다는 뿌듯함이 제 삶의 원동력이 되었습니다\n\n이 원동력을 가지고, 코레일을 이용하시는 분들에게, 저의 직무역량으로, 편안하며, 안전한 여행이 되도록 돕고 싶습니다."
    },
    "anno_text_data": {
        "data": [
            {
                "index": 0,
                "raw": "\"따듯한 공감의 나눔\"\n\n대학교에 다니면서 3가지를 했습니다.\n첫 번째로는, OOOOOOO센터에서 초중학생들의 학습지도와 상담을 하였습니다.\n두 번째로는 청소년 수련관에서 아이들의 놀이기구 관리 및 주변 환경청소와 기관행사 도우미 역할을 하였습니다\n마지막으로, 연탄 나르기를 하며, 주민분들의 미소가 끊이지 않게 도와드렸습니다.\n\n저희 집은 가정형편이 좋지 않았습니다. 항상 불안하고, 불만을 느끼고 살아왔습니다. 매주 사회봉사를 하러 나가시는 부모님의 추천으로, 연탄 나르기를 처음 해보았습니다. 고된 노동이지만, 생각의 전환점이 생겼습니다. 어렵게 사시는 분들이지만, 희망을 버리지 않고, 긍정적으로 삶을 살아가는 것, 다른 사람에게 도움을 줄 수가 있다는 뿌듯함이 제 삶의 원동력이 되었습니다\n\n이 원동력을 가지고, 코레일을 이용하시는 분들에게, 저의 직무역량으로, 편안하며, 안전한 여행이 되도록 돕고 싶습니다.",
                "class": "선한 영향력을 행사하는"
            }
        ]
    }
}