{
    "meta": {
        "text_raw": "음악을 사랑합니다. 음악뿐만 아니라 문화산업 전반에 깊은 관심이 있습니다. CJ ENM은 시장 변화에 발맞춰 문화 콘텐츠 산업의 트렌드를 선도하는 기업입니다. 자본력과 추진력, 그리고 트렌드를 읽는 능력을 바탕으로 영화, 방송, 공연, 음악 등 다양한 장르의 콘텐츠를 만들어내고 있습니다. 바로 이 점에서 매력을 느꼈습니다. 보다 더 다채로운 콘텐츠 제작에 동참하며 기여하고, 회사와 함께 성장하고자 CJ ENM에 지원합니다.\n\nMnet <쇼미더머니6>에 지원자로 출연한 경험이 있습니다. 3차 예선까지 진출하면서 방송이 어떻게 촬영되고 만들어지는지 직접 체험할 수 있었습니다. 2차 예선 당시, 1차 예선을 통과한 100여 명 내외의 출연자들은 각각 한 문장으로 소개되었습니다. 지원자 개개인의 특성을 파악하여 이미지를 부여했다는 점이 흥미로웠습니다. 또한, 인터뷰 영상과 녹음된 음성 파일 같은 소스들이 어떻게 방송에 쓰일지 궁금했습니다. 이후 실제로 방영된 방송분과 촬영 현장 당시를 비교하며 감상하기도 했습니다. 그때부터 콘텐츠 제작에 흥미가 생겼고, 특히 음악 관련 콘텐츠를 만들고 싶었습니다. 자연스럽게 음악 전문 채널인 Mnet의 PD 직무에 관심을 갖게 되었습니다.\n\n창의성과 꼼꼼함으로 무장한 PD가 되겠습니다. 음악 활동을 할 때, 크루 동료들과 함께 뮤직비디오를 제작한 경험이 있습니다. 저예산으로 멋진 영상을 만들고 싶었습니다. 비용을 절감하면서도 현장감을 주기 위해 원테이크 기법을 제안했고, 전체적인 콘티와 동선을 짰습니다. 촬영 중에도 동선과 움직임에 관련된 아이디어를 끊임 없이 제안했습니다. 촬영 이후엔 100개가 넘는 테이크에서 최고의 한 테이크를 선정하는 일을 맡았습니다. 모든 테이크를 5회 이상 확인했습니다. 표정, 립싱크, 제스쳐 등을 고려하여 단 하나의 테이크를 정했고 뮤직비디오는 약 2,000회의 조회수를 기록했습니다. 입사 후에도 콘텐츠에 관한 다양한 아이디어를 낼 것이며, 꼼꼼하게 콘텐츠를 검토하여 최선의 결과물을 만들어 내겠습니다."
    },
    "anno_text_data": {
        "data": [
            {
                "index": 0,
                "raw": "음악을 사랑합니다. 음악뿐만 아니라 문화산업 전반에 깊은 관심이 있습니다. CJ ENM은 시장 변화에 발맞춰 문화 콘텐츠 산업의 트렌드를 선도하는 기업입니다. 자본력과 추진력, 그리고 트렌드를 읽는 능력을 바탕으로 영화, 방송, 공연, 음악 등 다양한 장르의 콘텐츠를 만들어내고 있습니다. 바로 이 점에서 매력을 느꼈습니다. 보다 더 다채로운 콘텐츠 제작에 동참하며 기여하고, 회사와 함께 성장하고자 CJ ENM에 지원합니다.",
                "class": "다양성을 존중하는"
            },
            {
                "index": 1,
                "raw": "Mnet <쇼미더머니6>에 지원자로 출연한 경험이 있습니다. 3차 예선까지 진출하면서 방송이 어떻게 촬영되고 만들어지는지 직접 체험할 수 있었습니다. 2차 예선 당시, 1차 예선을 통과한 100여 명 내외의 출연자들은 각각 한 문장으로 소개되었습니다. 지원자 개개인의 특성을 파악하여 이미지를 부여했다는 점이 흥미로웠습니다. 또한, 인터뷰 영상과 녹음된 음성 파일 같은 소스들이 어떻게 방송에 쓰일지 궁금했습니다. 이후 실제로 방영된 방송분과 촬영 현장 당시를 비교하며 감상하기도 했습니다. 그때부터 콘텐츠 제작에 흥미가 생겼고, 특히 음악 관련 콘텐츠를 만들고 싶었습니다. 자연스럽게 음악 전문 채널인 Mnet의 PD 직무에 관심을 갖게 되었습니다.",
                "class": "창의력을 가진"
            },
            {
                "index": 2,
                "raw": "창의성과 꼼꼼함으로 무장한 PD가 되겠습니다. 음악 활동을 할 때, 크루 동료들과 함께 뮤직비디오를 제작한 경험이 있습니다. 저예산으로 멋진 영상을 만들고 싶었습니다. 비용을 절감하면서도 현장감을 주기 위해 원테이크 기법을 제안했고, 전체적인 콘티와 동선을 짰습니다.",
                "class": "자원을 효율적으로 활용하는"
            },
            {
                "index": 3,
                "raw": "촬영 중에도 동선과 움직임에 관련된 아이디어를 끊임 없이 제안했습니다. 촬영 이후엔 100개가 넘는 테이크에서 최고의 한 테이크를 선정하는 일을 맡았습니다. 모든 테이크를 5회 이상 확인했습니다. 표정, 립싱크, 제스쳐 등을 고려하여 단 하나의 테이크를 정했고 뮤직비디오는 약 2,000회의 조회수를 기록했습니다. 입사 후에도 콘텐츠에 관한 다양한 아이디어를 낼 것이며, 꼼꼼하게 콘텐츠를 검토하여 최선의 결과물을 만들어 내겠습니다.",
                "class": "창의력을 가진,고도의 책임감을 가진,목표를 달성하는 능력을 갖춘"
            }
        ]
    }
}