{
    "meta": {
        "text_raw": "현대백화점 비전2030의 골자인 ‘고객 만족’과 ‘사회적 책임’을 마음에 새기고 현대人으로서 준비했습니다. ‘OOO’와 ‘OOO’에서 4년간 홍보물 제작, 교육자료 개발, C/S업무를 하면서, 클라이언트와 소통을 통해 효율적으로 프로젝트를 이끌어왔습니다. 한편으로는 복지시설과 OOOO 봉사활동을 하며 인류공동체에 기여하고자 하는 가치관을 실현했습니다.\n\n또한 지원 직무의 핵심역량인, 외국어 능력과 글로벌 통찰력을 가지고 있습니다. OO학 전공자로서, 전세계 경제, 사회, 문화, 역사에 대한 지식을 습득했습니다. 부전공인 OOO학과에서 금융, 물류, 유통, 미디어 등 주요 산업과 기업 Case Study를 진행하며, 전략적 사고력을 길렀습니다.\n\n전 부서의 특성을 습득하고 필요 역량을 배양하여 시너지를 이끌어내겠습니다. 미래에는 사업을 기획하고 전사 관리하는 제너럴리스트가 되어, 현대백화점이 국내 최고 백화점에서 아시아 1위 백화점으로 거듭나는 데 기여하겠습니다."
    },
    "anno_text_data": {
        "data": [
            {
                "index": 0,
                "raw": "현대백화점 비전2030의 골자인 ‘고객 만족’과 ‘사회적 책임’을 마음에 새기고 현대人으로서 준비했습니다. ‘OOO’와 ‘OOO’에서 4년간 홍보물 제작, 교육자료 개발, C/S업무를 하면서, 클라이언트와 소통을 통해 효율적으로 프로젝트를 이끌어왔습니다. 한편으로는 복지시설과 OOOO 봉사활동을 하며 인류공동체에 기여하고자 하는 가치관을 실현했습니다.",
                "class": "탄탄한 의사소통 능력을 가진,선한 영향력을 행사하는"
            },
            {
                "index": 1,
                "raw": "또한 지원 직무의 핵심역량인, 외국어 능력과 글로벌 통찰력을 가지고 있습니다. OO학 전공자로서, 전세계 경제, 사회, 문화, 역사에 대한 지식을 습득했습니다. 부전공인 OOO학과에서 금융, 물류, 유통, 미디어 등 주요 산업과 기업 Case Study를 진행하며, 전략적 사고력을 길렀습니다.\n\n전 부서의 특성을 습득하고 필요 역량을 배양하여 시너지를 이끌어내겠습니다. 미래에는 사업을 기획하고 전사 관리하는 제너럴리스트가 되어, 현대백화점이 국내 최고 백화점에서 아시아 1위 백화점으로 거듭나는 데 기여하겠습니다.",
                "class": "지속적인 성장을 추구하는"
            }
        ]
    }
}