{
    "meta": {
        "text_raw": "\"SCI급 학술논문 1저자 게재\"\n\n석사과정 중 남들과 차별화된 연구역량을 키우기 위해 ‘SCI급 학술논문 1저자 게재’ 목표를 세웠습니다. 이는 새로운 분야를 연구하는 데 필요한 진입장벽을 낮추는 가장 큰 무기라고 생각했기 때문입니다.\n무기고분자를 이용해 세라믹의 약점인 취성을 보완한 ‘세라믹 섬유’를 세부전공으로 연구하였습니다. 소재의 학습 범위가 넓어 배워야 할 이론과 분석법의 종류가 많았지만, ‘기초를 넓게 다질수록 전문성은 더욱 커진다.’라는 생각으로 합성 실험과 분석을 병행해 이론과 실무적 역량을 키웠습니다. 분기별로 진행한 연구 내용은 국내 학회에 참가하며 꾸준히 점검하였고, 학회 시즌이 끝난 다음 주에는 항상 랩 세미나 발표를 진행해 동료들에게 내용을 공유했습니다. 그 결과, IF 3.83의 SCI급 해외학술지에 1 저자로 논문을 게재하는 성과를 이룰 수 있었습니다.\n\n늦은 밤까지 데이터를 정리하면서 지친 적도 있었지만, 주체 의식을 가지고 끊임없이 연구에 임한다면 해결하지 못할 일은 없다고 생각했습니다. 구체적 목표를 이뤄냈을 때의 성취감은 정말 보람찼으며 앞으로 무엇이든 해낼 수 있다는 자신감을 심어줬습니다."
    },
    "anno_text_data": {
        "data": [
            {
                "index": 0,
                "raw": "\"SCI급 학술논문 1저자 게재\"\n\n석사과정 중 남들과 차별화된 연구역량을 키우기 위해 ‘SCI급 학술논문 1저자 게재’ 목표를 세웠습니다. 이는 새로운 분야를 연구하는 데 필요한 진입장벽을 낮추는 가장 큰 무기라고 생각했기 때문입니다.\n무기고분자를 이용해 세라믹의 약점인 취성을 보완한 ‘세라믹 섬유’를 세부전공으로 연구하였습니다. 소재의 학습 범위가 넓어 배워야 할 이론과 분석법의 종류가 많았지만, ‘기초를 넓게 다질수록 전문성은 더욱 커진다.’라는 생각으로 합성 실험과 분석을 병행해 이론과 실무적 역량을 키웠습니다. 분기별로 진행한 연구 내용은 국내 학회에 참가하며 꾸준히 점검하였고, 학회 시즌이 끝난 다음 주에는 항상 랩 세미나 발표를 진행해 동료들에게 내용을 공유했습니다. 그 결과, IF 3.83의 SCI급 해외학술지에 1 저자로 논문을 게재하는 성과를 이룰 수 있었습니다.\n\n늦은 밤까지 데이터를 정리하면서 지친 적도 있었지만, 주체 의식을 가지고 끊임없이 연구에 임한다면 해결하지 못할 일은 없다고 생각했습니다. 구체적 목표를 이뤄냈을 때의 성취감은 정말 보람찼으며 앞으로 무엇이든 해낼 수 있다는 자신감을 심어줬습니다.",
                "class": "지속적인 성장을 추구하는,고도의 자기주도성을 가진,목표를 달성하는 능력을 갖춘"
            }
        ]
    }
}