{
    "meta": {
        "text_raw": "\"내실을 굳게 다진 소재공학도\"\n\n소재 기술은 표면적으로 드러나지 않지만, 제품의 전반적인 성능을 결정하는 핵심 기술입니다. 이러한 매력에 끌려 재료공학을 전공했습니다. 학부 때는 재료 미세구조설계, 열기계적 특성 등의 전공을 배우고, 전공평점 3.93의 성적을 유지하며 소재에 대한 기본기를 다졌습니다. 또한, 소재 핵심역량을 키우기 위해 대학원에 진학하여 ‘Si계 무기고분자 합성과 이를 이용한 세라믹 섬유’를 연구했습니다. 세부전공으로 다룬 소재의 실험 설계, 결과 분석, 학회에서 연구내용 발표, 문헌을 작성해본 경험은 소재 전문가로 성장하는 데 많은 도움이 되었습니다. 연구경력을 꾸준히 쌓고자 한국OOOOOO의 인턴연구원으로 활동하며 탄소섬유강화복합재 관련 과제의 실험 업무를 도맡았습니다. 복합재에 적용되는 무기계 바인더의 배합비와 공정조건 확립, 물성 평가 업무를 지속해서 수행했습니다. 폭넓게 쌓은 소재역량은 한국산업단지공단의 소재부품산업 과제를 수행하는 데 도움이 될 것입니다."
    },
    "anno_text_data": {
        "data": [
            {
                "index": 0,
                "raw": "\"내실을 굳게 다진 소재공학도\"\n\n소재 기술은 표면적으로 드러나지 않지만, 제품의 전반적인 성능을 결정하는 핵심 기술입니다. 이러한 매력에 끌려 재료공학을 전공했습니다. 학부 때는 재료 미세구조설계, 열기계적 특성 등의 전공을 배우고, 전공평점 3.93의 성적을 유지하며 소재에 대한 기본기를 다졌습니다. 또한, 소재 핵심역량을 키우기 위해 대학원에 진학하여 ‘Si계 무기고분자 합성과 이를 이용한 세라믹 섬유’를 연구했습니다. 세부전공으로 다룬 소재의 실험 설계, 결과 분석, 학회에서 연구내용 발표, 문헌을 작성해본 경험은 소재 전문가로 성장하는 데 많은 도움이 되었습니다. 연구경력을 꾸준히 쌓고자 한국OOOOOO의 인턴연구원으로 활동하며 탄소섬유강화복합재 관련 과제의 실험 업무를 도맡았습니다. 복합재에 적용되는 무기계 바인더의 배합비와 공정조건 확립, 물성 평가 업무를 지속해서 수행했습니다. 폭넓게 쌓은 소재역량은 한국산업단지공단의 소재부품산업 과제를 수행하는 데 도움이 될 것입니다.",
                "class": "지속적인 성장을 추구하는,목표를 달성하는 능력을 갖춘"
            }
        ]
    }
}