{
    "meta": {
        "text_raw": "`재료`를 전공하며 나의 가치를 증명하다.\n표면적으로 드러나지 않지만, 제품의 성능을 좌우하는 재료공학이 매력적으로 느껴졌습니다. 이러한 학문 지식을 익혀 누군가에게 영향력을 끼치고 싶었습니다.\n학부 시절에는 재료 미세구조설계, 열기계적 특성 등 75학점의 전공 이수, 전공평점 3.93의 성적으로 졸업하여 재료가 갖는 기본적 특성과 응용분야, 공정 지식을 배웠습니다. 높은 학업 성취도를 바탕으로 대학원에 진학하여 2년간 ‘무기고분자 합성, 세라믹섬유 제조’ 분야를 세부 전공으로 연구했습니다. 특허, 리뷰논문 등 150편 이상의 문헌을 조사하면서 무기섬유와 섬유강화 복합체의 시장 전망, 국내/외의 개발현황을 분석했습니다. 또한, OOOOOOO, OOO OOOO 2019 등 학회와 전시회에 참가하며 각 분야의 소재 기술개발 동향을 파악했습니다. 현재는 한국OOOOOO 인턴 활동으로 무시멘트 결합재인 지오폴리머 소재를 연구하고 있습니다. 탄소중립을 위한 시멘트 대체재의 산업 현황과 문헌을 조사하고 특허출원을 위한 실험분석 업무를 수행하고 있습니다.\n한국산업기술평가관리원의 R&D 기획평가(재료) 직무를 통해 지금까지 제가 갖춘 폭넓은 재료 역량을 발휘하고 싶습니다."
    },
    "anno_text_data": {
        "data": [
            {
                "index": 0,
                "raw": "`재료`를 전공하며 나의 가치를 증명하다.\n표면적으로 드러나지 않지만, 제품의 성능을 좌우하는 재료공학이 매력적으로 느껴졌습니다. 이러한 학문 지식을 익혀 누군가에게 영향력을 끼치고 싶었습니다.\n학부 시절에는 재료 미세구조설계, 열기계적 특성 등 75학점의 전공 이수, 전공평점 3.93의 성적으로 졸업하여 재료가 갖는 기본적 특성과 응용분야, 공정 지식을 배웠습니다. 높은 학업 성취도를 바탕으로 대학원에 진학하여 2년간 ‘무기고분자 합성, 세라믹섬유 제조’ 분야를 세부 전공으로 연구했습니다. 특허, 리뷰논문 등 150편 이상의 문헌을 조사하면서 무기섬유와 섬유강화 복합체의 시장 전망, 국내/외의 개발현황을 분석했습니다. 또한, OOOOOOO, OOO OOOO 2019 등 학회와 전시회에 참가하며 각 분야의 소재 기술개발 동향을 파악했습니다. 현재는 한국OOOOOO 인턴 활동으로 무시멘트 결합재인 지오폴리머 소재를 연구하고 있습니다. 탄소중립을 위한 시멘트 대체재의 산업 현황과 문헌을 조사하고 특허출원을 위한 실험분석 업무를 수행하고 있습니다.\n한국산업기술평가관리원의 R&D 기획평가(재료) 직무를 통해 지금까지 제가 갖춘 폭넓은 재료 역량을 발휘하고 싶습니다.",
                "class": "지속적인 성장을 추구하는,고도의 자기주도성을 가진,목표를 달성하는 능력을 갖춘"
            }
        ]
    }
}