{
    "meta": {
        "text_raw": "\"상호 존중의 중요성\"\n\n대학교 1학년 때 OOOOOO 프로그램에서 최우수상 시상을 통해 상호 존중 소통의 중요성을 깨달았습니다. 파트너는 1살이 많다는 점을 강조하며 본인이 제시한 의견으로 팀 미션을 수행하자고 주장했습니다. 그래서 저의 의견의 경청과 아이 콘택트도 이루어지지 않았고 팀 미션에서 파트너의 의견이 반영된 내용을 원활히 발표하는 것은 어려웠습니다. 그 결과 서로 소통이 원활하지 않고 오해만 쌓여갔습니다. 1일차 교육과정이 끝난 후에 강사님은 저와 파트너에게 다시 함께 잘해보는 것을 권유했습니다.\n\n파트너하고 미션을 수행할 거면 오해를 풀고 다음날 새 출발을 하는 것이 중요하다고 생각했습니다. 그래서 아침식사 미션에서 파트너와 대화를 통해 서로의 의견을 끝까지 경청 및 존중하고 합의된 사항을 팀 과제에 우선 반영하기로 합의했습니다. 혼수품 계획에서 인테리어 디자인의 방향성을 먼저 의논하고 합의된 사항을 혼수품에 반영했습니다. 마지막으로 물품 비용의 희망가격대를 정했습니다."
    },
    "anno_text_data": {
        "data": [
            {
                "index": 0,
                "raw": "\"상호 존중의 중요성\"\n\n대학교 1학년 때 OOOOOO 프로그램에서 최우수상 시상을 통해 상호 존중 소통의 중요성을 깨달았습니다. 파트너는 1살이 많다는 점을 강조하며 본인이 제시한 의견으로 팀 미션을 수행하자고 주장했습니다. 그래서 저의 의견의 경청과 아이 콘택트도 이루어지지 않았고 팀 미션에서 파트너의 의견이 반영된 내용을 원활히 발표하는 것은 어려웠습니다. 그 결과 서로 소통이 원활하지 않고 오해만 쌓여갔습니다. 1일차 교육과정이 끝난 후에 강사님은 저와 파트너에게 다시 함께 잘해보는 것을 권유했습니다.\n\n파트너하고 미션을 수행할 거면 오해를 풀고 다음날 새 출발을 하는 것이 중요하다고 생각했습니다. 그래서 아침식사 미션에서 파트너와 대화를 통해 서로의 의견을 끝까지 경청 및 존중하고 합의된 사항을 팀 과제에 우선 반영하기로 합의했습니다. 혼수품 계획에서 인테리어 디자인의 방향성을 먼저 의논하고 합의된 사항을 혼수품에 반영했습니다. 마지막으로 물품 비용의 희망가격대를 정했습니다.",
                "class": "다양한 의견을 수렴하는,문제해결능력이 뛰어난,탄탄한 의사소통 능력을 가진"
            }
        ]
    }
}