{
    "meta": {
        "text_raw": "\"끈기를 가지고 노력하면 불가능한 것은 없다\"\n\n어떠한 일을 시작하기 전에 두려운 마음이 들 때마다 이러한 마음가짐을 갖추고 도전하였습니다. 교내에서 실시하는 경제 골든벨 대회에 참여했던 경험이 있습니다. 학교 시험이 끝난 후 담임 선생님께서는 이틀 뒤에 대회가 실시될 것이라며 자세한 일정에 대해서 공지해 주셨습니다. 문제 출제 범위는 70페이지에 달하는 경제 관련 용어들이었습니다. 공부해야 하는 양에 비해 대회 전까지 준비할 수 있는 기간이 짧게 느껴졌기 때문에 주변 친구들은 저에게 지금부터 시작해봤자 좋은 성적을 거두지 못할 것이라며 포기하기를 권유하였습니다. 하지만 전부터 기다렸던 대회였고 꼭 해내고 싶다는 생각이 들어 이틀이라는 기간 동안 시간이 날 때마다 보며 공부하였습니다. 잘 외워지지 않는 부분은 따로 암기 노트를 만들어 들고 다니면서 익숙해지도록 하였고 저만의 암기 매뉴얼을 만들어가며 공부하였습니다.\n\n그 결과 대회에서 1위라는 성적을 거둬 최우수상을 수상할 수 있었습니다. 이 경험을 통해 모든 일에 포기하지 않고 노력하여 달성하는 방법에 대하여 배우게 되었습니다. 이러한 역량을 바탕으로 맡은 업무에 대해 끝까지 완수해내는 사원이 되겠습니다."
    },
    "anno_text_data": {
        "data": [
            {
                "index": 0,
                "raw": "\"끈기를 가지고 노력하면 불가능한 것은 없다\"\n\n어떠한 일을 시작하기 전에 두려운 마음이 들 때마다 이러한 마음가짐을 갖추고 도전하였습니다. 교내에서 실시하는 경제 골든벨 대회에 참여했던 경험이 있습니다. 학교 시험이 끝난 후 담임 선생님께서는 이틀 뒤에 대회가 실시될 것이라며 자세한 일정에 대해서 공지해 주셨습니다. 문제 출제 범위는 70페이지에 달하는 경제 관련 용어들이었습니다. 공부해야 하는 양에 비해 대회 전까지 준비할 수 있는 기간이 짧게 느껴졌기 때문에 주변 친구들은 저에게 지금부터 시작해봤자 좋은 성적을 거두지 못할 것이라며 포기하기를 권유하였습니다. 하지만 전부터 기다렸던 대회였고 꼭 해내고 싶다는 생각이 들어 이틀이라는 기간 동안 시간이 날 때마다 보며 공부하였습니다. 잘 외워지지 않는 부분은 따로 암기 노트를 만들어 들고 다니면서 익숙해지도록 하였고 저만의 암기 매뉴얼을 만들어가며 공부하였습니다.\n\n그 결과 대회에서 1위라는 성적을 거둬 최우수상을 수상할 수 있었습니다. 이 경험을 통해 모든 일에 포기하지 않고 노력하여 달성하는 방법에 대하여 배우게 되었습니다. 이러한 역량을 바탕으로 맡은 업무에 대해 끝까지 완수해내는 사원이 되겠습니다.",
                "class": "고도의 책임감을 가진,목표를 달성하는 능력을 갖춘,적극적인"
            }
        ]
    }
}