{
    "meta": {
        "text_raw": "저의 장점은 어떤 일이든 책임감을 가지고 수행해내는 것입니다. 고등학교 1학년 때 학습 부반장을 맡았던 경험이 있습니다. 당시 반의 수업 분위기가 좋지 않았고 이 점에 불만을 가진 친구들이 생기게 되었습니다. 그래서 저는 학습 분위기 개선이 필요하다는 생각이 들었습니다. 먼저 수업 시간에만 휴대폰을 걷자는 의견을 냈고 대부분이 찬성하여 실시하게 되었습니다. 매 수업 시간 전 반 친구들이 휴대폰을 낼 수 있도록 안내하고 안 낸 친구가 없도록 일일이 수를 세는 역할을 수행하였습니다. 또한 수업 내용을 이해하지 못한 친구들에게는 쉬는 시간과 방과 후 시간을 이용하여 설명해 주었습니다. 그 결과 반 학습 분위기도 좋아지고 학기 초 성적 최하위권 반에서 학기 말에는 1등 반으로 마무리할 수 있었습니다.\n\n저의 단점은 많은 사람들 앞에서 말하는 것을 조금 두려워하는 것입니다. 이러한 성격 때문에 항상 준비한 만큼 결과를 보여주지 못하여 극복하고 싶었습니다. 그래서 학급 부반장이나 동아리 차장 등 임원 역할을 맡아 친구들 앞에서 말을 하는 연습을 하였고 수업 시간에도 나서서 발표하려고 노력하였습니다. 또한, 중요한 발표 전에는 실제 상황처럼 가정하여 리허설 연습을 하며 극복하고 있습니다."
    },
    "anno_text_data": {
        "data": [
            {
                "index": 0,
                "raw": "저의 장점은 어떤 일이든 책임감을 가지고 수행해내는 것입니다. 고등학교 1학년 때 학습 부반장을 맡았던 경험이 있습니다. 당시 반의 수업 분위기가 좋지 않았고 이 점에 불만을 가진 친구들이 생기게 되었습니다. 그래서 저는 학습 분위기 개선이 필요하다는 생각이 들었습니다. 먼저 수업 시간에만 휴대폰을 걷자는 의견을 냈고 대부분이 찬성하여 실시하게 되었습니다. 매 수업 시간 전 반 친구들이 휴대폰을 낼 수 있도록 안내하고 안 낸 친구가 없도록 일일이 수를 세는 역할을 수행하였습니다. 또한 수업 내용을 이해하지 못한 친구들에게는 쉬는 시간과 방과 후 시간을 이용하여 설명해 주었습니다. 그 결과 반 학습 분위기도 좋아지고 학기 초 성적 최하위권 반에서 학기 말에는 1등 반으로 마무리할 수 있었습니다.\n\n저의 단점은 많은 사람들 앞에서 말하는 것을 조금 두려워하는 것입니다. 이러한 성격 때문에 항상 준비한 만큼 결과를 보여주지 못하여 극복하고 싶었습니다. 그래서 학급 부반장이나 동아리 차장 등 임원 역할을 맡아 친구들 앞에서 말을 하는 연습을 하였고 수업 시간에도 나서서 발표하려고 노력하였습니다. 또한, 중요한 발표 전에는 실제 상황처럼 가정하여 리허설 연습을 하며 극복하고 있습니다.",
                "class": "지속적인 성장을 추구하는,적극적인,목표를 달성하는 능력을 갖춘"
            }
        ]
    }
}