{
    "meta": {
        "text_raw": "\"필요하지 않은 과정은 없다.\"\n\n예전에 군 생활을 할 때 수송부 소속인 저는 차량 정비를 할 때 꼼꼼히 보자는 정비병과 그럴 필요가 없다는 운전병들 사이에 견해차가 생겼습니다. 그 당시 근처 부대에서 정비를 꼼꼼히 하지 않아 인명 피해가 일어났던 적이 있었습니다. 정비를생략하면 문제가 생길 수 있다고 생각한 저는 규정대로 정비를 하기로 했고 그 결과 브레이크 패드에 큰 금이 가 있는 것을 발견하고 큰 사고를 예방할 수 있었습니다. 겉으로는 큰 문제가 없는 상황이더라도, 사례나 선례가 있다면 확인을 하는 것이 사고 예방에 도움이 된다고 생각합니다. 저는 안전지킴이로써 근거에 따른 업무를 행하여 본분을 다하겠습니다."
    },
    "anno_text_data": {
        "data": [
            {
                "index": 0,
                "raw": "\"필요하지 않은 과정은 없다.\"\n\n예전에 군 생활을 할 때 수송부 소속인 저는 차량 정비를 할 때 꼼꼼히 보자는 정비병과 그럴 필요가 없다는 운전병들 사이에 견해차가 생겼습니다. 그 당시 근처 부대에서 정비를 꼼꼼히 하지 않아 인명 피해가 일어났던 적이 있었습니다. 정비를생략하면 문제가 생길 수 있다고 생각한 저는 규정대로 정비를 하기로 했고 그 결과 브레이크 패드에 큰 금이 가 있는 것을 발견하고 큰 사고를 예방할 수 있었습니다. 겉으로는 큰 문제가 없는 상황이더라도, 사례나 선례가 있다면 확인을 하는 것이 사고 예방에 도움이 된다고 생각합니다. 저는 안전지킴이로써 근거에 따른 업무를 행하여 본분을 다하겠습니다.",
                "class": "고도의 책임감을 가진,위기 상황에서도 안정감을 주는"
            }
        ]
    }
}