{
    "meta": {
        "text_raw": "\"사소한 행동이 불러온 긍정적 효과\"\n\n저는 솔선수범을 통해 전체가 배려하는 분위기를 만들어 상황을 극복할 수 있을것이라고 생각했습니다. 어떤 도움이 필요한지 먼저 파악한 뒤 가벼운 대화로 조심스럽게 다가갔습니다. 상대방의 현재 상태에 공감하며 점차 가까워졌고 이내 동의를 얻어 도움을 줄 수 있었습니다. 휴식시간에 이르러 통증부위에 간단한 응급처치 후 새로운 양말을 신게 했고 배낭을 대신 들어 부담을 덜어주었습니다. 이후 상황에 대해 공감하고자 팀원들에게 트레킹을 함께 마무리 하자고 제안했습니다. 이후 사람들의 분위기는 한층 나아졌습니다. 서로 대화를 주고받기 시작해 서로에 대해 알아가기 시작했습니다. 이후 한명이 다가와 대화를 시작해 도움을 함께 부담했습니다.\n\n이러한 상황이 반복되어 모두가 협동하는 훈훈한 상황이 벌어졌습니다. 저의 작은 행동으로 인해 수동적 분위기를 능동적으로 변화시켰습니다. 트레킹은 예정된 시간에 마무리하지 못했지만 한명의 낙오자 없이 마무리할 수 있었습니다."
    },
    "anno_text_data": {
        "data": [
            {
                "index": 0,
                "raw": "\"사소한 행동이 불러온 긍정적 효과\"\n\n저는 솔선수범을 통해 전체가 배려하는 분위기를 만들어 상황을 극복할 수 있을것이라고 생각했습니다. 어떤 도움이 필요한지 먼저 파악한 뒤 가벼운 대화로 조심스럽게 다가갔습니다. 상대방의 현재 상태에 공감하며 점차 가까워졌고 이내 동의를 얻어 도움을 줄 수 있었습니다. 휴식시간에 이르러 통증부위에 간단한 응급처치 후 새로운 양말을 신게 했고 배낭을 대신 들어 부담을 덜어주었습니다. 이후 상황에 대해 공감하고자 팀원들에게 트레킹을 함께 마무리 하자고 제안했습니다. 이후 사람들의 분위기는 한층 나아졌습니다. 서로 대화를 주고받기 시작해 서로에 대해 알아가기 시작했습니다. 이후 한명이 다가와 대화를 시작해 도움을 함께 부담했습니다.\n\n이러한 상황이 반복되어 모두가 협동하는 훈훈한 상황이 벌어졌습니다. 저의 작은 행동으로 인해 수동적 분위기를 능동적으로 변화시켰습니다. 트레킹은 예정된 시간에 마무리하지 못했지만 한명의 낙오자 없이 마무리할 수 있었습니다.",
                "class": "선한 영향력을 행사하는,탄탄한 의사소통 능력을 가진,적극적인"
            }
        ]
    }
}