{
    "meta": {
        "text_raw": "학부 시절 교수님의 제안을 받아 영어교육 프로그램에 참가하면서 다양한 학생들을 돌본 경험이 있습니다. 코로나로 인해 모든 수업을 온라인으로 진행하게 되었고, 학습효과가 떨어질까 걱정이었습니다. 그래서 전 오직 지식만 전달하는 게 아닌, 학생의 궁금한 점이 무엇이고 이것을 해결할 수 있는 맞춤형 수업을 제공하도록 노력했습니다. 이런 제 노력 덕분에 수업은 물론 이후 좋은 관계를 유지할 수 있었으며, 주변 사람에게 도움을 줄 수 있는 사람이 되고 싶다는 목표도 생겼습니다."
    },
    "anno_text_data": {
        "data": [
            {
                "index": 0,
                "raw": "학부 시절 교수님의 제안을 받아 영어교육 프로그램에 참가하면서 다양한 학생들을 돌본 경험이 있습니다. 코로나로 인해 모든 수업을 온라인으로 진행하게 되었고, 학습효과가 떨어질까 걱정이었습니다. 그래서 전 오직 지식만 전달하는 게 아닌, 학생의 궁금한 점이 무엇이고 이것을 해결할 수 있는 맞춤형 수업을 제공하도록 노력했습니다. 이런 제 노력 덕분에 수업은 물론 이후 좋은 관계를 유지할 수 있었으며, 주변 사람에게 도움을 줄 수 있는 사람이 되고 싶다는 목표도 생겼습니다.",
                "class": "문제해결능력이 뛰어난,선한 영향력을 행사하는"
            }
        ]
    }
}