{
    "meta": {
        "text_raw": "초임 소대장 시절 수차례의 면담을 겪으며 좋은 상담관으로서 역량을 발휘했습니다. \n부대에 신병이 들어오게 되면 의례적으로 소대장과 면담시간을 가지고 서로 알아가는 시간을 가졌습니다. 면담은 절차상 필수적이고 중요했지만 초임 소대장으로서 그에맞는 능력과 경험이 부족했습니다. 면담에 대한 아무런 기술없이 부여받은 업무를 수행해야했고 면담 내내 신병의 대답은 \"예\" 또는 \"아니오\" 였습니다.\n서로에게 무의미하고 견디기 힘든 시간이였기 때문에 이를 개선하고자 소대장으로서 공감대 형성과 진솔한 의사소통 기회를 마련하는 것이 필요했습니다."
    },
    "anno_text_data": {
        "data": [
            {
                "index": 0,
                "raw": "초임 소대장 시절 수차례의 면담을 겪으며 좋은 상담관으로서 역량을 발휘했습니다. \n부대에 신병이 들어오게 되면 의례적으로 소대장과 면담시간을 가지고 서로 알아가는 시간을 가졌습니다. 면담은 절차상 필수적이고 중요했지만 초임 소대장으로서 그에맞는 능력과 경험이 부족했습니다. 면담에 대한 아무런 기술없이 부여받은 업무를 수행해야했고 면담 내내 신병의 대답은 \"예\" 또는 \"아니오\" 였습니다.\n서로에게 무의미하고 견디기 힘든 시간이였기 때문에 이를 개선하고자 소대장으로서 공감대 형성과 진솔한 의사소통 기회를 마련하는 것이 필요했습니다.",
                "class": "탄탄한 의사소통 능력을 가진"
            }
        ]
    }
}