{
    "meta": {
        "text_raw": "맛집을 연구하고, 먹어본 경험을 바탕으로 음식을 직접 만들어보며, 열성적으로 식도락을 즐기는 저를 두고 친구들이 ‘OOO’이라는 별명을 붙여주었습니다. 새로운 맛집을 연구하고, 리뷰를 남기고, 먹어본 경험을 바탕으로 제가 직접 만들어보는 과정을 통해, 주변인들과 만날 때마다 미식의 즐거움을 주는 것이 저에게 큰 보람입니다. 뿐만 아니라 앞으로도 계속해서 더 많은 음식을 탐구하는 식도락 여정의 기쁨을 극대화하기 위해, 평소에 운동과 건강 관리도 놓치지 않고 있습니다.\n\n높은 몰입도와 빠른 적응력은 제가 가진 최대 장점 중 하나입니다. 어떠한 아르바이트를 하건 최소 2년에서 최대 4년간 근속했습니다. 단 한 번의 지각이나 트러블 없이 최근까지 계속하며, 매해 모범사원으로 꼽히곤 했습니다. ‘OOO’와 ‘OOO’에서 교육 콘텐트 개발 및 학생 응대 CS업무를 수행하면서, 클라이언트와의 소통을 통한 효율적인 문제해결 방법을 모색하여 최선의 결과를 도출하곤 했습니다.\n\n제가 제작한 교재 콘텐트와 기획서는 후임 직원들에게 본보기로서 제시되고, 상담 내역 기록 일지는 회사 매뉴얼 일부로 채택되었습니다. 이를 통해 전사 차원의 업무 처리의 안정성을 크게 향상하면서, 매해 에이스 사원으로 꼽히고 회사 부대표님께 가장 신뢰할 수 있는 직원이란 평가를 받았습니다. 관심분야에 몰두하여, 모르는 바가 없을 정도로 높은 수준에 이르는 장점을 살려 JTBC에서 경영 전문가로 성장하고 싶습니다."
    },
    "anno_text_data": {
        "data": [
            {
                "index": 0,
                "raw": "맛집을 연구하고, 먹어본 경험을 바탕으로 음식을 직접 만들어보며, 열성적으로 식도락을 즐기는 저를 두고 친구들이 ‘OOO’이라는 별명을 붙여주었습니다. 새로운 맛집을 연구하고, 리뷰를 남기고, 먹어본 경험을 바탕으로 제가 직접 만들어보는 과정을 통해, 주변인들과 만날 때마다 미식의 즐거움을 주는 것이 저에게 큰 보람입니다. 뿐만 아니라 앞으로도 계속해서 더 많은 음식을 탐구하는 식도락 여정의 기쁨을 극대화하기 위해, 평소에 운동과 건강 관리도 놓치지 않고 있습니다.\n\n높은 몰입도와 빠른 적응력은 제가 가진 최대 장점 중 하나입니다. 어떠한 아르바이트를 하건 최소 2년에서 최대 4년간 근속했습니다. 단 한 번의 지각이나 트러블 없이 최근까지 계속하며, 매해 모범사원으로 꼽히곤 했습니다.",
                "class": "선한 영향력을 행사하는,지속적인 성장을 추구하는"
            },
            {
                "index": 1,
                "raw": "‘OOO’와 ‘OOO’에서 교육 콘텐트 개발 및 학생 응대 CS업무를 수행하면서, 클라이언트와의 소통을 통한 효율적인 문제해결 방법을 모색하여 최선의 결과를 도출하곤 했습니다.\n\n제가 제작한 교재 콘텐트와 기획서는 후임 직원들에게 본보기로서 제시되고, 상담 내역 기록 일지는 회사 매뉴얼 일부로 채택되었습니다. 이를 통해 전사 차원의 업무 처리의 안정성을 크게 향상하면서, 매해 에이스 사원으로 꼽히고 회사 부대표님께 가장 신뢰할 수 있는 직원이란 평가를 받았습니다. 관심분야에 몰두하여, 모르는 바가 없을 정도로 높은 수준에 이르는 장점을 살려 JTBC에서 경영 전문가로 성장하고 싶습니다.",
                "class": "탄탄한 의사소통 능력을 가진"
            }
        ]
    }
}