{
    "meta": {
        "text_raw": "1. ‘섬유 방사용 무기고분자 합성’ 연구분야의 SCI급 해외 학술지(Ceramics International, IF: OOOO(2020)) 논문 1저자 게재\n100편 이상의 참고문헌 학습을 통해 세라믹 섬유와 이에 응용되는 무기고분자의 연구개발 역사, 최신 국/내외 개발 동향, 세라믹섬유복합재의 산업 동향, 핵심 공정기술 및 물성 평가법을 조사하고 무기섬유 관련 적용 분야와 전문지식을 습득했습니다.\n\n2. 국내/외 학회, 전시회 다수 참석 및 발표\n18-19년도 춘/추계 OOOOO학회의 발표(포스터 3회, 구두 2회)를 통해 분기별로 진행한 연구 내용을 점검하고 검토하였습니다. 최신 세라믹 산업기술을 분석하고 무기소재 연구분야의 시장 동향을 파악했습니다.\nOOOOO 2018(OOOOO재료학회), OOO ASIA 2019(국제 OOOO 전시회)에 참석하여 국방, 항공 및 탄소 소재의 최신기술 동향을 파악하고, 세계 복합소재의 시장 조사, 기업별 사업화 아이템을 분석했습니다.\n\n3. 한국OOOOOO 인턴연구원 활동\n무시멘트 결합재인 지오폴리머 합성 관련 정부 용역과제를 수행하며 시멘트 대체 원료의 개발현황 조사하고 과제 관련 실험과 분석 업무를 수행했습니다."
    },
    "anno_text_data": {
        "data": [
            {
                "index": 0,
                "raw": "1. ‘섬유 방사용 무기고분자 합성’ 연구분야의 SCI급 해외 학술지(Ceramics International, IF: OOOO(2020)) 논문 1저자 게재\n100편 이상의 참고문헌 학습을 통해 세라믹 섬유와 이에 응용되는 무기고분자의 연구개발 역사, 최신 국/내외 개발 동향, 세라믹섬유복합재의 산업 동향, 핵심 공정기술 및 물성 평가법을 조사하고 무기섬유 관련 적용 분야와 전문지식을 습득했습니다.\n\n2. 국내/외 학회, 전시회 다수 참석 및 발표\n18-19년도 춘/추계 OOOOO학회의 발표(포스터 3회, 구두 2회)를 통해 분기별로 진행한 연구 내용을 점검하고 검토하였습니다. 최신 세라믹 산업기술을 분석하고 무기소재 연구분야의 시장 동향을 파악했습니다.\nOOOOO 2018(OOOOO재료학회), OOO ASIA 2019(국제 OOOO 전시회)에 참석하여 국방, 항공 및 탄소 소재의 최신기술 동향을 파악하고, 세계 복합소재의 시장 조사, 기업별 사업화 아이템을 분석했습니다.\n\n3. 한국OOOOOO 인턴연구원 활동\n무시멘트 결합재인 지오폴리머 합성 관련 정부 용역과제를 수행하며 시멘트 대체 원료의 개발현황 조사하고 과제 관련 실험과 분석 업무를 수행했습니다.",
                "class": "지속적인 성장을 추구하는"
            }
        ]
    }
}