{
    "meta": {
        "text_raw": "저는 누구보다 책임감 있는 인재입니다. 대학생 시절 2년간 작은 편의점에서 아르바이트를 한 경험이 있습니다. 창고가 좁은데다가 정리상태가 엉망이어서 물류 정리 시간은 더욱 오래 걸릴 수 밖에 없었고, 매대 또한 손님들이 자주 찾는 상품이 뒤쪽에 진열되어 있는 등 불편한 점이 많았습니다. 저는 어떠한 일이라도 책임감을 가지고 임해야한다는 생각을 가지고 있습니다. 매장 운영에 도움이 되고자 스스로 나서서 창고를 진열하고, 매출 상승에 조금이라도 기여할 수 있는 진열방식을 고려하여 점장님께 제안 후 제품을 새로이 진열하였습니다\n\n저는 이러한 성격 때문에 어려서부터 소심하고 걱정이 많다는 말을 많이 들어왔습니다. 사소한 일도 포기하지 않고 매달리는 모습에 주위사람들에게 잔소리를 자주 들어왔습니다. 하지만 전기설비를 유지, 보수하고 개선하는 것은 그 무엇보다 책임감이 중요하다고 생각합니다. 저의 이런 성격을 바탕으로 LG화학의 신뢰성 있고, 안전한 배터리 기술 개발에 기여하겠습니다."
    },
    "anno_text_data": {
        "data": [
            {
                "index": 0,
                "raw": "저는 누구보다 책임감 있는 인재입니다. 대학생 시절 2년간 작은 편의점에서 아르바이트를 한 경험이 있습니다. 창고가 좁은데다가 정리상태가 엉망이어서 물류 정리 시간은 더욱 오래 걸릴 수 밖에 없었고, 매대 또한 손님들이 자주 찾는 상품이 뒤쪽에 진열되어 있는 등 불편한 점이 많았습니다. 저는 어떠한 일이라도 책임감을 가지고 임해야한다는 생각을 가지고 있습니다. 매장 운영에 도움이 되고자 스스로 나서서 창고를 진열하고, 매출 상승에 조금이라도 기여할 수 있는 진열방식을 고려하여 점장님께 제안 후 제품을 새로이 진열하였습니다\n\n저는 이러한 성격 때문에 어려서부터 소심하고 걱정이 많다는 말을 많이 들어왔습니다. 사소한 일도 포기하지 않고 매달리는 모습에 주위사람들에게 잔소리를 자주 들어왔습니다. 하지만 전기설비를 유지, 보수하고 개선하는 것은 그 무엇보다 책임감이 중요하다고 생각합니다. 저의 이런 성격을 바탕으로 LG화학의 신뢰성 있고, 안전한 배터리 기술 개발에 기여하겠습니다.",
                "class": "고도의 책임감을 가진,고도의 자기주도성을 가진,적극적인"
            }
        ]
    }
}