{
    "meta": {
        "text_raw": "\"내가 맡은 업무는 꼭 성공시킨다!\"\n\n대학생부터 지금까지 저는 ‘조직 속에서 내 가치를 충분히 드러내자’는 생각으로 사회 활동에 임하였습니다. 학부생 시절, 캡스톤 디자인 프로그램으로 ‘니켈-망간 산화물의 전기적 특성 평가’ 팀 프로젝트를 진행했을 때 PPT 구성과 발표를 담당했습니다. 팀원들과 함께 실험한 자료와 사진을 취합하고, 이를 바탕으로 짜임새 있게 발표자료를 구성했습니다. 최종발표의 2일 전부터 팀원들에게 모의발표를 하면서 예상 질문에 대비하였고, 15분의 제한시간 내에 발표를 마무리하고자 연습에 몰두했습니다. 브리핑 연습을 토대로 발표한 결과, 구성한 내용을 깔끔하게 설명할 수 있었고, 질의응답 시간까지 청중들의 집중을 받아 팀원 모두가 A의 성적을 받았습니다.\n이처럼 조직에서 가치를 발휘하고자 노력할 때, 그 결과는 모두가 발전하는 방향으로 바뀐다고 생각합니다. 맡은 역할에 최선을 다한다면 결과는 배신하지 않는다는 것을 느끼게 해준 경험이었습니다."
    },
    "anno_text_data": {
        "data": [
            {
                "index": 0,
                "raw": "\"내가 맡은 업무는 꼭 성공시킨다!\"\n\n대학생부터 지금까지 저는 ‘조직 속에서 내 가치를 충분히 드러내자’는 생각으로 사회 활동에 임하였습니다. 학부생 시절, 캡스톤 디자인 프로그램으로 ‘니켈-망간 산화물의 전기적 특성 평가’ 팀 프로젝트를 진행했을 때 PPT 구성과 발표를 담당했습니다. 팀원들과 함께 실험한 자료와 사진을 취합하고, 이를 바탕으로 짜임새 있게 발표자료를 구성했습니다. 최종발표의 2일 전부터 팀원들에게 모의발표를 하면서 예상 질문에 대비하였고, 15분의 제한시간 내에 발표를 마무리하고자 연습에 몰두했습니다. 브리핑 연습을 토대로 발표한 결과, 구성한 내용을 깔끔하게 설명할 수 있었고, 질의응답 시간까지 청중들의 집중을 받아 팀원 모두가 A의 성적을 받았습니다.\n이처럼 조직에서 가치를 발휘하고자 노력할 때, 그 결과는 모두가 발전하는 방향으로 바뀐다고 생각합니다. 맡은 역할에 최선을 다한다면 결과는 배신하지 않는다는 것을 느끼게 해준 경험이었습니다.",
                "class": "목표를 달성하는 능력을 갖춘,고도의 책임감을 가진"
            }
        ]
    }
}