{
    "meta": {
        "text_raw": "BTS의 성공 요인은 크게 두 가지입니다. 첫 번째로는 전 세계적으로 충성도가 높은 두터운 팬덤입니다. BTS는 대한민국을 넘어 전세계적인 인기를 자랑합니다. 이러한 팬덤은 팬들과의 지속적이면서도 적극적인 소통을 통해 구축되었습니다. 꾸준한 활동과 'V Live'와 같은 실시간 소통으로, BTS는 기존의 팬들을 놓치지 않았고, 새로 유입된 팬들도 그들 곁에 계속 남아 있게 하는 이유가 되었습니다. 끊임없는 커뮤니케이션이야 말로 팬들의 충성도를 높이며 유지하는 방법이라는 것을 다시금 깨달았습니다.\n\n두 번째 성공 요인은 자본의 재투자, 그리고 이를 통한 글로벌화입니다. BTS를 제작한 빅히트엔터테인먼트는 벌어들인 수익의 대부분을 재투자하여 뮤직비디오 또는 라이브 영상과 같은 콘텐츠를 지속적으로 생산했습니다. 그 결과 무려 아홉 편의 뮤직비디오에서 유튜브 기준 5억 회 이상의 조회수를 기록했습니다. 이후 대한민국을 넘어 세계로 눈을 돌렸고, 결국 신곡 'Dynamite'는 곡 전체를 영어 가사로 만들며 빌보드 차트 2주 연속 1위라는 성과를 이뤘습니다. 단기적인 성공에 안주하지 않은 과감한 재투자는 세계적인 성공과 더 큰 수익을 창출할 수 있었습니다.\n\nBTS를 포함한 K-POP의 전반적인 발전을 위해서는 끊임없이 영상 콘텐츠를 생산해야 합니다. '포스트 코로나'가 아닌 '위드 코로나'의 시대를 준비해야 하는 지금, 공연 산업은 점점 침체되고 있습니다. 이를 대체하기 위해 적지 않은 수의 라이브 스트리밍 공연이 열리지만, 오프라인 공연에서만 느낄 수 있는 현장감을 대체하기는 어렵습니다. 따라서 실시간이 아니더라도, 더 높은 퀄리티의 영상 콘텐츠를 꾸준히 만들어야 합니다. 2020년 1~4월 기준, 국민들의 스마트폰의 동영상 월평균 이용시간은 전년도 동기 대비 무려 31.1% 증가했습니다. 이를 반영하여, 예컨대 M2의 멤버별 무대 직캠 영상과 같은 양질의 콘텐츠를 지속적으로 만들어야 하고, 나아가 전세계 소비자들의 니즈를 충족시키는 콘텐츠를 제작해야 합니다."
    },
    "anno_text_data": {
        "data": [
            {
                "index": 0,
                "raw": "BTS의 성공 요인은 크게 두 가지입니다. 첫 번째로는 전 세계적으로 충성도가 높은 두터운 팬덤입니다. BTS는 대한민국을 넘어 전세계적인 인기를 자랑합니다. 이러한 팬덤은 팬들과의 지속적이면서도 적극적인 소통을 통해 구축되었습니다. 꾸준한 활동과 'V Live'와 같은 실시간 소통으로, BTS는 기존의 팬들을 놓치지 않았고, 새로 유입된 팬들도 그들 곁에 계속 남아 있게 하는 이유가 되었습니다. 끊임없는 커뮤니케이션이야 말로 팬들의 충성도를 높이며 유지하는 방법이라는 것을 다시금 깨달았습니다.",
                "class": "탄탄한 의사소통 능력을 가진"
            },
            {
                "index": 1,
                "raw": "두 번째 성공 요인은 자본의 재투자, 그리고 이를 통한 글로벌화입니다. BTS를 제작한 빅히트엔터테인먼트는 벌어들인 수익의 대부분을 재투자하여 뮤직비디오 또는 라이브 영상과 같은 콘텐츠를 지속적으로 생산했습니다. 그 결과 무려 아홉 편의 뮤직비디오에서 유튜브 기준 5억 회 이상의 조회수를 기록했습니다. 이후 대한민국을 넘어 세계로 눈을 돌렸고, 결국 신곡 'Dynamite'는 곡 전체를 영어 가사로 만들며 빌보드 차트 2주 연속 1위라는 성과를 이뤘습니다. 단기적인 성공에 안주하지 않은 과감한 재투자는 세계적인 성공과 더 큰 수익을 창출할 수 있었습니다.",
                "class": "지속적인 성장을 추구하는,자원을 효율적으로 활용하는"
            },
            {
                "index": 2,
                "raw": "BTS를 포함한 K-POP의 전반적인 발전을 위해서는 끊임없이 영상 콘텐츠를 생산해야 합니다. '포스트 코로나'가 아닌 '위드 코로나'의 시대를 준비해야 하는 지금, 공연 산업은 점점 침체되고 있습니다. 이를 대체하기 위해 적지 않은 수의 라이브 스트리밍 공연이 열리지만, 오프라인 공연에서만 느낄 수 있는 현장감을 대체하기는 어렵습니다. 따라서 실시간이 아니더라도, 더 높은 퀄리티의 영상 콘텐츠를 꾸준히 만들어야 합니다. 2020년 1~4월 기준, 국민들의 스마트폰의 동영상 월평균 이용시간은 전년도 동기 대비 무려 31.1% 증가했습니다. 이를 반영하여, 예컨대 M2의 멤버별 무대 직캠 영상과 같은 양질의 콘텐츠를 지속적으로 만들어야 하고, 나아가 전세계 소비자들의 니즈를 충족시키는 콘텐츠를 제작해야 합니다.",
                "class": "적응력이 높은,비즈니스 마인드를 갖춘"
            }
        ]
    }
}