{
    "meta": {
        "text_raw": "\"엉킨 실타래는 생각보다 단순하게 풀린다\"\n\n벤치마킹한 특허 내용과는 다른 배합 방식을 적용해 정부 과제의 목표를 성공적으로 달성한 경험이 있습니다.\n\n한국OOOOOO의 인턴으로 활동하면서 ‘섬유복합재용 Si계 무기고분자 합성’ 과제를 담당했습니다. 과제의 목표는 프리프레그 제조가 가능할 정도의 성형성과 800도 내열성을 갖는 섬유강화복합재를 확보하는 것이었습니다.\n과제 진행 초기에는 벤치마킹한 특허를 토대로 배합비를 설정하여 바인더의 물성을 확보하려 했으나, 용매의 함량이 너무 적고 흄드 실리카의 비표면적이 매우 넓어 균일한 혼합이 불가능했습니다. 이 문제를 해결하고자 적용 가능한 원재료와 실험 관련 문헌을 꼼꼼히 조사했고, 생각지도 못한 ‘화장품용 실리카 분말’을 적용했을 때 문제를 해결할 수 있었습니다. 소량의 계면활성제와 오토클레이브 공정을 추가하여 과제의 최종목표를 성공적으로 달성할 수 있었고, 수행한 과제의 연구공로를 인정받아 150만 원의 성과금을 받았습니다."
    },
    "anno_text_data": {
        "data": [
            {
                "index": 0,
                "raw": "\"엉킨 실타래는 생각보다 단순하게 풀린다\"\n\n벤치마킹한 특허 내용과는 다른 배합 방식을 적용해 정부 과제의 목표를 성공적으로 달성한 경험이 있습니다.\n\n한국OOOOOO의 인턴으로 활동하면서 ‘섬유복합재용 Si계 무기고분자 합성’ 과제를 담당했습니다. 과제의 목표는 프리프레그 제조가 가능할 정도의 성형성과 800도 내열성을 갖는 섬유강화복합재를 확보하는 것이었습니다.\n과제 진행 초기에는 벤치마킹한 특허를 토대로 배합비를 설정하여 바인더의 물성을 확보하려 했으나, 용매의 함량이 너무 적고 흄드 실리카의 비표면적이 매우 넓어 균일한 혼합이 불가능했습니다. 이 문제를 해결하고자 적용 가능한 원재료와 실험 관련 문헌을 꼼꼼히 조사했고, 생각지도 못한 ‘화장품용 실리카 분말’을 적용했을 때 문제를 해결할 수 있었습니다. 소량의 계면활성제와 오토클레이브 공정을 추가하여 과제의 최종목표를 성공적으로 달성할 수 있었고, 수행한 과제의 연구공로를 인정받아 150만 원의 성과금을 받았습니다.",
                "class": "창의력을 가진,문제해결능력이 뛰어난"
            }
        ]
    }
}