{
    "meta": {
        "text_raw": "대학생활 동안 159시간이라는 자원봉사활동을 했습니다. 가장 기억에 남는 것은 청소년봉사단에서 아이들의 교육을 담당했습니다.\n초등학생들을 공부지도하게 되었는데, 교육환경이 너무 열악했습니다. 아이들은 가정환경도 넉넉지 않아 보였지만, 학구열이 있었습니다. 도서구매를 요청하였으나, 금전적인 지원은 더는 할 수 없다 하였고, 문제집화나 구하지 못하는 아이들에게, 초등학교중학교 다녔던 학원에 가서 남는 문제집을 받아왔고, 기출문제 등을 인쇄하였고, 부족한 부분은 도서관에서 문제집을 빌리 기도했습니다. 다음 봉사자를 위해, 제가 한 방식을 컴퓨터에 남기기도 했습니다.\n다른 사람을 위하는 일을 할 때, 창피함보다는 떳떳할 수 있다는 것을 알게 되었고, 절실할 때야말로 여러 방법을 색칠한다는 것을 깨닫게 되었습니다."
    },
    "anno_text_data": {
        "data": [
            {
                "index": 0,
                "raw": "대학생활 동안 159시간이라는 자원봉사활동을 했습니다. 가장 기억에 남는 것은 청소년봉사단에서 아이들의 교육을 담당했습니다.\n초등학생들을 공부지도하게 되었는데, 교육환경이 너무 열악했습니다. 아이들은 가정환경도 넉넉지 않아 보였지만, 학구열이 있었습니다. 도서구매를 요청하였으나, 금전적인 지원은 더는 할 수 없다 하였고, 문제집화나 구하지 못하는 아이들에게, 초등학교중학교 다녔던 학원에 가서 남는 문제집을 받아왔고, 기출문제 등을 인쇄하였고, 부족한 부분은 도서관에서 문제집을 빌리 기도했습니다. 다음 봉사자를 위해, 제가 한 방식을 컴퓨터에 남기기도 했습니다.\n다른 사람을 위하는 일을 할 때, 창피함보다는 떳떳할 수 있다는 것을 알게 되었고, 절실할 때야말로 여러 방법을 색칠한다는 것을 깨닫게 되었습니다.",
                "class": "문제해결능력이 뛰어난,유연한 사고를 가진"
            }
        ]
    }
}