{
    "meta": {
        "text_raw": "좋아하는 분야에 몰두하여, 모르는 것이 없을 정도로 통달하는 장점이 있습니다. 취미로 식도락을 열성적으로 즐기는 저에게, 주변에서 ‘OOO’이라는 별명을 붙여주었습니다. 때로 완벽주의 성향 때문에 과제수행 시간이 길게 소요되곤 하는 단점은, 입사하여 OJT 교육을 받으며 직무전문성을 높이며 극복해가겠습니다."
    },
    "anno_text_data": {
        "data": [
            {
                "index": 0,
                "raw": "좋아하는 분야에 몰두하여, 모르는 것이 없을 정도로 통달하는 장점이 있습니다. 취미로 식도락을 열성적으로 즐기는 저에게, 주변에서 ‘OOO’이라는 별명을 붙여주었습니다. 때로 완벽주의 성향 때문에 과제수행 시간이 길게 소요되곤 하는 단점은, 입사하여 OJT 교육을 받으며 직무전문성을 높이며 극복해가겠습니다.",
                "class": "고도의 자기주도성을 가진"
            }
        ]
    }
}