{
    "meta": {
        "text_raw": "첨단소재로 탄소 중립을 실현하는 산업기술 R&D 기획자가 되겠습니다.\n입사 초기의 목표로 소재부품사업팀에 융화하여 담당 업무의 폭을 빠르게 넓히겠습니다. 우선, 업무수행에 필요한 문서 수/발신, 기록물 관리, 산업기술 평가관리법을 학습하여 R&D 기획평가에 필요한 기초적 업무를 익히겠습니다.\n\n입사 후 5년간 소속팀에서 익힌 산업기술과 평가관리법을 바탕으로 경량화 소재를 통한 탄소 저감 산업기술을 기획, 평가하고 싶습니다. 특히, 탄소섬유를 활용한 경량 소재 분야를 담당하고 싶습니다. 현재 탄소섬유의 개발 동향은 PAN계 탄소섬유의 기술 고도화로 인한 원가 경쟁력 확보에 중점을 두고 있습니다. 저는 PAN계 탄소섬유 제조법과 유사 공정인 탄화규소 섬유의 연구 동향, 더 나아가 섬유복합소재의 시장현황에 대해 잘 알고 있습니다. 보유한 배경정보를 기반으로 경량 소재의 사업성과 기술 수준을 평가하겠습니다.\n\n입사 후 10년간의 장기적 목표로 탄소섬유 복합소재의 보편화를 위한 사업을 기획하겠습니다. 경량복합소재 핵심기술을 개발한 중소/중견기업의 산업생태계를 조성하는 데 주력하고, 미래 모빌리티의 범용소재로 적용될 때의 경제적 효과를 고려하고 평가하겠습니다."
    },
    "anno_text_data": {
        "data": [
            {
                "index": 0,
                "raw": "첨단소재로 탄소 중립을 실현하는 산업기술 R&D 기획자가 되겠습니다.\n입사 초기의 목표로 소재부품사업팀에 융화하여 담당 업무의 폭을 빠르게 넓히겠습니다. 우선, 업무수행에 필요한 문서 수/발신, 기록물 관리, 산업기술 평가관리법을 학습하여 R&D 기획평가에 필요한 기초적 업무를 익히겠습니다.\n\n입사 후 5년간 소속팀에서 익힌 산업기술과 평가관리법을 바탕으로 경량화 소재를 통한 탄소 저감 산업기술을 기획, 평가하고 싶습니다. 특히, 탄소섬유를 활용한 경량 소재 분야를 담당하고 싶습니다. 현재 탄소섬유의 개발 동향은 PAN계 탄소섬유의 기술 고도화로 인한 원가 경쟁력 확보에 중점을 두고 있습니다. 저는 PAN계 탄소섬유 제조법과 유사 공정인 탄화규소 섬유의 연구 동향, 더 나아가 섬유복합소재의 시장현황에 대해 잘 알고 있습니다. 보유한 배경정보를 기반으로 경량 소재의 사업성과 기술 수준을 평가하겠습니다.\n\n입사 후 10년간의 장기적 목표로 탄소섬유 복합소재의 보편화를 위한 사업을 기획하겠습니다. 경량복합소재 핵심기술을 개발한 중소/중견기업의 산업생태계를 조성하는 데 주력하고, 미래 모빌리티의 범용소재로 적용될 때의 경제적 효과를 고려하고 평가하겠습니다.",
                "class": "비전을 제시하는,고도의 자기주도성을 가진"
            }
        ]
    }
}