{
    "meta": {
        "text_raw": "탄소 중립에 많은 관심을 가지고 연구에 임하였습니다.\n대학원 시절, 초고온용 고효율 경량 소재로 주목받는 탄화규소 섬유를 2년간 연구하면서 소재의 경량화를 통한 에너지 효율 향상에 대해 많은 관심을 가졌습니다. 또한, 인턴연구원 활동으로 산업부산물을 이용한 친환경 무시멘트 결합재를 연구하며, 시멘트 대체재를 활용한 온실가스 배출 저감에 관심을 가졌습니다. 세라믹 섬유와 시멘트 대체재를 다뤄온 연구 이력을 R&D 기획평가(재료) 직무에 적용하고자 구체적 계획을 세워 이행하겠습니다.좋은점 1\n\n먼저, 탄소 중립과 연관된 소재 기술의 연구현황과 기술 동향을 파악하여 문서화하겠습니다. 세부적으로 경량 소재, 에너지효율, 탄소 저감 등 키워드로 정렬하여 그에 맞는 특허, 시장 및 사업보고서를 시스템화하겠습니다. 이미 알고 있는 정보를 바탕으로 산업기술 R&D 사업을 분석한다면 더욱 효율적으로 관리할 수 있을 것입니다.\n소재 관련 국내외 학회, 전시회 및 세미나 등에 참석하여 다양한 분야의 연구자들과 활발히 소통하겠습니다. 과제 진행자와 관리자 간 더욱 유기적인 관계 맺어, 과제 수행에 꼭 필요한 기술적 수요를 분석하고 애로사항을 해결하겠습니다."
    },
    "anno_text_data": {
        "data": [
            {
                "index": 0,
                "raw": "탄소 중립에 많은 관심을 가지고 연구에 임하였습니다.\n대학원 시절, 초고온용 고효율 경량 소재로 주목받는 탄화규소 섬유를 2년간 연구하면서 소재의 경량화를 통한 에너지 효율 향상에 대해 많은 관심을 가졌습니다. 또한, 인턴연구원 활동으로 산업부산물을 이용한 친환경 무시멘트 결합재를 연구하며, 시멘트 대체재를 활용한 온실가스 배출 저감에 관심을 가졌습니다. 세라믹 섬유와 시멘트 대체재를 다뤄온 연구 이력을 R&D 기획평가(재료) 직무에 적용하고자 구체적 계획을 세워 이행하겠습니다.좋은점 1\n\n먼저, 탄소 중립과 연관된 소재 기술의 연구현황과 기술 동향을 파악하여 문서화하겠습니다. 세부적으로 경량 소재, 에너지효율, 탄소 저감 등 키워드로 정렬하여 그에 맞는 특허, 시장 및 사업보고서를 시스템화하겠습니다. 이미 알고 있는 정보를 바탕으로 산업기술 R&D 사업을 분석한다면 더욱 효율적으로 관리할 수 있을 것입니다.",
                "class": "데이터 기반의 의사결정을 하는,창의력을 가진"
            },
            {
                "index": 1,
                "raw": "소재 관련 국내외 학회, 전시회 및 세미나 등에 참석하여 다양한 분야의 연구자들과 활발히 소통하겠습니다. 과제 진행자와 관리자 간 더욱 유기적인 관계 맺어, 과제 수행에 꼭 필요한 기술적 수요를 분석하고 애로사항을 해결하겠습니다.",
                "class": "탄탄한 의사소통 능력을 가진"
            }
        ]
    }
}