{
    "meta": {
        "text_raw": "최근 원더케이의 '본인등판'이라는 콘텐츠를 가장 재밌게 시청했습니다. '본인등판'에서 뮤지션은 SNS에 본인의 이름을 검색합니다. 커뮤니티 게시글, 음원사이트 댓글 등을 읽으며 그 반응을 담는 인터뷰 콘텐츠입니다. 예컨대, 나무위키, 디씨인사이드, 힙합엘이, 인스타그램과 같은 플랫폼에 아티스트가 직접 접속하여 네티즌의 반응을 살핍니다. 또한 멜론과 같은 음원사이트에서 자신의 디스코그래피를 훑으며 앨범 당시의 비하인드 스토리를 공개하기도 합니다. 참신한 아이디어로 해당 콘텐츠는 평균 122만회의 높은 조회수를 기록 중입니다.\n\n이 콘텐츠를 재밌게 시청한 가장 큰 이유는 기존에 없던 방식으로 팬들의 궁금증을 효과적으로 해결했다는 점입니다. 팬들은 뮤지션이 댓글을 읽고 어떤 반응을 보일지 궁금해하기 마련입니다. 이 궁금증을 '본인등판'이라는 이름으로 해결하는 콘텐츠를 기획한 점이 참신했습니다. 팬들은 비록 자신이 남긴 댓글이 아닐지라도 간접적으로나마 아티스트와 소통하는 기분을 경험합니다. 또한, 뮤지션의 데뷔부터 현재까지의 디스코그래피를 훑으며 각 앨범 활동 당시 뮤지션 본인의 생각을 엿볼 수 있다는 점에서 소비자의 흥미를 자극합니다. 새로운 아이디어로 소비자들의 니즈를 충족시켜 높은 조회수로 이어진 좋은 사례입니다.\n\n하지만 이런 종류의 콘텐츠는 섭외된 아티스트의 인기와 역량에 따라 화제성이 크게 좌우된다는 점에서 명확한 한계점을 가집니다. 회차를 거듭할수록 인기 있는 뮤지션의 수가 고갈되고, 섭외는 점점 어려워집니다. 이를 극복하기 위해서는 섭외의 범위를 더 넓혀야합니다. 예컨대, 해외 뮤지션을 섭외하는 방법이 있습니다. 이를 위해서는 채널과 콘텐츠의 브랜딩화를 통해 인지도와 조회수를 더욱 올려야 할 것입니다. 또한, 섭외 영역을 뮤지션에 국한하지 않고 배우, 방송인, 나아가 대형 크리에이터까지 넓혀야 합니다. 이렇게 섭외의 폭을 넓힌다면 보다 더 지속적으로 콘텐츠를 생산할 수 있게 되고, 더 넓은 층의 소비자들을 타겟팅하여 끌어모을 수 있습니다."
    },
    "anno_text_data": {
        "data": [
            {
                "index": 0,
                "raw": "최근 원더케이의 '본인등판'이라는 콘텐츠를 가장 재밌게 시청했습니다. '본인등판'에서 뮤지션은 SNS에 본인의 이름을 검색합니다. 커뮤니티 게시글, 음원사이트 댓글 등을 읽으며 그 반응을 담는 인터뷰 콘텐츠입니다. 예컨대, 나무위키, 디씨인사이드, 힙합엘이, 인스타그램과 같은 플랫폼에 아티스트가 직접 접속하여 네티즌의 반응을 살핍니다. 또한 멜론과 같은 음원사이트에서 자신의 디스코그래피를 훑으며 앨범 당시의 비하인드 스토리를 공개하기도 합니다. 참신한 아이디어로 해당 콘텐츠는 평균 122만회의 높은 조회수를 기록 중입니다.\n\n이 콘텐츠를 재밌게 시청한 가장 큰 이유는 기존에 없던 방식으로 팬들의 궁금증을 효과적으로 해결했다는 점입니다. 팬들은 뮤지션이 댓글을 읽고 어떤 반응을 보일지 궁금해하기 마련입니다. 이 궁금증을 '본인등판'이라는 이름으로 해결하는 콘텐츠를 기획한 점이 참신했습니다. 팬들은 비록 자신이 남긴 댓글이 아닐지라도 간접적으로나마 아티스트와 소통하는 기분을 경험합니다. 또한, 뮤지션의 데뷔부터 현재까지의 디스코그래피를 훑으며 각 앨범 활동 당시 뮤지션 본인의 생각을 엿볼 수 있다는 점에서 소비자의 흥미를 자극합니다. 새로운 아이디어로 소비자들의 니즈를 충족시켜 높은 조회수로 이어진 좋은 사례입니다.",
                "class": "창의력을 가진,유연한 사고를 가진,다양한 의견을 수렴하는"
            },
            {
                "index": 1,
                "raw": "하지만 이런 종류의 콘텐츠는 섭외된 아티스트의 인기와 역량에 따라 화제성이 크게 좌우된다는 점에서 명확한 한계점을 가집니다. 회차를 거듭할수록 인기 있는 뮤지션의 수가 고갈되고, 섭외는 점점 어려워집니다. 이를 극복하기 위해서는 섭외의 범위를 더 넓혀야합니다. 예컨대, 해외 뮤지션을 섭외하는 방법이 있습니다. 이를 위해서는 채널과 콘텐츠의 브랜딩화를 통해 인지도와 조회수를 더욱 올려야 할 것입니다. 또한, 섭외 영역을 뮤지션에 국한하지 않고 배우, 방송인, 나아가 대형 크리에이터까지 넓혀야 합니다. 이렇게 섭외의 폭을 넓힌다면 보다 더 지속적으로 콘텐츠를 생산할 수 있게 되고, 더 넓은 층의 소비자들을 타겟팅하여 끌어모을 수 있습니다.",
                "class": "유연한 사고를 가진,비즈니스 마인드를 갖춘"
            }
        ]
    }
}