{
    "meta": {
        "text_raw": "재료공학도로 성장하여 전문성을 어필하고자 ‘SCI급 학술논문 1저자 게재’ 목표를 세워 석사과정에 임하였습니다.\n섬유화 공정에 필요한 이론과 지식을 쌓기 위해 100편 이상의 참고문헌을 학습하고, 폴리머 합성실험과 분석을 병행했습니다. 분기별로 진행한 연구 내용은 국내 학회에 참가하며 꾸준히 점검하였고, 학회 시즌이 끝난 다음 주에는 랩 세미나 시간을 활용해 동료들에게 내용을 공유하였습니다. 그 결과, ‘섬유 방사용 무기고분자 합성’ 관련 SCI급 해외학술지에 1 저자로 게재하는 성과를 낼 수 있었습니다.\n공단 입사 후, 경량소재부품 기업의 산업 활동을 지원하고 기술경쟁력을 키우는 데 집중하겠습니다. 차세대 먹거리 산업으로 친환경 모빌리티 시장이 빠르게 성장하고 있습니다. 석사 및 인턴활동 중 진행했던 섬유강화복합재 연구 경험을 바탕으로 탄소섬유를 적용한 경량복합소재 기업의 기술개발과 산학연 클러스터 형성을 지원하겠습니다."
    },
    "anno_text_data": {
        "data": [
            {
                "index": 0,
                "raw": "재료공학도로 성장하여 전문성을 어필하고자 ‘SCI급 학술논문 1저자 게재’ 목표를 세워 석사과정에 임하였습니다.\n섬유화 공정에 필요한 이론과 지식을 쌓기 위해 100편 이상의 참고문헌을 학습하고, 폴리머 합성실험과 분석을 병행했습니다. 분기별로 진행한 연구 내용은 국내 학회에 참가하며 꾸준히 점검하였고, 학회 시즌이 끝난 다음 주에는 랩 세미나 시간을 활용해 동료들에게 내용을 공유하였습니다. 그 결과, ‘섬유 방사용 무기고분자 합성’ 관련 SCI급 해외학술지에 1 저자로 게재하는 성과를 낼 수 있었습니다.\n공단 입사 후, 경량소재부품 기업의 산업 활동을 지원하고 기술경쟁력을 키우는 데 집중하겠습니다. 차세대 먹거리 산업으로 친환경 모빌리티 시장이 빠르게 성장하고 있습니다. 석사 및 인턴활동 중 진행했던 섬유강화복합재 연구 경험을 바탕으로 탄소섬유를 적용한 경량복합소재 기업의 기술개발과 산학연 클러스터 형성을 지원하겠습니다.",
                "class": "지속적인 성장을 추구하는,목표를 달성하는 능력을 갖춘"
            }
        ]
    }
}