{
    "meta": {
        "text_raw": "학부 시절, 소재 기술이 에너지 산업의 미래를 책임질 핵심 기술이 될 것이라는 지도교수님의 말씀이 가슴 깊이 와 닿았습니다. 수소차에 적용되는 핵심 동력원인 연료전지, 소재의 경량화로 에너지 효율을 높여 친환경 미래 모빌리티 산업에 혁신을 일으킨 경량 복합소재, 이처럼 표면적으로 드러나진 않지만, 제품의 성능을 좌우하는 재료공학이 매력적으로 느껴졌습니다. 무기섬유 복합재 분야, 시멘트 대체재료를 연구하며 쌓아온 저의 소재역량은 에너지 기술산업의 미래가치를 창출하는 데 도움이 될 것입니다. 한국에너지기술평가원의 일원이 되어 제가 가진 가치를 증명해 보이겠습니다. 입사 후 첨단소재로 탄소 중립을 실현하는 에너지기술 R&D 기획자가 되겠습니다.\n\n단기적으로는 기술평가 관리법, 기록물 관리 등 R&D 기획평가에 필요한 기초적 업무를 익히고, 수행 중인 정책과제의 진행 현황을 파악하겠습니다. 이후 5년간은 탄소섬유를 활용한 에너지 효율, 저장소재 분야를 담당하여 사업성과 기술 수준을 평가하겠습니다. 궁극적으로 경량복합소재의 핵심기술을 개발한 중소/중견기업의 산업생태계를 조성하는 데 주력하고, 미래 모빌리티의 범용소재로 적용될 때의 경제적 효과를 고려하고 평가하겠습니다."
    },
    "anno_text_data": {
        "data": [
            {
                "index": 0,
                "raw": "학부 시절, 소재 기술이 에너지 산업의 미래를 책임질 핵심 기술이 될 것이라는 지도교수님의 말씀이 가슴 깊이 와 닿았습니다. 수소차에 적용되는 핵심 동력원인 연료전지, 소재의 경량화로 에너지 효율을 높여 친환경 미래 모빌리티 산업에 혁신을 일으킨 경량 복합소재, 이처럼 표면적으로 드러나진 않지만, 제품의 성능을 좌우하는 재료공학이 매력적으로 느껴졌습니다. 무기섬유 복합재 분야, 시멘트 대체재료를 연구하며 쌓아온 저의 소재역량은 에너지 기술산업의 미래가치를 창출하는 데 도움이 될 것입니다. 한국에너지기술평가원의 일원이 되어 제가 가진 가치를 증명해 보이겠습니다. 입사 후 첨단소재로 탄소 중립을 실현하는 에너지기술 R&D 기획자가 되겠습니다.\n\n단기적으로는 기술평가 관리법, 기록물 관리 등 R&D 기획평가에 필요한 기초적 업무를 익히고, 수행 중인 정책과제의 진행 현황을 파악하겠습니다. 이후 5년간은 탄소섬유를 활용한 에너지 효율, 저장소재 분야를 담당하여 사업성과 기술 수준을 평가하겠습니다. 궁극적으로 경량복합소재의 핵심기술을 개발한 중소/중견기업의 산업생태계를 조성하는 데 주력하고, 미래 모빌리티의 범용소재로 적용될 때의 경제적 효과를 고려하고 평가하겠습니다.",
                "class": "지속적인 성장을 추구하는,비전을 제시하는"
            }
        ]
    }
}