{
    "meta": {
        "text_raw": "‘OOO’에서 일하며, 수험교재 신간 홍보채널을 확장하고 판매 부수 증가에 기여한 적이 있습니다. 교육과정 개정에 발맞추어 연초마다 새롭게 출간되는 수험교재 특성상, 전년도와 비교한 매출액 증감이 가시적으로 드러났습니다. 판매량과 매출액이 전년도에 비해 부진하여, 회의 끝에 홍보방식 혁신이 필요하다는 결론을 내렸습니다.\n\n저는 기존의 텍스트 기반 광고방식에서 나아가, 유튜브와 영상매체로 홍보하는 방향을 제안했습니다. 정보수집 과정에서 포털 검색 서비스에 의존하고 영상 콘텐츠를 부수적으로 활용하는 20대와 달리, 10대는 동영상과 멀티미디어를 제1의 정보수집 경로로 이용한다는 점을 알고 있었습니다. 또한 검색 서비스를 이용할 때에도 주로 해시태그(#)로 검색하며, 해시태그를 활용하여 자발적으로 다양한 챌린지에 참여하는 행동이 콘텐츠 홍보로 이어진다는 트렌드를 활용하고자 했습니다."
    },
    "anno_text_data": {
        "data": [
            {
                "index": 0,
                "raw": "‘OOO’에서 일하며, 수험교재 신간 홍보채널을 확장하고 판매 부수 증가에 기여한 적이 있습니다. 교육과정 개정에 발맞추어 연초마다 새롭게 출간되는 수험교재 특성상, 전년도와 비교한 매출액 증감이 가시적으로 드러났습니다. 판매량과 매출액이 전년도에 비해 부진하여, 회의 끝에 홍보방식 혁신이 필요하다는 결론을 내렸습니다.",
                "class": "데이터 기반의 의사결정을 하는"
            },
            {
                "index": 1,
                "raw": "저는 기존의 텍스트 기반 광고방식에서 나아가, 유튜브와 영상매체로 홍보하는 방향을 제안했습니다. 정보수집 과정에서 포털 검색 서비스에 의존하고 영상 콘텐츠를 부수적으로 활용하는 20대와 달리, 10대는 동영상과 멀티미디어를 제1의 정보수집 경로로 이용한다는 점을 알고 있었습니다. 또한 검색 서비스를 이용할 때에도 주로 해시태그(#)로 검색하며, 해시태그를 활용하여 자발적으로 다양한 챌린지에 참여하는 행동이 콘텐츠 홍보로 이어진다는 트렌드를 활용하고자 했습니다.",
                "class": "유연한 사고를 가진,창의력을 가진"
            }
        ]
    }
}