{
    "meta": {
        "text_raw": "1. ‘섬유 방사용 무기고분자 합성’ 관련 SCI급 해외 학술지(Ceramics International, IF: OOO) 논문 1 저자 게재\n- 세라믹 섬유의 연구개발 역사, 최신 국내/외 개발 동향 조사, 적용 분야 및 무기섬유 관련 전문지식 습득\n- 세라믹섬유복합재의 산업 동향 조사, 핵심 공정 기술 습득 및 물성 평가\n\n2. 국내/외 학회, 전시회 다수 참석 및 발표\n- 18-19 춘/추계 OOOOOOO (포스터 3회, 구두 1회 발표): 세라믹 산업기술 분석, 무기소재 연구 분야의 전문지식 습득\n- OOOOO 2018(OOOOOOO학회), OOO OOOO 2019(OO OOOO 전시회): 국방, 항공 및 탄소 소재의 최신기술동향 파악, 세계의 복합소재 시장 조사, 기업별 사업화 아이템 분석\n\n3. 한국OOOOOO 에너지환경본부 인턴연구원 활동\n- ‘Si계 무기고분자인 지오폴리머 합성 및 섬유복합재 제조’ 과제 수행\n- 원료 배합, 경화, 열처리와 가공 및 분석 등 무시멘트 결합재의 공정 지식 습득\n- 시멘트 대체 원료 개발현황 조사, 공정효율 향상을 위한 문헌 조사, 차후 kick-off 과제의 실험파트 작성"
    },
    "anno_text_data": {
        "data": [
            {
                "index": 0,
                "raw": "1. ‘섬유 방사용 무기고분자 합성’ 관련 SCI급 해외 학술지(Ceramics International, IF: OOO) 논문 1 저자 게재\n- 세라믹 섬유의 연구개발 역사, 최신 국내/외 개발 동향 조사, 적용 분야 및 무기섬유 관련 전문지식 습득\n- 세라믹섬유복합재의 산업 동향 조사, 핵심 공정 기술 습득 및 물성 평가\n\n2. 국내/외 학회, 전시회 다수 참석 및 발표\n- 18-19 춘/추계 OOOOOOO (포스터 3회, 구두 1회 발표): 세라믹 산업기술 분석, 무기소재 연구 분야의 전문지식 습득\n- OOOOO 2018(OOOOOOO학회), OOO OOOO 2019(OO OOOO 전시회): 국방, 항공 및 탄소 소재의 최신기술동향 파악, 세계의 복합소재 시장 조사, 기업별 사업화 아이템 분석\n\n3. 한국OOOOOO 에너지환경본부 인턴연구원 활동\n- ‘Si계 무기고분자인 지오폴리머 합성 및 섬유복합재 제조’ 과제 수행\n- 원료 배합, 경화, 열처리와 가공 및 분석 등 무시멘트 결합재의 공정 지식 습득\n- 시멘트 대체 원료 개발현황 조사, 공정효율 향상을 위한 문헌 조사, 차후 kick-off 과제의 실험파트 작성",
                "class": "지속적인 성장을 추구하는,목표를 달성하는 능력을 갖춘"
            }
        ]
    }
}