{
    "meta": {
        "text_raw": "저는 LG화학에 입사하여 '책임감 있는 엔지니어'가 되고자 합니다. 학부 시절, 자율주행전기차개론과 스마트그리드공학이라는 강의를 수강하며 배터리의 중요성을 알게 되었습니다. 스마트 그리드가 발전함에 따라 ESS와 전기자동차의 중요성이 더욱 대두되고 있으며, LG화학은 그러한 사업을 이끌어 나가는 핵심기업이란 것을 알게 되었습니다.\n\n대한민국의 한명의 전기공학도로서 스마트그리드를 이끌어나갈 수 있는 인재가 되기 위하여 저는 다양한 전공과목을 수강하고 전기기사, 전기공사기사와 같은 자격증을 취득하여 전공에 대한 전문성을 길렀습니다. 보고 듣는 것만으로는 실무에 대한 이해도를 기르기에 한계를 느꼈기에, 천연가스설비의 유지,보수 업무를 담당하는 한국가스기술공사의 계전부에서 3개월간 인턴으로서 근무하며 전동기와 변압기 등의 경정비 보조작업을 수행하며 실무에 대한 이해도를 길렀습니다.\n\n한국가스기술공사에서의 인턴 경험으로써 저는 안전과 사고 예방에 대한 중요성을 알게 되었습니다. 스마트그리드가 발전함에 따라 다양한 전기 설비들이 늘어나고 있습니다. 하지만 설비는 단순히 늘어나는 것만이 좋은 것이 아닌 그 수가 증가함에 따라 그에 대한 유지, 보수 작업 또한 필수적이라고 생각합니다. 제가 쌓아온 이러한 지식과 경험을 바탕으로 스마트그리드의 핵심이 될 배터리 산업의 대가, LG화학의 발전에 기여하겠습니다."
    },
    "anno_text_data": {
        "data": [
            {
                "index": 0,
                "raw": "저는 LG화학에 입사하여 '책임감 있는 엔지니어'가 되고자 합니다. 학부 시절, 자율주행전기차개론과 스마트그리드공학이라는 강의를 수강하며 배터리의 중요성을 알게 되었습니다. 스마트 그리드가 발전함에 따라 ESS와 전기자동차의 중요성이 더욱 대두되고 있으며, LG화학은 그러한 사업을 이끌어 나가는 핵심기업이란 것을 알게 되었습니다.\n\n대한민국의 한명의 전기공학도로서 스마트그리드를 이끌어나갈 수 있는 인재가 되기 위하여 저는 다양한 전공과목을 수강하고 전기기사, 전기공사기사와 같은 자격증을 취득하여 전공에 대한 전문성을 길렀습니다. 보고 듣는 것만으로는 실무에 대한 이해도를 기르기에 한계를 느꼈기에, 천연가스설비의 유지,보수 업무를 담당하는 한국가스기술공사의 계전부에서 3개월간 인턴으로서 근무하며 전동기와 변압기 등의 경정비 보조작업을 수행하며 실무에 대한 이해도를 길렀습니다.\n\n한국가스기술공사에서의 인턴 경험으로써 저는 안전과 사고 예방에 대한 중요성을 알게 되었습니다. 스마트그리드가 발전함에 따라 다양한 전기 설비들이 늘어나고 있습니다. 하지만 설비는 단순히 늘어나는 것만이 좋은 것이 아닌 그 수가 증가함에 따라 그에 대한 유지, 보수 작업 또한 필수적이라고 생각합니다. 제가 쌓아온 이러한 지식과 경험을 바탕으로 스마트그리드의 핵심이 될 배터리 산업의 대가, LG화학의 발전에 기여하겠습니다.",
                "class": "지속적인 성장을 추구하는,비전을 제시하는,고도의 자기주도성을 가진,목표를 달성하는 능력을 갖춘"
            }
        ]
    }
}