{
    "meta": {
        "text_raw": "제 이타심을 최대한 활용할 기회라 생각해 지원하게 되었습니다. 또한, 병원을 찾는 모든 사람이 병원이 제공하는 서비스를 원활하게 이용하는 것이 입사 후 실천하고 싶은 목표입니다. 그렇기에 제가 가진 역량 중 하나인 원활한 의사소통을 활용한다면, 다양한 사람이 모인 조직이 하나로 뭉쳐 다른 병원과 차별화된 서비스를 제공할 수 있다고 생각합니다. 매사 적극적으로 행동해 최대한 많은 사람에게 도움을 줄 수 있는 인재가 되도록 노력하겠습니다."
    },
    "anno_text_data": {
        "data": [
            {
                "index": 0,
                "raw": "제 이타심을 최대한 활용할 기회라 생각해 지원하게 되었습니다. 또한, 병원을 찾는 모든 사람이 병원이 제공하는 서비스를 원활하게 이용하는 것이 입사 후 실천하고 싶은 목표입니다. 그렇기에 제가 가진 역량 중 하나인 원활한 의사소통을 활용한다면, 다양한 사람이 모인 조직이 하나로 뭉쳐 다른 병원과 차별화된 서비스를 제공할 수 있다고 생각합니다. 매사 적극적으로 행동해 최대한 많은 사람에게 도움을 줄 수 있는 인재가 되도록 노력하겠습니다.",
                "class": "다양한 의견을 수렴하는,문제해결능력이 뛰어난,탄탄한 의사소통 능력을 가진,적극적인"
            }
        ]
    }
}