{
    "meta": {
        "text_raw": "해외여행 중 1박2일간의 트레킹에서 조직 내 갈등을 겪고 해결한 경험이 있습니다. 10명이 트레킹에 참여했으며 그들은 각자 언어, 국적 모두 다양한 사람들이였습니다. 한가지 공통점은 목표지점까지 계획된 시간 내 완주하는 것 이였습니다. 하지만 하루에 10시간씩 꼬박 이틀을 걸어야했기 때문에 체력적으로 쉽지않은 도전이였습니다.\n이튿날 일정도중 한명이 첫날 무리한 이유로 발에 통증을 느껴 활동에 지장이 생겼습니다. 때문에 휴식시간을 자주 가질 수 밖에 없었고 예정된 계획대로 트레킹을 마무리 하기에는 무리가 있었습니다. 지체가 반복되자 저마다 불편함을 드러내기 시작했습니다."
    },
    "anno_text_data": {
        "data": [
            {
                "index": 0,
                "raw": "해외여행 중 1박2일간의 트레킹에서 조직 내 갈등을 겪고 해결한 경험이 있습니다. 10명이 트레킹에 참여했으며 그들은 각자 언어, 국적 모두 다양한 사람들이였습니다. 한가지 공통점은 목표지점까지 계획된 시간 내 완주하는 것 이였습니다. 하지만 하루에 10시간씩 꼬박 이틀을 걸어야했기 때문에 체력적으로 쉽지않은 도전이였습니다.\n이튿날 일정도중 한명이 첫날 무리한 이유로 발에 통증을 느껴 활동에 지장이 생겼습니다. 때문에 휴식시간을 자주 가질 수 밖에 없었고 예정된 계획대로 트레킹을 마무리 하기에는 무리가 있었습니다. 지체가 반복되자 저마다 불편함을 드러내기 시작했습니다.",
                "class": "문제해결능력이 뛰어난,탄탄한 의사소통 능력을 가진"
            }
        ]
    }
}