{
    "meta": {
        "text_raw": "\"성공적인 세미나 준비하기\"\n\n한국OOOOOOOOO OOOO장비 OOOO팀 인턴에서 글로벌 5개국 소재부품장비의 현황조사 세미나를 준비했습니다. 선임의 도움을 받아 한글로 문서 정리를 통해 설명을 하는 것을 생각했습니다. 하지만 선임은 세미나 준비는 PPT 자료로 준비하는 것은 자료 이해에 도움이 된다고 조언했습니다. 그래서 PPT를 어떻게 구성할지 와 도표를 어떻게 구성할지 고민을 했습니다. PPT 작성을 슬라이드마다 연결성 있게 구성을 하는 것이 중요하다고 생각했습니다. 그래서 자료에 대한 요약과 거시적인 관점에서 현황 파악 및 결과를 도출하고 항목별로 세부적으로 설명하는 형식으로 구성했니다.\n\nUN의 통계 기준을 제시할 때 HS10이 아닌 HS6로 한 이유의 설명을 구성했습니다. 그 후에 주요 5개국의 소재 부품의 수출 현황을 도표화했습니다. 부품 소재의 산업 군 글로벌 시장 점유율 및 대세계 별 수출 현황을 소재부품별로 명확히 파악 및 분석한 자료를 구성했습니다. 주요 5개국 별로 산업 군 의존도 결과를 통해 소재부품에서 어떤 산업의 의존도가 높은지 와 강점과 단점을 파악했습니다. 한국은 특히 전자산업 부품 의존도가 50% 이상이고 부품의 수입이 높습니다. 그래서 다른 부품 소재 산업의 육성을 통해 다각화된 부품산업의 글로벌 경쟁력을 확보를 해야 한다고 방향성을 제시했습니다. 일본은 한국에 비해 수출 3대 품목은 한국보다 낮지만 균형적인 다각화된 산업 편중도를 갖고 있습니다.\n\n한국은 중국의 성장에 따른 위협에 고객의 니즈에 맞는 품질 경쟁력을 확보하는 것을 제안했습니다. K-9 자주포 사례를 통해 합리적인 가격에 해당 군 수요를 충족하는 성능을 통해 글로벌 시장을 선도하는 근거를 제시했습니다. 그래서 독일, 일본, 미국은 가격 경쟁력이 약하기 때문에 그 부분에 대한 경쟁력을 확보하고 해당 니즈에 맞게 최적화된 품질 경쟁력을 확보하는 것을 제안했습니다. 그 결과 세미나 발표에서 직원에게 해당 산업 군에 현황 분석과 이해도가 높다는 칭찬을 받았습니다."
    },
    "anno_text_data": {
        "data": [
            {
                "index": 0,
                "raw": "\"성공적인 세미나 준비하기\"\n\n한국OOOOOOOOO OOOO장비 OOOO팀 인턴에서 글로벌 5개국 소재부품장비의 현황조사 세미나를 준비했습니다. 선임의 도움을 받아 한글로 문서 정리를 통해 설명을 하는 것을 생각했습니다. 하지만 선임은 세미나 준비는 PPT 자료로 준비하는 것은 자료 이해에 도움이 된다고 조언했습니다. 그래서 PPT를 어떻게 구성할지 와 도표를 어떻게 구성할지 고민을 했습니다. PPT 작성을 슬라이드마다 연결성 있게 구성을 하는 것이 중요하다고 생각했습니다. 그래서 자료에 대한 요약과 거시적인 관점에서 현황 파악 및 결과를 도출하고 항목별로 세부적으로 설명하는 형식으로 구성했니다.\n\nUN의 통계 기준을 제시할 때 HS10이 아닌 HS6로 한 이유의 설명을 구성했습니다. 그 후에 주요 5개국의 소재 부품의 수출 현황을 도표화했습니다. 부품 소재의 산업 군 글로벌 시장 점유율 및 대세계 별 수출 현황을 소재부품별로 명확히 파악 및 분석한 자료를 구성했습니다. 주요 5개국 별로 산업 군 의존도 결과를 통해 소재부품에서 어떤 산업의 의존도가 높은지 와 강점과 단점을 파악했습니다. 한국은 특히 전자산업 부품 의존도가 50% 이상이고 부품의 수입이 높습니다. 그래서 다른 부품 소재 산업의 육성을 통해 다각화된 부품산업의 글로벌 경쟁력을 확보를 해야 한다고 방향성을 제시했습니다. 일본은 한국에 비해 수출 3대 품목은 한국보다 낮지만 균형적인 다각화된 산업 편중도를 갖고 있습니다.\n\n한국은 중국의 성장에 따른 위협에 고객의 니즈에 맞는 품질 경쟁력을 확보하는 것을 제안했습니다. K-9 자주포 사례를 통해 합리적인 가격에 해당 군 수요를 충족하는 성능을 통해 글로벌 시장을 선도하는 근거를 제시했습니다. 그래서 독일, 일본, 미국은 가격 경쟁력이 약하기 때문에 그 부분에 대한 경쟁력을 확보하고 해당 니즈에 맞게 최적화된 품질 경쟁력을 확보하는 것을 제안했습니다. 그 결과 세미나 발표에서 직원에게 해당 산업 군에 현황 분석과 이해도가 높다는 칭찬을 받았습니다.",
                "class": "데이터 기반의 의사결정을 하는,문제해결능력이 뛰어난"
            }
        ]
    }
}