{
    "meta": {
        "text_raw": "\"진짜 목표를 향한 재도전\"\n\n고등학교 3학년 수능에서 목표했던 결과에 현저히 못 미치는 점수를 받았습니다. 간호사가 되겠다는 진로 계획은 전혀 없었 지만, 밑져야 본전이라는 학교와 담임 선생님의 권유에 따라 OO대학교 OO대학에 하향지원했습니다. 그저 시험삼아 제출해 본 원서였지만 합격하게 되었고, 주변의 모든 사람들이 저를 설득하기 시작했습니다. 이전까지는 그저 순종적인 학생이었지만, 그 순간만큼은 부모님과 선생님들의 의견을 따를 수 없었습니다. 적성도 진로도 맞지 않는 과에 입학하기 위해 자신을 재해석하고 합리화하는 것은 옳지 않다고 생각했습니다. 또한, 노력으로 반드시 목표를 달성할 수 있다는 자신감이 있었기 때문에, 그렇게 쉽게 자신의 한계를 규정짓고 싶지 않았습니다. 결국 1년 후, 목표한 대학 및 학과에 입학할 수 있었습니다.\n\n채 20살이 되기 전에 겪은 위 경험을 통해 얻은 교훈은, 현실과 타협하지 않는 도전정신으로 목표를 달성해내는 것을 내용으로 하는 현대정신인 '강인한 추진력' 에 해당한다고 생각합니다. 그렇기 때문에, 결과적으로 성공했다는 것만큼이나, 도전을 시도한 과정 자체에 훨씬 의미가 있는 경험이었습니다. 현대미포조선에 입사한 후에도 많은 어려움이 있을 것입니다. 하지만 그에 굴하 지 않고 항상 스스로에게 도전하는 신입사원이 되겠습니다.\n\n\"이전에 없었던 한복데이 축제 기획\"\n\n한옥마을은 전주에서 손꼽히는 관광명소이지만, 2012년에는 한복을 입고 돌아다니는 사람들을 찾아보기 어려웠습니다. 우리 옷을 입는 것이 거추장스럽고 창피하다는 인식을 개선하고자, 특정한 날에 한복을 무료로 대여해주는 한복데이 2회 축제 기획활동에 참여하였습니다. 그런데 기획 과정에서 문제가 발생하였습니다. 전보다 축제 규모가 커져 훨씬 많은 한복을 준비해야했는데, 관리 소홀로 1회 때 빌려놓은 한복이 못 쓰게 된 것이었습니다. 한복을 새로 대여하기 위해 수소문한 결과, 한복집 사장님들께서는 조건으로 큰 홍보효과를 원하셨습니다. 하지만, 저희가 활용할 수 있는 기존의 수단인 전단지나 현수막에 업체명을 기재하는 정도로는 만족하시지 못한다는 점이 큰 걸림돌이 되었습니다.\n\n저희는 고심 끝에, 지역 방송에 출연하는 것을 시도해보기로 하였습니다. 홍보 차원에서 분명 색다른 시도였지만, 가능성에 대해서는 회의적인 의견이 대다수였습니다. 하지만 성공한다면 저희 축제뿐 아니라 한옥마을과 한복 자체의 이미지도 향상시킬 수 있는 좋은 기회라 생각하였습니다. 길고 지난한 과정 끝에 'OOOOOOO'측과 연결되었고, 기획의도 및 축제 내용 등 을 상세히 설명한 후 출연확정사인을 받을 수 있었습니다. 이후 한복집들을 재차 방문하였을 때는 질 높고 고급스러운 한복들을 다수 빌릴 수 있었고, 축제 또한 성공적으로 마무리되었습니다. 이후 촬영분이 방송되면서, 한복집 사장님들께 약속드린 홍보효과 또한 지킬 수 있었습니다.\n\n현대미포조선에 입사한 후에도, 해결하기 어려운 문제와 상황들을 수없이 마주하게 될 것입니다. 위 사례에서 이전에 시도하지 않은 방법을 통해 축제의 성공을 이루어낸 것과 같이, 기존의 방식과 사고의 한계를 극복하기 위해 언제나 먼저 행동하는 신입사원이 되겠습니다."
    },
    "anno_text_data": {
        "data": [
            {
                "index": 0,
                "raw": "\"진짜 목표를 향한 재도전\"\n\n고등학교 3학년 수능에서 목표했던 결과에 현저히 못 미치는 점수를 받았습니다. 간호사가 되겠다는 진로 계획은 전혀 없었 지만, 밑져야 본전이라는 학교와 담임 선생님의 권유에 따라 OO대학교 OO대학에 하향지원했습니다. 그저 시험삼아 제출해 본 원서였지만 합격하게 되었고, 주변의 모든 사람들이 저를 설득하기 시작했습니다. 이전까지는 그저 순종적인 학생이었지만, 그 순간만큼은 부모님과 선생님들의 의견을 따를 수 없었습니다. 적성도 진로도 맞지 않는 과에 입학하기 위해 자신을 재해석하고 합리화하는 것은 옳지 않다고 생각했습니다. 또한, 노력으로 반드시 목표를 달성할 수 있다는 자신감이 있었기 때문에, 그렇게 쉽게 자신의 한계를 규정짓고 싶지 않았습니다. 결국 1년 후, 목표한 대학 및 학과에 입학할 수 있었습니다.\n\n채 20살이 되기 전에 겪은 위 경험을 통해 얻은 교훈은, 현실과 타협하지 않는 도전정신으로 목표를 달성해내는 것을 내용으로 하는 현대정신인 '강인한 추진력' 에 해당한다고 생각합니다. 그렇기 때문에, 결과적으로 성공했다는 것만큼이나, 도전을 시도한 과정 자체에 훨씬 의미가 있는 경험이었습니다. 현대미포조선에 입사한 후에도 많은 어려움이 있을 것입니다. 하지만 그에 굴하 지 않고 항상 스스로에게 도전하는 신입사원이 되겠습니다.",
                "class": "목표를 달성하는 능력을 갖춘,고도의 자기주도성을 가진"
            },
            {
                "index": 1,
                "raw": "\"이전에 없었던 한복데이 축제 기획\"\n\n한옥마을은 전주에서 손꼽히는 관광명소이지만, 2012년에는 한복을 입고 돌아다니는 사람들을 찾아보기 어려웠습니다. 우리 옷을 입는 것이 거추장스럽고 창피하다는 인식을 개선하고자, 특정한 날에 한복을 무료로 대여해주는 한복데이 2회 축제 기획활동에 참여하였습니다. 그런데 기획 과정에서 문제가 발생하였습니다. 전보다 축제 규모가 커져 훨씬 많은 한복을 준비해야했는데, 관리 소홀로 1회 때 빌려놓은 한복이 못 쓰게 된 것이었습니다. 한복을 새로 대여하기 위해 수소문한 결과, 한복집 사장님들께서는 조건으로 큰 홍보효과를 원하셨습니다. 하지만, 저희가 활용할 수 있는 기존의 수단인 전단지나 현수막에 업체명을 기재하는 정도로는 만족하시지 못한다는 점이 큰 걸림돌이 되었습니다.",
                "class": "고도의 자기주도성을 가진"
            },
            {
                "index": 2,
                "raw": "저희는 고심 끝에, 지역 방송에 출연하는 것을 시도해보기로 하였습니다. 홍보 차원에서 분명 색다른 시도였지만, 가능성에 대해서는 회의적인 의견이 대다수였습니다. 하지만 성공한다면 저희 축제뿐 아니라 한옥마을과 한복 자체의 이미지도 향상시킬 수 있는 좋은 기회라 생각하였습니다. 길고 지난한 과정 끝에 'OOOOOOO'측과 연결되었고, 기획의도 및 축제 내용 등 을 상세히 설명한 후 출연확정사인을 받을 수 있었습니다. 이후 한복집들을 재차 방문하였을 때는 질 높고 고급스러운 한복들을 다수 빌릴 수 있었고, 축제 또한 성공적으로 마무리되었습니다. 이후 촬영분이 방송되면서, 한복집 사장님들께 약속드린 홍보효과 또한 지킬 수 있었습니다.\n\n현대미포조선에 입사한 후에도, 해결하기 어려운 문제와 상황들을 수없이 마주하게 될 것입니다. 위 사례에서 이전에 시도하지 않은 방법을 통해 축제의 성공을 이루어낸 것과 같이, 기존의 방식과 사고의 한계를 극복하기 위해 언제나 먼저 행동하는 신입사원이 되겠습니다.",
                "class": "창의력을 가진,유연한 사고를 가진,탄탄한 의사소통 능력을 가진"
            }
        ]
    }
}