{
    "meta": {
        "text_raw": "\"삼성전자의 4차 산업혁명의 뿌리는 인공지능, 빅스비\"\n\n4차 산업혁명은 고성능 반도체 없이는 이룰 수는 없습니다. 삼성전자는 세계 1위 메모리 분야에서 이제는 시스템 반도체로 관심을 옮겨 2030년 세계 1위 달성이라는 '반도체 비전 2030'으로 그 의지를 발표하였습니다. 이미 시스템 반도체에서 유의미한 성과를 거두고 있는 삼성전자는 다가올 4차 산업혁명에 초미세공정을 시작으로 새로운 고성능 반도체 시장을 선점하여 이끌 것입니다. \n\n이를 위해서는 4차 산업혁명의 뿌리에 집중해야 한다고 생각합니다. 그 뿌리는 인공지능 바로 AI라고 생각합니다. AI 관련 선행연구 기능을 더 강화해야 합니다. 삼성전자는 현재 한국, 미국, 영국, 캐나다, 러시아 등 5개국에 연구센터를 두고 깊이 있는 연구를 진행하고 있습니다. 그에 맞춰 인재 영입 또한 진행되고 있음을 알고 있습니다.\n\n모든 스마트기기에 AI 적용하기 위해서 AI 빅스비를 개선해야 합니다. 자체 연구소에 한하지 않고 다른 시각에서도 바라볼 수 있는 여러 스타트업들의 인공지능 성과를 협업 혹은 인수를 통해서 그 영역을 넓혀야 한다고 생각합니다.\n또한, 영입된 유능한 인재들의 유출을 막기 위한 노력도 필요하다고 생각합니다.\n\n마지막으로 로봇 개발에도 힘써야 합니다. CES 2019에서 '삼성봇'과 '웨어러블 보행 보조 로봇'을 공개하였고 CES(2020)에선 '볼리'를 보여주며 짧은 시간에 빠른 성장을 보여주었습니다. 분명 가정 내 스마트기기와 연결하여 각종 수행을 합니다. 하지만 더 나아가 사용자의 데이터를 축적하여 응급상황 등 예상하지 못한 사항에도 AI 스스로 판단하여 홈 관리도 가능한 측면으로도 더 발전해야 한다고 생각합니다."
    },
    "anno_text_data": {
        "data": [
            {
                "index": 0,
                "raw": "\"삼성전자의 4차 산업혁명의 뿌리는 인공지능, 빅스비\"\n\n4차 산업혁명은 고성능 반도체 없이는 이룰 수는 없습니다. 삼성전자는 세계 1위 메모리 분야에서 이제는 시스템 반도체로 관심을 옮겨 2030년 세계 1위 달성이라는 '반도체 비전 2030'으로 그 의지를 발표하였습니다. 이미 시스템 반도체에서 유의미한 성과를 거두고 있는 삼성전자는 다가올 4차 산업혁명에 초미세공정을 시작으로 새로운 고성능 반도체 시장을 선점하여 이끌 것입니다. \n\n이를 위해서는 4차 산업혁명의 뿌리에 집중해야 한다고 생각합니다. 그 뿌리는 인공지능 바로 AI라고 생각합니다. AI 관련 선행연구 기능을 더 강화해야 합니다. 삼성전자는 현재 한국, 미국, 영국, 캐나다, 러시아 등 5개국에 연구센터를 두고 깊이 있는 연구를 진행하고 있습니다. 그에 맞춰 인재 영입 또한 진행되고 있음을 알고 있습니다.\n\n모든 스마트기기에 AI 적용하기 위해서 AI 빅스비를 개선해야 합니다. 자체 연구소에 한하지 않고 다른 시각에서도 바라볼 수 있는 여러 스타트업들의 인공지능 성과를 협업 혹은 인수를 통해서 그 영역을 넓혀야 한다고 생각합니다.\n또한, 영입된 유능한 인재들의 유출을 막기 위한 노력도 필요하다고 생각합니다.\n\n마지막으로 로봇 개발에도 힘써야 합니다. CES 2019에서 '삼성봇'과 '웨어러블 보행 보조 로봇'을 공개하였고 CES(2020)에선 '볼리'를 보여주며 짧은 시간에 빠른 성장을 보여주었습니다. 분명 가정 내 스마트기기와 연결하여 각종 수행을 합니다. 하지만 더 나아가 사용자의 데이터를 축적하여 응급상황 등 예상하지 못한 사항에도 AI 스스로 판단하여 홈 관리도 가능한 측면으로도 더 발전해야 한다고 생각합니다.",
                "class": "비전을 제시하는,비즈니스 마인드를 갖춘"
            }
        ]
    }
}