{
    "meta": {
        "text_raw": "회사를 선택하는 데 있어 저의 척도는 도전과 혁신입니다. 성공과 실패의 여부를 떠나 도전은 언제나 가슴 뛰고, 긍정적인 방향으로 자신을 성장시키기 때문입니다. 특화된 기술력과 지속적인 연구 개발을 바탕으로 50여 년의 끝없는 도전과 혁신을 통해 세계적 기업으로 성장한 KP그룹은 제 가슴을 뛰게 합니다.\n\n\"2022년 KP그룹 선순환의 한 축이 되다\"\n\n석유화학 기업은 제조원가 중 원재료 비중이 약 80% 내외로 매우 높은 수준입니다. 또한, 타 산업 대비 노무비와 기타경비가 차지하는 비중이 상대적으로 작아서 석유화학기업의 영업 수익성은 제품 스프레드에 의해 좌우됩니다. 저는 KP그룹 제조공정에 저렴한 원재료 공급을 위한 지속적인 모니터링을 통해 경쟁우위를 확보하고 기업경영의 기반을 공고하게 구축하는 것을 최우선 목표로 하겠습니다. 안정적인 수익 창출을 통한 튼튼한 재무구조가 미래 경쟁력 확보로 이어져 KP그룹 선순환 구조에 이바지하는 재무 전문가로 거듭나고 싶습니다."
    },
    "anno_text_data": {
        "data": [
            {
                "index": 0,
                "raw": "회사를 선택하는 데 있어 저의 척도는 도전과 혁신입니다. 성공과 실패의 여부를 떠나 도전은 언제나 가슴 뛰고, 긍정적인 방향으로 자신을 성장시키기 때문입니다. 특화된 기술력과 지속적인 연구 개발을 바탕으로 50여 년의 끝없는 도전과 혁신을 통해 세계적 기업으로 성장한 KP그룹은 제 가슴을 뛰게 합니다.",
                "class": "지속적인 성장을 추구하는"
            },
            {
                "index": 1,
                "raw": "\"2022년 KP그룹 선순환의 한 축이 되다\"\n\n석유화학 기업은 제조원가 중 원재료 비중이 약 80% 내외로 매우 높은 수준입니다. 또한, 타 산업 대비 노무비와 기타경비가 차지하는 비중이 상대적으로 작아서 석유화학기업의 영업 수익성은 제품 스프레드에 의해 좌우됩니다. 저는 KP그룹 제조공정에 저렴한 원재료 공급을 위한 지속적인 모니터링을 통해 경쟁우위를 확보하고 기업경영의 기반을 공고하게 구축하는 것을 최우선 목표로 하겠습니다. 안정적인 수익 창출을 통한 튼튼한 재무구조가 미래 경쟁력 확보로 이어져 KP그룹 선순환 구조에 이바지하는 재무 전문가로 거듭나고 싶습니다.",
                "class": "목표를 달성하는 능력을 갖춘"
            }
        ]
    }
}