{
    "meta": {
        "text_raw": "의류 전공의 기획 및 디자인 수업을 통해 점포 관리에 필요한 비주얼 머천다이징을 배웠습니다. 관련 지식을 습득하기 위해 '영업관리 S-CLASS' 교육을 이수하고 유통관리사 자격증을 취득했습니다. 백화점 행사 프로모터로 근무하며 유통환경과 프로세스를 이해했습니다.\n\n\"작은 기회 요소로 변화 추진\"\n\n박람회에서 비누를 팔 때 제품력은 좋으나 단가가 높아 호응이 적었습니다. 사장님께 손을 씻어주는 시연회를 열자 제안했고 비누의 효능을 느낀 고객들이 제품을 구매하면서 매출은 하루 30만 원에서 100만 원까지 올랐습니다. 화장품 행사장에서 일할 때 한국 직원과 중국 고객의 의사소통 문제가 있었습니다. 직원들에게 중국어 번역 문장과 녹음 본을 만들어 주었고, 이를 통해 더 많은 고객을 응대한 결과 행사 목표 매출 1억을 달성했습니다.\n\n\"철저한 검토로 실수 극복\"\n\n쇼핑몰에서 근무할 때 중복 발주 실수를 책임감으로 해결했습니다. 당시 주문 300여 건을 두 번 발주했습니다. 동료는 '단기 알바에게 무슨 책임을 묻겠느냐'했지만 상품을 회수하지 않으면 회사에 손실이 큰 상황이었습니다. 고객들에게 일일이 전화해 사과하고 반송을 요청하여 3일 만에 상품을 모두 회수했습니다. 이후 반성을 통해 업무를 처리하기 전 꼼꼼히 확인하는 습관을 들였습니다. 나중에는 대량 주문도 실수 없이 발주하는 모습을 보며 팀장님은 제게 '발전해가는 모습이 멋지다'고 하셨습니다."
    },
    "anno_text_data": {
        "data": [
            {
                "index": 0,
                "raw": "의류 전공의 기획 및 디자인 수업을 통해 점포 관리에 필요한 비주얼 머천다이징을 배웠습니다. 관련 지식을 습득하기 위해 '영업관리 S-CLASS' 교육을 이수하고 유통관리사 자격증을 취득했습니다. 백화점 행사 프로모터로 근무하며 유통환경과 프로세스를 이해했습니다.",
                "class": "지속적인 성장을 추구하는,고도의 자기주도성을 가진"
            },
            {
                "index": 1,
                "raw": "\"작은 기회 요소로 변화 추진\"\n\n박람회에서 비누를 팔 때 제품력은 좋으나 단가가 높아 호응이 적었습니다. 사장님께 손을 씻어주는 시연회를 열자 제안했고 비누의 효능을 느낀 고객들이 제품을 구매하면서 매출은 하루 30만 원에서 100만 원까지 올랐습니다. 화장품 행사장에서 일할 때 한국 직원과 중국 고객의 의사소통 문제가 있었습니다. 직원들에게 중국어 번역 문장과 녹음 본을 만들어 주었고, 이를 통해 더 많은 고객을 응대한 결과 행사 목표 매출 1억을 달성했습니다.",
                "class": "유연한 사고를 가진,창의력을 가진,문제해결능력이 뛰어난"
            },
            {
                "index": 2,
                "raw": "\"철저한 검토로 실수 극복\"\n\n쇼핑몰에서 근무할 때 중복 발주 실수를 책임감으로 해결했습니다. 당시 주문 300여 건을 두 번 발주했습니다. 동료는 '단기 알바에게 무슨 책임을 묻겠느냐'했지만 상품을 회수하지 않으면 회사에 손실이 큰 상황이었습니다. 고객들에게 일일이 전화해 사과하고 반송을 요청하여 3일 만에 상품을 모두 회수했습니다. 이후 반성을 통해 업무를 처리하기 전 꼼꼼히 확인하는 습관을 들였습니다. 나중에는 대량 주문도 실수 없이 발주하는 모습을 보며 팀장님은 제게 '발전해가는 모습이 멋지다'고 하셨습니다.",
                "class": "지속적인 성장을 추구하는,고도의 책임감을 가진"
            }
        ]
    }
}