{
    "meta": {
        "text_raw": "\"과정이 복잡하더라도 원하는 목표를 위해 도전하였고 결국엔 이루어냈습니다\"\n\n4학년 때 5명의 팀원을 구성하여 ASPEN HYSYS라는 프로그램을 이용하여 `이산화탄소의 수소화를 통한 메탄올 생성 공정`을 설계하였습니다. 설계의 목표는 99wt%의 메탄올 생성물과 함께 최소한의 비용과 에너지를 이용하는 것이었습니다. 처음 해보는 프로그램이었기 때문에 원하는 물질의 양인 99wt%의 메탄올을 쉽게 만들어내지 못했습니다. 여러 시도 끝에 물질을 분리하는 장치 2개를 추가하니 원하는 목표의 메탄올 생성물 비율과 비슷하게 되었지만, 99wt%는 아니었습니다.\n\n설계하는 도중 수업 시간에 분별 증류를 해주는 장치에 대해 배웠던 기억이 났습니다. 저는 이 장치를 추가하면 목표치의 메탄올 생성물을 뽑아낼 수 있을 것 같아 팀원들에게 제안하였습니다. 하지만 이 장치를 추가하려면 상당한 시행착오와 함께 까다로운 과정을 거쳐야 했기 때문에 팀원들이 추가하는 부분에 있어서 꺼려했습니다. 그런에도 불구하고 수업 시간에 조교님께서 분별증류 장치에 관해 강조하셨기 때문에 꼭 넣어주어야 한다는 확신이 들어 시도해보자고 팀원들을 설득했습니다.\n\n분별증류 장치를 추가하려면 먼저 Short Column이라는 장치를 이용하여 99wt%의 메탄올이 생성되기 위한 분별증류 장치의 층수와 환류비를 예측해야 합니다. 많은 시도 끝에 오류가 나지 않는 값을 구했습니다. 초기 설계한 반응기에 분별증류 장치를 연결하니 오류가 발생하지 않는 공정 설계가 완성되었습니다. 다른 목표인 최소한의 비용과 에너지는 반응기에서의 온도와 압력을 오류가 나지 않게 조절하면 됐기 때문에 분별증류 장치처럼 어렵지 않았습니다.\n\n팀 프로젝트를 하면서 한 명이 불참하였고, 설계만 하는 것이 아닌 20페이지 분량의 보고서와 발표자료를 만들어야 했기 때문에 어려움이 많았습니다. 하지만 과정이 복잡했지만, 남다른 아이디어로 도전하니 좋은 결과를 만들어낼 수 있었습니다."
    },
    "anno_text_data": {
        "data": [
            {
                "index": 0,
                "raw": "\"과정이 복잡하더라도 원하는 목표를 위해 도전하였고 결국엔 이루어냈습니다\"\n\n4학년 때 5명의 팀원을 구성하여 ASPEN HYSYS라는 프로그램을 이용하여 `이산화탄소의 수소화를 통한 메탄올 생성 공정`을 설계하였습니다. 설계의 목표는 99wt%의 메탄올 생성물과 함께 최소한의 비용과 에너지를 이용하는 것이었습니다. 처음 해보는 프로그램이었기 때문에 원하는 물질의 양인 99wt%의 메탄올을 쉽게 만들어내지 못했습니다. 여러 시도 끝에 물질을 분리하는 장치 2개를 추가하니 원하는 목표의 메탄올 생성물 비율과 비슷하게 되었지만, 99wt%는 아니었습니다.",
                "class": "적극적인,자원을 효율적으로 활용하는"
            },
            {
                "index": 1,
                "raw": "설계하는 도중 수업 시간에 분별 증류를 해주는 장치에 대해 배웠던 기억이 났습니다. 저는 이 장치를 추가하면 목표치의 메탄올 생성물을 뽑아낼 수 있을 것 같아 팀원들에게 제안하였습니다. 하지만 이 장치를 추가하려면 상당한 시행착오와 함께 까다로운 과정을 거쳐야 했기 때문에 팀원들이 추가하는 부분에 있어서 꺼려했습니다. 그런에도 불구하고 수업 시간에 조교님께서 분별증류 장치에 관해 강조하셨기 때문에 꼭 넣어주어야 한다는 확신이 들어 시도해보자고 팀원들을 설득했습니다.",
                "class": "유연한 사고를 가진,탄탄한 의사소통 능력을 가진"
            },
            {
                "index": 2,
                "raw": "분별증류 장치를 추가하려면 먼저 Short Column이라는 장치를 이용하여 99wt%의 메탄올이 생성되기 위한 분별증류 장치의 층수와 환류비를 예측해야 합니다. 많은 시도 끝에 오류가 나지 않는 값을 구했습니다. 초기 설계한 반응기에 분별증류 장치를 연결하니 오류가 발생하지 않는 공정 설계가 완성되었습니다. 다른 목표인 최소한의 비용과 에너지는 반응기에서의 온도와 압력을 오류가 나지 않게 조절하면 됐기 때문에 분별증류 장치처럼 어렵지 않았습니다.",
                "class": "적극적인,자원을 효율적으로 활용하는"
            },
            {
                "index": 3,
                "raw": "팀 프로젝트를 하면서 한 명이 불참하였고, 설계만 하는 것이 아닌 20페이지 분량의 보고서와 발표자료를 만들어야 했기 때문에 어려움이 많았습니다. 하지만 과정이 복잡했지만, 남다른 아이디어로 도전하니 좋은 결과를 만들어낼 수 있었습니다.",
                "class": "목표를 달성하는 능력을 갖춘"
            }
        ]
    }
}