{
    "meta": {
        "text_raw": "방송부 동아리 활동 중 아침방송 프로그램을 기획한 적이 있습니다. 아침 시간에 학생들이 공부하기 전 동기부여가 되는 명언\n을 읽어주려 했습니다. 또한, 밝은음악을 통해 힘찬 분위기를 조성하려 했습니다. 하지만 학생부장 선생님께서 다른 선생님들\n의 반대의견이 많아 프로그램을 진행하지 않을 것을 권유하셨습니다. 그래서 설문지를 만들어 선생님들의 의견 수렴에 나섰습\n니다. 반대 이유 중 가장 많았던 답변은 조례시간에 방송을 하면 시끄럽다는 것이었습니다. 그리고 학생들이 조례에 집중하지 못하기 때문에 이 기획은 허락할 수 없다고 하셨습니다. 열심히 준비한 기획을 포기할 수 없어 방안을 마련하고자 했습니다. 먼저, 조례 후 10분간 남는시간에 방송하는 것을 제안했습니다. 명언은 전 교실에 송출하되 음악은 선생님들의 업무에 방해가 되지 않게 교무실에는 틀지 않겠다고 했습니다. 결국 학생부장 선생님께서 시범운영을 해보라고 하셨습니다. 첫 방송 후 긍정적인 반응이 많아 정식으로 운영하게 되었습니다. 이를 통해 정확한 원인을 파악하여 방안을 마련하는 것이 문제 해결에 있어 중요하다는 것을 느꼈습니다."
    },
    "anno_text_data": {
        "data": [
            {
                "index": 0,
                "raw": "방송부 동아리 활동 중 아침방송 프로그램을 기획한 적이 있습니다. 아침 시간에 학생들이 공부하기 전 동기부여가 되는 명언\n을 읽어주려 했습니다. 또한, 밝은음악을 통해 힘찬 분위기를 조성하려 했습니다. 하지만 학생부장 선생님께서 다른 선생님들\n의 반대의견이 많아 프로그램을 진행하지 않을 것을 권유하셨습니다. 그래서 설문지를 만들어 선생님들의 의견 수렴에 나섰습\n니다. 반대 이유 중 가장 많았던 답변은 조례시간에 방송을 하면 시끄럽다는 것이었습니다. 그리고 학생들이 조례에 집중하지 못하기 때문에 이 기획은 허락할 수 없다고 하셨습니다. 열심히 준비한 기획을 포기할 수 없어 방안을 마련하고자 했습니다. 먼저, 조례 후 10분간 남는시간에 방송하는 것을 제안했습니다. 명언은 전 교실에 송출하되 음악은 선생님들의 업무에 방해가 되지 않게 교무실에는 틀지 않겠다고 했습니다. 결국 학생부장 선생님께서 시범운영을 해보라고 하셨습니다. 첫 방송 후 긍정적인 반응이 많아 정식으로 운영하게 되었습니다. 이를 통해 정확한 원인을 파악하여 방안을 마련하는 것이 문제 해결에 있어 중요하다는 것을 느꼈습니다.",
                "class": "유연한 사고를 가진,다양한 의견을 수렴하는,탄탄한 의사소통 능력을 가진"
            }
        ]
    }
}