{
    "meta": {
        "text_raw": "제가 우리은행에 지원한 동기는 제가 평소에 관심있게 공부하고 연구해온 네트워크 인프라 운영과 관련하여 할 수 있는 일이 많고, 제가 많이 성장할 수 있을 것이라고 느꼈기 때문입니다. 우리은행은 운영하고 있는 네트워크 인프라의 규모가 굉장히 클 것이며, 은행이라는 기업 특성상 네트워크 인프라의 안정적인 운영의 중요성이 그 어떤 기업들보다도 강조된다고 생각합니다. 저는 academic한 환경인 연구실을 벗어나, 실질적으로 상용화된 대형 네트워크 인프라를 안정적으로 운영하는데 기여하고 싶습니다. \n\n저는 네트워크의 안정적인 서비스를 제공하는 해당 직무에 지원 위해 eBPF/XDP를 활용한 클라우드 클러스터의 플로우 보안관제를 연구/개발하고 있습니다. 개발 내용은 크게 다음과 같이 나누어집니다 :\n1. 클러스터를 구성하는 가상화된 물리 머신의 커널에서 eBPF를 활용한 패킷 모니터링(가상 머신의 패킷 포함)\n2. 보안을 담당하는 엔티티의 해당 데이터 수집 및 데이터베이스화\n3. 데이터베이스 분석 및 anomaly 탐지(본인은 DDoS를 대상으로 함)\n4. 해당 악성 플로우 차단을 위한 하드웨어 가속화된 XDP 기반 방화벽 관제\n제 연구/개발은 모두 실제로 엣지 클라우드 클러스터 대응 테스트베드인 K-ONE playground, 광주과학기술원 site에서 이뤄졌으며, 국내/국제학회 개재(국제학회 최우수논문상) 및 국내/국제 저널 투고(SCI)와 외부 발표의 성과를 이뤄냈습니다."
    },
    "anno_text_data": {
        "data": [
            {
                "index": 0,
                "raw": "제가 우리은행에 지원한 동기는 제가 평소에 관심있게 공부하고 연구해온 네트워크 인프라 운영과 관련하여 할 수 있는 일이 많고, 제가 많이 성장할 수 있을 것이라고 느꼈기 때문입니다. 우리은행은 운영하고 있는 네트워크 인프라의 규모가 굉장히 클 것이며, 은행이라는 기업 특성상 네트워크 인프라의 안정적인 운영의 중요성이 그 어떤 기업들보다도 강조된다고 생각합니다. 저는 academic한 환경인 연구실을 벗어나, 실질적으로 상용화된 대형 네트워크 인프라를 안정적으로 운영하는데 기여하고 싶습니다.",
                "class": "비즈니스 마인드를 갖춘"
            },
            {
                "index": 1,
                "raw": "저는 네트워크의 안정적인 서비스를 제공하는 해당 직무에 지원 위해 eBPF/XDP를 활용한 클라우드 클러스터의 플로우 보안관제를 연구/개발하고 있습니다. 개발 내용은 크게 다음과 같이 나누어집니다 :\n1. 클러스터를 구성하는 가상화된 물리 머신의 커널에서 eBPF를 활용한 패킷 모니터링(가상 머신의 패킷 포함)\n2. 보안을 담당하는 엔티티의 해당 데이터 수집 및 데이터베이스화\n3. 데이터베이스 분석 및 anomaly 탐지(본인은 DDoS를 대상으로 함)\n4. 해당 악성 플로우 차단을 위한 하드웨어 가속화된 XDP 기반 방화벽 관제\n제 연구/개발은 모두 실제로 엣지 클라우드 클러스터 대응 테스트베드인 K-ONE playground, 광주과학기술원 site에서 이뤄졌으며, 국내/국제학회 개재(국제학회 최우수논문상) 및 국내/국제 저널 투고(SCI)와 외부 발표의 성과를 이뤄냈습니다.",
                "class": "지속적인 성장을 추구하는,목표를 달성하는 능력을 갖춘"
            }
        ]
    }
}