{
    "meta": {
        "text_raw": "\"생명보험업의 가치\"\n\n생명보험은 미래의 불확실성으로 인한 다양한 위험으로부터 가정의 안정을 보장하는 하는 장치입니다. 단순히 상품이나 서비스를 판매하고 이윤을 창출하는 것을 넘어, 고객의 인생이 안정화되는데 기여한다는 점에서 생명보험업이 매력적으로 느껴졌습니다.\n\n여러 생명보험사 중에서도 삼성생명에 지원한 이유는 보험산업 환경변화에 빠르게 대응하는 사업방식이 인상 깊었기 때문입니다. 삼성생명은 보험사의 전통 영업채널인 대면영업이 축소되는 시장 속에서 방카슈랑스와 GA, 온라인보험 등의 새로운 채널을 활용해 위기를 극복했습니다. 저 역시 산업의 변화에 맞춰 빠르게 대응할 수 있는 보험 산업의 전문가가 되겠습니다.\n\n\"영업관리자로서 매출 1위 지점을 달성하겠습니다\"\n\n영업 관리자의 핵심 업무는 컨설턴트 분들과 협력하여 지점의 목표 성과를 달성하는 것입니다. 컨설턴트 분들이 본인의 역할에 대해 책임감과 사명감을 바탕으로 업무에 임할 수 있도록 적극적으로 소통하고 지원하겠습니다. 또한, 명확한 업무 지침을 통해 불건전 영업과 불완전 판매를 사전에 방지하겠습니다. 철저한 고객 관리를 통해 해지율을 감소시키고, 고객이 삼성생명을 인생 금융 파트너로 인식하도록 하겠습니다. 시장포화로 인해 성장 둔화 상태인 생명보험업계에서 삼성생명만의 강점을 파악하고, 경쟁사와 차별화될 수 있는 영업전략을 수립하고 실천하겠습니다."
    },
    "anno_text_data": {
        "data": [
            {
                "index": 0,
                "raw": "\"생명보험업의 가치\"\n\n생명보험은 미래의 불확실성으로 인한 다양한 위험으로부터 가정의 안정을 보장하는 하는 장치입니다. 단순히 상품이나 서비스를 판매하고 이윤을 창출하는 것을 넘어, 고객의 인생이 안정화되는데 기여한다는 점에서 생명보험업이 매력적으로 느껴졌습니다.\n\n여러 생명보험사 중에서도 삼성생명에 지원한 이유는 보험산업 환경변화에 빠르게 대응하는 사업방식이 인상 깊었기 때문입니다. 삼성생명은 보험사의 전통 영업채널인 대면영업이 축소되는 시장 속에서 방카슈랑스와 GA, 온라인보험 등의 새로운 채널을 활용해 위기를 극복했습니다. 저 역시 산업의 변화에 맞춰 빠르게 대응할 수 있는 보험 산업의 전문가가 되겠습니다.\n\n\"영업관리자로서 매출 1위 지점을 달성하겠습니다\"\n\n영업 관리자의 핵심 업무는 컨설턴트 분들과 협력하여 지점의 목표 성과를 달성하는 것입니다. 컨설턴트 분들이 본인의 역할에 대해 책임감과 사명감을 바탕으로 업무에 임할 수 있도록 적극적으로 소통하고 지원하겠습니다. 또한, 명확한 업무 지침을 통해 불건전 영업과 불완전 판매를 사전에 방지하겠습니다. 철저한 고객 관리를 통해 해지율을 감소시키고, 고객이 삼성생명을 인생 금융 파트너로 인식하도록 하겠습니다. 시장포화로 인해 성장 둔화 상태인 생명보험업계에서 삼성생명만의 강점을 파악하고, 경쟁사와 차별화될 수 있는 영업전략을 수립하고 실천하겠습니다.",
                "class": "탄탄한 의사소통 능력을 가진,비전을 제시하는"
            }
        ]
    }
}