{
    "meta": {
        "text_raw": "\"경험과 학습을 통한 역량 개발\"\n\n첫 번째로, OOOOOO에서 안내원으로 근무할 당시 어린아이들부터 노인, 그리고 외국인 등 다양한 관람객들에게 개별적인 맞춤 서비스를 제공하며 '고객 응대 및 소통 역량'을 길러왔습니다.\n\n또한, 학부 시절 재무와 회계 분야 수업 수강, 투자자산운용사 자격증 취득, 경제학 학습 등을 통해 금융지식을 쌓고 경제지표와 재무지표 해석능력을 키웠습니다\n\nOO기업에서 B2B 영업 업무를 수행하며 '고객 기업에 대한 정보 수집 및 철저한 분석력'을 길러왔습니다. 당시 저의 주요 업무는 고객사의 니즈를 분석하고, 그에 적합한 서비스를 선별하는 것이었습니다. 직접 사업제안서를 작성하며 고객사와 경쟁사, 산업 현황 등을 분석한 후, 자사의 서비스를 이용한 개선방안을 제시했습니다.\n\n위와 같은 저의 '고객 응대 및 소통 역량'과 '고객 기업에 대한 정보 수집 및 철저한 분석력'을 발휘해서, 고객이 만족할 수 있는 금융 서비스를 제공하기 위해 노력하겠습니다."
    },
    "anno_text_data": {
        "data": [
            {
                "index": 0,
                "raw": "\"경험과 학습을 통한 역량 개발\"\n\n첫 번째로, OOOOOO에서 안내원으로 근무할 당시 어린아이들부터 노인, 그리고 외국인 등 다양한 관람객들에게 개별적인 맞춤 서비스를 제공하며 '고객 응대 및 소통 역량'을 길러왔습니다.\n\n또한, 학부 시절 재무와 회계 분야 수업 수강, 투자자산운용사 자격증 취득, 경제학 학습 등을 통해 금융지식을 쌓고 경제지표와 재무지표 해석능력을 키웠습니다\n\nOO기업에서 B2B 영업 업무를 수행하며 '고객 기업에 대한 정보 수집 및 철저한 분석력'을 길러왔습니다. 당시 저의 주요 업무는 고객사의 니즈를 분석하고, 그에 적합한 서비스를 선별하는 것이었습니다. 직접 사업제안서를 작성하며 고객사와 경쟁사, 산업 현황 등을 분석한 후, 자사의 서비스를 이용한 개선방안을 제시했습니다.\n\n위와 같은 저의 '고객 응대 및 소통 역량'과 '고객 기업에 대한 정보 수집 및 철저한 분석력'을 발휘해서, 고객이 만족할 수 있는 금융 서비스를 제공하기 위해 노력하겠습니다.",
                "class": "탄탄한 의사소통 능력을 가진,비즈니스 마인드를 갖춘,적극적인,목표를 달성하는 능력을 갖춘"
            }
        ]
    }
}