{
    "meta": {
        "text_raw": "\"의사소통 능력, 전공지식, 일 처리의 섬세함\"\n\n의사소통을 잘하고 화공생명공학과와 관련된 전공 지식과 일 처리의 섬세함이 직무를 수행할 때 필요하고 저의 강점이기도 합니다. 3가지의 역량을 대학 생활을 통해 얻었습니다. 첫째, 의사소통 능력은 학원 아르바이트와 과외를 통한 학생, 선생님, 학부모님과 대화를 통해 길러졌습니다. 3년 정도 일을 하며 매일 학생의 어떤 부분을 가르쳐야 하는지 선생님과 대화를 통해 파악하고 아이들을 가르쳤습니다. 그리고 과외를 할 때는 한 달에 한 번 정도 학부모님과 아이의 학습 진도에 있어서 상담하며 의사소통 능력을 키웠습니다.\n\n둘째, 화공생명공학과와 관련된 전공 지식은 전공 수업을 통한 공부와 학과 관련 자격증을 통해 얻었습니다. 반응공학, 화공종합설계, 유체역학, 물질이동론 등의 전공 수업을 들었습니다. 수업내용을 공부하고 노력한 결과 모든 전공 과목의 절반 이상이 A학점의 성적을 받을 수 있었습니다. 또한, 4학년 때에는 화학분석기사 필기시험을 준비하며 일반화학, 적정법, 산과 염기, 무게 및 부피 분석, 분광법과 크로마토그래피 같은 정제법의 지식을 구체적으로 공부할 수 있었습니다.\n\n마지막으로 일 처리의 섬세함은 화학과 관련된 실험 특성상 섬세함을 요구하기 때문에 4년간의 실험을 통해 길러졌습니다. 위 세가지 역량을 가지고 생산기술 직무에서 팀원들과 좋은 관계를 맺고, 가지고 있는 전공 지식을 살려 효율적인 생산설비를 구축하겠습니다. 그리고 일 처리의 섬세함으로 맡은 직무에 있어서 부정을 저지르지 않고 책임감을 가지고 실수하지 않고, 부족함 없이 끝내겠습니다."
    },
    "anno_text_data": {
        "data": [
            {
                "index": 0,
                "raw": "\"의사소통 능력, 전공지식, 일 처리의 섬세함\"\n\n의사소통을 잘하고 화공생명공학과와 관련된 전공 지식과 일 처리의 섬세함이 직무를 수행할 때 필요하고 저의 강점이기도 합니다. 3가지의 역량을 대학 생활을 통해 얻었습니다. 첫째, 의사소통 능력은 학원 아르바이트와 과외를 통한 학생, 선생님, 학부모님과 대화를 통해 길러졌습니다. 3년 정도 일을 하며 매일 학생의 어떤 부분을 가르쳐야 하는지 선생님과 대화를 통해 파악하고 아이들을 가르쳤습니다. 그리고 과외를 할 때는 한 달에 한 번 정도 학부모님과 아이의 학습 진도에 있어서 상담하며 의사소통 능력을 키웠습니다.",
                "class": "탄탄한 의사소통 능력을 가진"
            },
            {
                "index": 1,
                "raw": "둘째, 화공생명공학과와 관련된 전공 지식은 전공 수업을 통한 공부와 학과 관련 자격증을 통해 얻었습니다. 반응공학, 화공종합설계, 유체역학, 물질이동론 등의 전공 수업을 들었습니다. 수업내용을 공부하고 노력한 결과 모든 전공 과목의 절반 이상이 A학점의 성적을 받을 수 있었습니다. 또한, 4학년 때에는 화학분석기사 필기시험을 준비하며 일반화학, 적정법, 산과 염기, 무게 및 부피 분석, 분광법과 크로마토그래피 같은 정제법의 지식을 구체적으로 공부할 수 있었습니다.",
                "class": "지속적인 성장을 추구하는,목표를 달성하는 능력을 갖춘"
            },
            {
                "index": 2,
                "raw": "마지막으로 일 처리의 섬세함은 화학과 관련된 실험 특성상 섬세함을 요구하기 때문에 4년간의 실험을 통해 길러졌습니다. 위 세가지 역량을 가지고 생산기술 직무에서 팀원들과 좋은 관계를 맺고, 가지고 있는 전공 지식을 살려 효율적인 생산설비를 구축하겠습니다. 그리고 일 처리의 섬세함으로 맡은 직무에 있어서 부정을 저지르지 않고 책임감을 가지고 실수하지 않고, 부족함 없이 끝내겠습니다.",
                "class": "고도의 책임감을 가진"
            }
        ]
    }
}