{
    "meta": {
        "text_raw": "\"탄탄한 전문지식\"\n\n재무회계팀은 기업의 경영실적과 재무 상태에 대한 회계정보를 생성하고 분석하여 재무제표를 작성하고 이를 바탕으로 공고결산을 수행해야 합니다. 따라서 업무 특성상 재무, 회계 분야의 전문 지식은 갖추고 있어야 할 필수 역량입니다. 저는 회계학과에 진학하여 회계, 세무, 재무와 관련된 학과 수업을 집중적으로 수강했습니다. 비록 결실을 보지 못했지만, 공인회계사 자격증 취득을 위한 3년간의 수험생활을 통해 쌓인 전문지식을 가지고 있다고 감히 말씀드립니다. 자격증 취득을 위한 과정과 세무법인에서의 실무 경험을 통해 ERP/더 존 등의 회계 프로그램 툴 활용 능력 또한 갖추게 되었습니다.\n\n\"꼼꼼함\"\n\n병·의원을 전문으로 하는 세무법인에서 실무를 처음 경험했습니다. 종합소득세 신고를 위해 취합했던 자료와 신고서 및 부속서류를 책자로 제작하는 업무를 시작으로 부가세, 원천세 신고 업무 등을 도왔습니다. 실제 근무 기간 세무조사 대응을 경험했고 거래처별로 책자를 제작하는 작업을 통해 법적 증빙 서류의 취합과 보관의 중요성을 실감할 수 있었습니다. 실무를 경험할 당시 직무와 관련하여 갖춰야 할 필수 역량은 단연 꼼꼼함이었습니다. 수치와 데이터로 이루어진 회계정보의 오류는 기업의 이해관계자에게는 결함 있는 정보의 제공으로 이어지고, 세무당국에는 잘못된 세금 납부로 가산세를 징수당할 수 있기 때문입니다.\n\n작은 실수도 허용하지 않는 꼼꼼함을 위해서는 자신의 선택에 엄격할 수 있어야 하고 이후 결과에 냉정하게 피드백할 수 있어야 합니다. 첫 실무 경험이라 업무가 능숙하지 못했지만, 평소 스스로에게 냉정하고 엄격한 피드백을 해왔던 성격 때문에 필요한 서류와 자료를 빼먹은 적이 없었습니다. 저의 이러한 성격은 데이터와 숫자에 민감하고 꼼꼼해야 하는 재무팀에 긍정적으로 작용할 것입니다."
    },
    "anno_text_data": {
        "data": [
            {
                "index": 0,
                "raw": "\"탄탄한 전문지식\"\n\n재무회계팀은 기업의 경영실적과 재무 상태에 대한 회계정보를 생성하고 분석하여 재무제표를 작성하고 이를 바탕으로 공고결산을 수행해야 합니다. 따라서 업무 특성상 재무, 회계 분야의 전문 지식은 갖추고 있어야 할 필수 역량입니다. 저는 회계학과에 진학하여 회계, 세무, 재무와 관련된 학과 수업을 집중적으로 수강했습니다. 비록 결실을 보지 못했지만, 공인회계사 자격증 취득을 위한 3년간의 수험생활을 통해 쌓인 전문지식을 가지고 있다고 감히 말씀드립니다. 자격증 취득을 위한 과정과 세무법인에서의 실무 경험을 통해 ERP/더 존 등의 회계 프로그램 툴 활용 능력 또한 갖추게 되었습니다.",
                "class": "지속적인 성장을 추구하는"
            },
            {
                "index": 1,
                "raw": "\"꼼꼼함\"\n\n병·의원을 전문으로 하는 세무법인에서 실무를 처음 경험했습니다. 종합소득세 신고를 위해 취합했던 자료와 신고서 및 부속서류를 책자로 제작하는 업무를 시작으로 부가세, 원천세 신고 업무 등을 도왔습니다. 실제 근무 기간 세무조사 대응을 경험했고 거래처별로 책자를 제작하는 작업을 통해 법적 증빙 서류의 취합과 보관의 중요성을 실감할 수 있었습니다. 실무를 경험할 당시 직무와 관련하여 갖춰야 할 필수 역량은 단연 꼼꼼함이었습니다. 수치와 데이터로 이루어진 회계정보의 오류는 기업의 이해관계자에게는 결함 있는 정보의 제공으로 이어지고, 세무당국에는 잘못된 세금 납부로 가산세를 징수당할 수 있기 때문입니다.\n\n작은 실수도 허용하지 않는 꼼꼼함을 위해서는 자신의 선택에 엄격할 수 있어야 하고 이후 결과에 냉정하게 피드백할 수 있어야 합니다. 첫 실무 경험이라 업무가 능숙하지 못했지만, 평소 스스로에게 냉정하고 엄격한 피드백을 해왔던 성격 때문에 필요한 서류와 자료를 빼먹은 적이 없었습니다. 저의 이러한 성격은 데이터와 숫자에 민감하고 꼼꼼해야 하는 재무팀에 긍정적으로 작용할 것입니다.",
                "class": "고도의 책임감을 가진"
            }
        ]
    }
}