{
    "meta": {
        "text_raw": "일에서 오는 성취감이 저를 달리게 하는 원동력입니다. 학부 시절의 여러 경험 중, 어려운 상황에서 기회 요소를 발굴하고 매출을 높이는 일에 가장 큰 보람과 자신감을 얻었습니다. 코리아세븐의 영업관리 직무에서 이를 적극적으로 실행해 점포의 이익률을 개선하고 성과를 낼 수 있다는 확신에 지원하였습니다. 또한 쉽지 않은 목표를 부여받고 달성하면서, 제 삶의 원동력인 성취감을 끊임없이 채워 나갈 수 있을 것입니다.\n\n뛰어난 접근성 확보를 위한 노력 덕분에 이제는 전국 웬만한 곳에서 24시간 끼니와 생필품 구매를 해결할 수 있습니다. 작년 출범한 '푸드드림' 을 방문하고 느낀 점은, HMR등 먹거리 다양화가 핵심인 편의점업에 있어 세븐일레븐이 혁신을 주도하고 있다는 것입니다. '라스트오더' 제휴와 계열사 포인트 통합 사용 등 유통업계 서비스 전쟁에 있어서도 충분히 경쟁력이 있다고 생각합니다. 이곳에서 제 영업관리 역량을 발휘하여 매출에 기여하고, 자부심을 갖고 일할 수 있다는 확신이 있습니다."
    },
    "anno_text_data": {
        "data": [
            {
                "index": 0,
                "raw": "일에서 오는 성취감이 저를 달리게 하는 원동력입니다. 학부 시절의 여러 경험 중, 어려운 상황에서 기회 요소를 발굴하고 매출을 높이는 일에 가장 큰 보람과 자신감을 얻었습니다. 코리아세븐의 영업관리 직무에서 이를 적극적으로 실행해 점포의 이익률을 개선하고 성과를 낼 수 있다는 확신에 지원하였습니다. 또한 쉽지 않은 목표를 부여받고 달성하면서, 제 삶의 원동력인 성취감을 끊임없이 채워 나갈 수 있을 것입니다.",
                "class": "목표를 달성하는 능력을 갖춘"
            },
            {
                "index": 1,
                "raw": "뛰어난 접근성 확보를 위한 노력 덕분에 이제는 전국 웬만한 곳에서 24시간 끼니와 생필품 구매를 해결할 수 있습니다. 작년 출범한 '푸드드림' 을 방문하고 느낀 점은, HMR등 먹거리 다양화가 핵심인 편의점업에 있어 세븐일레븐이 혁신을 주도하고 있다는 것입니다. '라스트오더' 제휴와 계열사 포인트 통합 사용 등 유통업계 서비스 전쟁에 있어서도 충분히 경쟁력이 있다고 생각합니다. 이곳에서 제 영업관리 역량을 발휘하여 매출에 기여하고, 자부심을 갖고 일할 수 있다는 확신이 있습니다.",
                "class": "비즈니스 마인드를 갖춘"
            }
        ]
    }
}