{
    "meta": {
        "text_raw": "\"중국인에게 향수 시향을 권하다\"\n\n작년12월 OO OO백화점 OO 뷰티 팝업스토어에서 프로모터로 근무 시, 행사장 외부로부터 하루 약 100명의 중국 고객을 끌어들였습니다. 당시 약 20명의 프로모터가 함께 일했고, 행사장에는 하루 3회의 메이크업 쇼가 있었습니다. 담당자 말에 따르면 중국 고객 한 명당 구매금액이 크기 때문에, 메이크업 쇼 때 잠재적 고객들을 유인하는 게 중요했습니다. 행사장이 구석에 위치해 사람 모으는 일이 쉽지 않았고, 중국어가 가능했던 저는 행사기간 내내 전단을 나눠주는 핸드빌 업무를 자원했습니다. 인기 제품인 자도르 향수를 들고 행사장 밖에서 지나가는 사람들에게 시향을 권유했습니다. 크리스마스 한정판 립스틱을 보여주며 친절히 설명도 하니, 전단만 나눠줄 때 보다 중국인들이 관심을 더 보였습니다. 결과적으로 행사는 하루 7천만원에서 1억의 성공적 매출고를 올렸습니다. 비록 보너스같은 물질적인 보상은 없었지만 직원들 모두 수고해줘서 고맙다고 했고, 좋은 결과가 나온 걸 보니 저도 기분이 좋았습니다. 또 이후 다른 알바 등 조직활동에 있어서도 적극적으로 일하는 자세를 가지게 되었습니다."
    },
    "anno_text_data": {
        "data": [
            {
                "index": 0,
                "raw": "\"중국인에게 향수 시향을 권하다\"\n\n작년12월 OO OO백화점 OO 뷰티 팝업스토어에서 프로모터로 근무 시, 행사장 외부로부터 하루 약 100명의 중국 고객을 끌어들였습니다. 당시 약 20명의 프로모터가 함께 일했고, 행사장에는 하루 3회의 메이크업 쇼가 있었습니다. 담당자 말에 따르면 중국 고객 한 명당 구매금액이 크기 때문에, 메이크업 쇼 때 잠재적 고객들을 유인하는 게 중요했습니다. 행사장이 구석에 위치해 사람 모으는 일이 쉽지 않았고, 중국어가 가능했던 저는 행사기간 내내 전단을 나눠주는 핸드빌 업무를 자원했습니다. 인기 제품인 자도르 향수를 들고 행사장 밖에서 지나가는 사람들에게 시향을 권유했습니다. 크리스마스 한정판 립스틱을 보여주며 친절히 설명도 하니, 전단만 나눠줄 때 보다 중국인들이 관심을 더 보였습니다. 결과적으로 행사는 하루 7천만원에서 1억의 성공적 매출고를 올렸습니다. 비록 보너스같은 물질적인 보상은 없었지만 직원들 모두 수고해줘서 고맙다고 했고, 좋은 결과가 나온 걸 보니 저도 기분이 좋았습니다. 또 이후 다른 알바 등 조직활동에 있어서도 적극적으로 일하는 자세를 가지게 되었습니다.",
                "class": "목표를 달성하는 능력을 갖춘,적극적인,고도의 책임감을 가진"
            }
        ]
    }
}