{
    "meta": {
        "text_raw": "\"국내 수소산업 선도를 위한 발걸음\"\n\n지난 7월 28일, 한국동서발전은 세계 최대 및 최초 50MW 규모의 대산수소연료전지 발전소의 준공식을 개최하였습니다. 이는 석유화학 공정에서 발생하는 부생수소를 원료로 활용하여 발전하는 친환경 발전소로 국나 수소경제를 활성화하는 미래형 신사업으로 손꼽히고 있습니다. 한국동서발전은 '동서발전形 수소산업 중장기 로드맵'에 따라 수소산업을 선도하도록 준비하고 있습니다.\n\n\"협력하고 준수하여 신뢰 및 효율성 향상\"\n\n캡스톤 디자인 프로그램에 참여하여 연마봉들을 연결하는 부품을 설계하고 3D프린터 회사와 계약을 한 적이 있습니다. 처음에는 제작 기간이 2주 이상이고 비용이 100만원이 넘었지만 강도는 유지하되 부품을 축소하고 여러 팀과 협력해 회사에 단체 주문 할인을 요청하였습니다. 그 결과 42만원, 7일 만에 부품을 제작할 수 있었습니다. 이처럼 주변 환경을 이해하고 우선순위를 고려한 업무를 진행하여 공사의 신뢰성과 효율성을 향상시키겠습니다."
    },
    "anno_text_data": {
        "data": [
            {
                "index": 0,
                "raw": "\"국내 수소산업 선도를 위한 발걸음\"\n\n지난 7월 28일, 한국동서발전은 세계 최대 및 최초 50MW 규모의 대산수소연료전지 발전소의 준공식을 개최하였습니다. 이는 석유화학 공정에서 발생하는 부생수소를 원료로 활용하여 발전하는 친환경 발전소로 국나 수소경제를 활성화하는 미래형 신사업으로 손꼽히고 있습니다. 한국동서발전은 '동서발전形 수소산업 중장기 로드맵'에 따라 수소산업을 선도하도록 준비하고 있습니다.",
                "class": "비즈니스 마인드를 갖춘"
            },
            {
                "index": 1,
                "raw": "\"협력하고 준수하여 신뢰 및 효율성 향상\"\n\n캡스톤 디자인 프로그램에 참여하여 연마봉들을 연결하는 부품을 설계하고 3D프린터 회사와 계약을 한 적이 있습니다. 처음에는 제작 기간이 2주 이상이고 비용이 100만원이 넘었지만 강도는 유지하되 부품을 축소하고 여러 팀과 협력해 회사에 단체 주문 할인을 요청하였습니다. 그 결과 42만원, 7일 만에 부품을 제작할 수 있었습니다. 이처럼 주변 환경을 이해하고 우선순위를 고려한 업무를 진행하여 공사의 신뢰성과 효율성을 향상시키겠습니다.",
                "class": "목표를 달성하는 능력을 갖춘,자원을 효율적으로 활용하는,긍정적인 태도를 갖춘"
            }
        ]
    }
}