{
    "meta": {
        "text_raw": "\"처음 시도해보는 논문 내용 발표\"\n\n2학년 때 분석화학 강의를 수강하였습니다. 수업 중에 교수님께서 팀을 정해 주셨고, 논문을 주시면서 논문에 나온 내용을 공부하고 발표를 준비하게 하셨습니다. 저희 팀은 담배 연기 속 황화수소의 이온 선택성 전극 분석과 관련된 논문을 받았습니다. 논문에는 이온 선택성 전극, 네른스트 식 등 분석화학과 관련된 내용이 있었습니다. 그 당시 처음 보는 개념이기도 하고 논문이라 깊이 공부하고 발표자료까지 준비하기가 힘들었습니다. 조원끼리 읽을 분량을 나누고, 도서관 안에 있는 스터디룸에 모여서 지식을 공유하고 발표자료를 만들었습니다. 저는 이온 선택성 전극 분야를 발표하였는데, 논문을 요약하고 지식을 전달해야 하는 발표라 딱딱했지만 공부한 내용을 잘 이해하고 발표하니 교수님과 학생들의 공감을 끌어낼 수 있었습니다.\n\n\"구체적 공부를 위한 자격증 준비\""
    },
    "anno_text_data": {
        "data": [
            {
                "index": 0,
                "raw": "\"처음 시도해보는 논문 내용 발표\"\n\n2학년 때 분석화학 강의를 수강하였습니다. 수업 중에 교수님께서 팀을 정해 주셨고, 논문을 주시면서 논문에 나온 내용을 공부하고 발표를 준비하게 하셨습니다. 저희 팀은 담배 연기 속 황화수소의 이온 선택성 전극 분석과 관련된 논문을 받았습니다. 논문에는 이온 선택성 전극, 네른스트 식 등 분석화학과 관련된 내용이 있었습니다. 그 당시 처음 보는 개념이기도 하고 논문이라 깊이 공부하고 발표자료까지 준비하기가 힘들었습니다. 조원끼리 읽을 분량을 나누고, 도서관 안에 있는 스터디룸에 모여서 지식을 공유하고 발표자료를 만들었습니다. 저는 이온 선택성 전극 분야를 발표하였는데, 논문을 요약하고 지식을 전달해야 하는 발표라 딱딱했지만 공부한 내용을 잘 이해하고 발표하니 교수님과 학생들의 공감을 끌어낼 수 있었습니다.",
                "class": "다양한 의견을 수렴하는,유연한 사고를 가진,탄탄한 의사소통 능력을 가진"
            },
            {
                "index": 1,
                "raw": "\"구체적 공부를 위한 자격증 준비\"",
                "class": "고도의 자기주도성을 가진"
            }
        ]
    }
}