{
    "meta": {
        "text_raw": "전공과목인 유기화학 강의를 수강할 때에 혼자 공부하기 어려워 직접 스터디 모임을 만들었습니다. 3명의 친구와 함께 유기물의 반응 메커니즘과 합성법, 분광법, 이성질체 등을 공부하고 모르는 부분을 서로 가르쳐주었습니다. 처음에는 모두 어려워했지만, 집단지성으로 말미암아 결과적으로 저와 친구 1명은 A라는 성적을 받았습니다.\n\n분석화학 강의를 수강할 때에 담배 연기 속 황화수소의 이온 선택성 전극 분석과 관련된 논문을 읽고 발표하였습니다. 논문에는 이온 선택성 전극, 표준물 첨가법, 네른스트 식의 내용이 있었습니다. 조원끼리 읽을 분량을 나누고 모임을 가져 지식을 공유하고 발표자료를 만들었습니다. 논문을 요약하고 지식을 전달해야 하는 발표라 딱딱했지만, 교수님과 학생들의 공감을 끌어냈고 A+라는 성적을 거두었습니다.\n\n위 경험을 바탕으로 팀원들끼리 경험과 지식의 공유를 통한 집단지성으로 제품을 소개하겠습니다. 발표할 기회가 되면 자원하는 마음으로 팀 성과를 위해 헌신하겠습니다."
    },
    "anno_text_data": {
        "data": [
            {
                "index": 0,
                "raw": "전공과목인 유기화학 강의를 수강할 때에 혼자 공부하기 어려워 직접 스터디 모임을 만들었습니다. 3명의 친구와 함께 유기물의 반응 메커니즘과 합성법, 분광법, 이성질체 등을 공부하고 모르는 부분을 서로 가르쳐주었습니다. 처음에는 모두 어려워했지만, 집단지성으로 말미암아 결과적으로 저와 친구 1명은 A라는 성적을 받았습니다.\n\n분석화학 강의를 수강할 때에 담배 연기 속 황화수소의 이온 선택성 전극 분석과 관련된 논문을 읽고 발표하였습니다. 논문에는 이온 선택성 전극, 표준물 첨가법, 네른스트 식의 내용이 있었습니다. 조원끼리 읽을 분량을 나누고 모임을 가져 지식을 공유하고 발표자료를 만들었습니다. 논문을 요약하고 지식을 전달해야 하는 발표라 딱딱했지만, 교수님과 학생들의 공감을 끌어냈고 A+라는 성적을 거두었습니다.\n\n위 경험을 바탕으로 팀원들끼리 경험과 지식의 공유를 통한 집단지성으로 제품을 소개하겠습니다. 발표할 기회가 되면 자원하는 마음으로 팀 성과를 위해 헌신하겠습니다.",
                "class": "유연한 사고를 가진,다양한 의견을 수렴하는,탄탄한 의사소통 능력을 가진"
            }
        ]
    }
}