{
    "meta": {
        "text_raw": "\"소재를 통한 제품의 혁신\"\n\n제가 회사를 선택하는 기준은 ‘내가 갖춘 능력을 회사에서 잘 활용할 수 있을까?’ 입니다. 2019 OOOOO학회에 참가했을 때 삼성전기의 전시 부스에서 세라믹에 관한 기술이 집약된 MLCC를 직접 체험하였습니다. MLCC의 제조 과정이 체계적이고 이해하기 쉽게 설명되어 있어 흥미롭게 구경하고 있자, 담당자분께서는 제조 과정의 대부분에서 세라믹 공정 기술이 적용된다고 설명해 주셨습니다.\n\n학부생 시절, ‘전자세라믹스’와 ‘세라믹공정및실험’ 강의를 관심 있게 들었습니다. 재료의 분쇄, 성형, 소성 공정과 원자결함에 따른 유전, 압전 특성 변화에 대한 배경지식을 쌓았고, 내용을 이해하며 습득한 결과, A+의 우수한 성적을 받을 수 있었습니다. 제가 갖춘 소재 역량을 삼성전기에서 발휘하고 싶습니다.\n\n‘품질’과 ‘기술력’이 세계에서 통용되는 MLCC를 개발하겠습니다.\n중소형 어플리케이션과 자동차 시장의 확대에 따라 MLCC 시장은 지속적으로 성장하고 있습니다. 하지만 늘어나는 MLCC의 수요에 따라 불량률 또한 증가할 위험성이 있습니다.\n제품의 고품질화를 실현하기 위해 입사 초에는 전략, 생산부서의 업무 사이클이 어떻게 돌아가는지 파악하겠습니다. 이후, 타 부서와 유기적인 관계를 맺고 생산기지에서 발생할 수 있는 불량과 결함을 꼼꼼히 제어하겠습니다. 궁극적으로, 삼성전기 MLCC의 고품질화를 실현할 것입니다."
    },
    "anno_text_data": {
        "data": [
            {
                "index": 0,
                "raw": "\"소재를 통한 제품의 혁신\"\n\n제가 회사를 선택하는 기준은 ‘내가 갖춘 능력을 회사에서 잘 활용할 수 있을까?’ 입니다. 2019 OOOOO학회에 참가했을 때 삼성전기의 전시 부스에서 세라믹에 관한 기술이 집약된 MLCC를 직접 체험하였습니다. MLCC의 제조 과정이 체계적이고 이해하기 쉽게 설명되어 있어 흥미롭게 구경하고 있자, 담당자분께서는 제조 과정의 대부분에서 세라믹 공정 기술이 적용된다고 설명해 주셨습니다.\n\n학부생 시절, ‘전자세라믹스’와 ‘세라믹공정및실험’ 강의를 관심 있게 들었습니다. 재료의 분쇄, 성형, 소성 공정과 원자결함에 따른 유전, 압전 특성 변화에 대한 배경지식을 쌓았고, 내용을 이해하며 습득한 결과, A+의 우수한 성적을 받을 수 있었습니다. 제가 갖춘 소재 역량을 삼성전기에서 발휘하고 싶습니다.",
                "class": "지속적인 성장을 추구하는"
            },
            {
                "index": 1,
                "raw": "‘품질’과 ‘기술력’이 세계에서 통용되는 MLCC를 개발하겠습니다.\n중소형 어플리케이션과 자동차 시장의 확대에 따라 MLCC 시장은 지속적으로 성장하고 있습니다. 하지만 늘어나는 MLCC의 수요에 따라 불량률 또한 증가할 위험성이 있습니다.\n제품의 고품질화를 실현하기 위해 입사 초에는 전략, 생산부서의 업무 사이클이 어떻게 돌아가는지 파악하겠습니다. 이후, 타 부서와 유기적인 관계를 맺고 생산기지에서 발생할 수 있는 불량과 결함을 꼼꼼히 제어하겠습니다. 궁극적으로, 삼성전기 MLCC의 고품질화를 실현할 것입니다.",
                "class": "비즈니스 마인드를 갖춘"
            }
        ]
    }
}