{
    "meta": {
        "text_raw": "베트남에 있는 OO기업 OOOOOOOOOO에서 1년 넘게 근무하였습니다. OOOOO 제품 생산 공정 중 하나인 OOO 공정 책임자로서 설비를 직접 관리하는 업무를 맡았습니다. 설비 오류는 동작 급정지, 인쇄 색상 불균일 등 30대의 기계는 매일 1회/대 이상 발생하였습니다. 메인 생산에 들어가기 전 일정 물류를 흘려보내는 테스트 기간에도 오작동으로 인한 설비 가동 시간 부족은 일일 생산량 미달로 이어졌습니다.\n\n각종 오류가 발생할 때마다 장비의 메인 헤드를 분리하여 각 부품의 상태에서 작동까지 꼼꼼하게 확인하며 자주 발생하는 오류 유형을 3달간 파악하였습니다. 특히나 전 설비의 10%인 WORST 설비의 문제에 집중하여 각 문제를 설비, JIG, 인력으로 항목 화하여 누구라도 쉽게 빠르게 이해하여 설비 수리를 할 수 있는 메뉴얼을 준비하여 각 설비에 비치하였습니다. 1대당 설비 가동시간이 부족하여 추가 설비를 구매까지 이야기 나오던 상황에서 만들어진 메뉴얼의 효과는 상당하였습니다. 메뉴얼 비치 1달 후 설비 가동시간을 40%에서 75%까지 올릴 수 있었습니다. 지금은 지난 경험들을 더 체계적으로 정리할 수 있도록 일반기계 기사 자격증을 공부를 통하여 이론지식을 추가해오고 있습니다.\n\n또, 메뉴얼로 더 이상은 해결할 수 없었던 문제 해결을 위해 설비업체 직원을 짧은 기간 동안 공장 내에 파견시켜 추가 교육을 받고 동시에 1달간 초기 생산을 돕도록 협의하며 문제를 완전히 해결해 나갔습니다."
    },
    "anno_text_data": {
        "data": [
            {
                "index": 0,
                "raw": "베트남에 있는 OO기업 OOOOOOOOOO에서 1년 넘게 근무하였습니다. OOOOO 제품 생산 공정 중 하나인 OOO 공정 책임자로서 설비를 직접 관리하는 업무를 맡았습니다. 설비 오류는 동작 급정지, 인쇄 색상 불균일 등 30대의 기계는 매일 1회/대 이상 발생하였습니다. 메인 생산에 들어가기 전 일정 물류를 흘려보내는 테스트 기간에도 오작동으로 인한 설비 가동 시간 부족은 일일 생산량 미달로 이어졌습니다.\n\n각종 오류가 발생할 때마다 장비의 메인 헤드를 분리하여 각 부품의 상태에서 작동까지 꼼꼼하게 확인하며 자주 발생하는 오류 유형을 3달간 파악하였습니다. 특히나 전 설비의 10%인 WORST 설비의 문제에 집중하여 각 문제를 설비, JIG, 인력으로 항목 화하여 누구라도 쉽게 빠르게 이해하여 설비 수리를 할 수 있는 메뉴얼을 준비하여 각 설비에 비치하였습니다. 1대당 설비 가동시간이 부족하여 추가 설비를 구매까지 이야기 나오던 상황에서 만들어진 메뉴얼의 효과는 상당하였습니다. 메뉴얼 비치 1달 후 설비 가동시간을 40%에서 75%까지 올릴 수 있었습니다. 지금은 지난 경험들을 더 체계적으로 정리할 수 있도록 일반기계 기사 자격증을 공부를 통하여 이론지식을 추가해오고 있습니다.\n\n또, 메뉴얼로 더 이상은 해결할 수 없었던 문제 해결을 위해 설비업체 직원을 짧은 기간 동안 공장 내에 파견시켜 추가 교육을 받고 동시에 1달간 초기 생산을 돕도록 협의하며 문제를 완전히 해결해 나갔습니다.",
                "class": "지속적인 성장을 추구하는,적극적인,고도의 책임감을 가진"
            }
        ]
    }
}