{
    "meta": {
        "text_raw": "\"2% 부족한 점을 100% 만족으로 변화시키기 위해 지원했습니다\"\n\nCJ제일제당 생산기술 직무에 지원한 이유는 자취를 하며 자주 이용한 ‘비비고 브랜드의 제품을 생산하고 있는 회사'라는 친근함뿐만 아니라, 대학교 수업 때 배웠던 전공을 살려 생산설비에 있어 부족한 부분을 부족함 없는 설비로 바꾸고 싶기 때문입니다. 학교 강의 시간에 교수님께서 효율적인 플랫폼 공정이 중요하다고 하시면서, ASPEN HYSYS를 기반으로 이산화탄소 수소화를 통한 메탄올 생성 공정 설계를 하게 하셨습니다. 공정 설계를 통해서 효율적인 공정은 제조원가를 낮추어 수익을 높이고 제품을 뽑아내는 시간을 줄일 수 있음을 발견하였습니다. 이처럼 저도 부족한 점을 채워 효율적인 생산설비를 만들고 싶습니다. 다른 회사가 아닌 바로 'CJ제일제당'에서 이루고 싶습니다.\n\n존중과 협력이 저의 'ONLY ONE'이라고 생각합니다. 대학생 때 배드민턴을 좋아하는 사람들과 배드민턴 경기장에 격주로 갔습니다. 그때마다 과거에 배웠던 방법을 가지고 경기하였고, 개인전에서는 져본 적이 거의 없습니다. 팀플레이를 할 때도 있었습니다. 보통의 경우 못하는 사람과 치기를 싫어하지만, 저는 그렇지 않았습니다. 같은 팀원이 배드민턴을 어려워할 때는 경기 전에 과거에 배웠던 지식을 알려줬습니다. 어려운 상대를 만났지만, 승리를 이끌어낸 경험도 있습니다. 상대방 팀은 실력이 좋았지만 자기 위주의 플레이를 했습니다. 하지만 배드민턴은 협업하는 경기입니다. 개인의 역량도 중요하지만 우리의 역량이 더해지면 어려운 상황에서도 좋은 결과를 나타냄을 깨달았습니다."
    },
    "anno_text_data": {
        "data": [
            {
                "index": 0,
                "raw": "\"2% 부족한 점을 100% 만족으로 변화시키기 위해 지원했습니다\"\n\nCJ제일제당 생산기술 직무에 지원한 이유는 자취를 하며 자주 이용한 ‘비비고 브랜드의 제품을 생산하고 있는 회사'라는 친근함뿐만 아니라, 대학교 수업 때 배웠던 전공을 살려 생산설비에 있어 부족한 부분을 부족함 없는 설비로 바꾸고 싶기 때문입니다. 학교 강의 시간에 교수님께서 효율적인 플랫폼 공정이 중요하다고 하시면서, ASPEN HYSYS를 기반으로 이산화탄소 수소화를 통한 메탄올 생성 공정 설계를 하게 하셨습니다. 공정 설계를 통해서 효율적인 공정은 제조원가를 낮추어 수익을 높이고 제품을 뽑아내는 시간을 줄일 수 있음을 발견하였습니다. 이처럼 저도 부족한 점을 채워 효율적인 생산설비를 만들고 싶습니다. 다른 회사가 아닌 바로 'CJ제일제당'에서 이루고 싶습니다.",
                "class": "자원을 효율적으로 활용하는"
            },
            {
                "index": 1,
                "raw": "존중과 협력이 저의 'ONLY ONE'이라고 생각합니다. 대학생 때 배드민턴을 좋아하는 사람들과 배드민턴 경기장에 격주로 갔습니다. 그때마다 과거에 배웠던 방법을 가지고 경기하였고, 개인전에서는 져본 적이 거의 없습니다. 팀플레이를 할 때도 있었습니다. 보통의 경우 못하는 사람과 치기를 싫어하지만, 저는 그렇지 않았습니다. 같은 팀원이 배드민턴을 어려워할 때는 경기 전에 과거에 배웠던 지식을 알려줬습니다. 어려운 상대를 만났지만, 승리를 이끌어낸 경험도 있습니다. 상대방 팀은 실력이 좋았지만 자기 위주의 플레이를 했습니다. 하지만 배드민턴은 협업하는 경기입니다. 개인의 역량도 중요하지만 우리의 역량이 더해지면 어려운 상황에서도 좋은 결과를 나타냄을 깨달았습니다.",
                "class": "다양성을 존중하는,탄탄한 의사소통 능력을 가진"
            }
        ]
    }
}