{
    "meta": {
        "text_raw": "OOOOOOO OOO법인에서의 첫 라인 투어는 아직도 잊을 수가 없습니다. 엄청난 반자동화 라인현장이었고 현장에는 인력이 거의 없었기 때문입니다. 이렇게까지 자동화 라인을 가지고 있는 기술력 속에서 일하고 싶었습니다. 더욱이 삼성의 핵심인 반도체 제조 현장은 얼마나 더 대단한 곳인지 알고 싶었습니다.\n\n생산 효율을 떨어뜨리지 않게 설비를 문제없이 관리하는 설비엔지니어의 기본 준수하고 창의적으로 문제를 해결할 줄 아는 사람으로 사내에서 높은 평가를 받는 직원이 되겠습니다."
    },
    "anno_text_data": {
        "data": [
            {
                "index": 0,
                "raw": "OOOOOOO OOO법인에서의 첫 라인 투어는 아직도 잊을 수가 없습니다. 엄청난 반자동화 라인현장이었고 현장에는 인력이 거의 없었기 때문입니다. 이렇게까지 자동화 라인을 가지고 있는 기술력 속에서 일하고 싶었습니다. 더욱이 삼성의 핵심인 반도체 제조 현장은 얼마나 더 대단한 곳인지 알고 싶었습니다.\n\n생산 효율을 떨어뜨리지 않게 설비를 문제없이 관리하는 설비엔지니어의 기본 준수하고 창의적으로 문제를 해결할 줄 아는 사람으로 사내에서 높은 평가를 받는 직원이 되겠습니다.",
                "class": "지속적인 성장을 추구하는"
            }
        ]
    }
}