{
    "meta": {
        "text_raw": "\"변화하고 혁신하라\"\n\n제 직업관은 '변화를 이끌고 개선하라'입니다. 한국동서발전은 기존의 발전을 개선하면서 대산수소연료전지 발전소, 당진화력 회매립장 태양광 준공 등 다양한 결과를 얻어 왔습니다. 끊임없이 도전하고 결과를 얻는 점에서 저의 직업관에 공사가 부합하여 지원하게 되었습니다.\n\n\"도면 해석 및 설계 능력 함양, 아이디어 기획화\"\n\n한국동서발전에 입사하기 위해서 도면을 해석하고 설계하는 법을 익혔습니다. 전산기계제도, 기계요소설계 등 전공 강의를 수강하였고 CAD, CATIA를 비롯한 다양한 설계 프로그램을 다루어보았습니다. 또한 버려지는 에너지를 활용하기 위해 압전소자를 이용한 주차장을 고안하였습니다. 1000대의 차량이 지나갈 경우 하루에 10kwh, 연간 4만 194kwh의 전력을 얻도록 기획하여 아이디어 경진대회에 출품하였습니다. 입사 후에도 떠오르는 아이디어를 기술에 접목시켜 ‘Enrich the World with Clean Energy’에 기여하겠습니다."
    },
    "anno_text_data": {
        "data": [
            {
                "index": 0,
                "raw": "\"변화하고 혁신하라\"\n\n제 직업관은 '변화를 이끌고 개선하라'입니다. 한국동서발전은 기존의 발전을 개선하면서 대산수소연료전지 발전소, 당진화력 회매립장 태양광 준공 등 다양한 결과를 얻어 왔습니다. 끊임없이 도전하고 결과를 얻는 점에서 저의 직업관에 공사가 부합하여 지원하게 되었습니다.\n\n\"도면 해석 및 설계 능력 함양, 아이디어 기획화\"\n\n한국동서발전에 입사하기 위해서 도면을 해석하고 설계하는 법을 익혔습니다. 전산기계제도, 기계요소설계 등 전공 강의를 수강하였고 CAD, CATIA를 비롯한 다양한 설계 프로그램을 다루어보았습니다.",
                "class": "지속적인 성장을 추구하는"
            },
            {
                "index": 1,
                "raw": "또한 버려지는 에너지를 활용하기 위해 압전소자를 이용한 주차장을 고안하였습니다. 1000대의 차량이 지나갈 경우 하루에 10kwh, 연간 4만 194kwh의 전력을 얻도록 기획하여 아이디어 경진대회에 출품하였습니다. 입사 후에도 떠오르는 아이디어를 기술에 접목시켜 ‘Enrich the World with Clean Energy’에 기여하겠습니다.",
                "class": "유연한 사고를 가진,창의력을 가진,자원을 효율적으로 활용하는"
            }
        ]
    }
}