{
    "meta": {
        "text_raw": "\"후회 없이 최선을 다하자\"\n\n저의 삶에 대한 가치관은 '후회가 남지 않도록 최선을 다하자' 입니다.\n대학교 재학 시절 OO 기업의 인턴 면접에 지원했었습니다. 당시 저는 지원했던 회사가 비교적 작은 규모의 기업이기 때문에 쉽게 붙을 수 있을 것이라 판단했고, 불성실하게 면접을 준비했습니다. 당연히 면접 결과는 탈락이었습니다. 합격/불합격 여부를 떠나서, 자만에 빠져 최선을 다해 준비하지 않고 면접에 응했다는 점이 후회스러웠고, 스스로가 부끄러웠습니다.\n\n이때의 경험을 통해 앞으로는 저 자신을 객관적으로 평가하고, 사소하다고 생각하는 일에도 겸손한 자세로 임해야겠다고 결심했습니다. 이후, 다른 기업의 인턴 면접을 준비할 때는 탈락하더라도 후회하지 않도록 최선을 다했습니다. 그 기업이 현재 어떤 사업을 하고 있는지, 해당 산업 내에서 경쟁사와의 차별화 요소는 무엇인지 등 관련 정보를 철저하게 조사했습니다. 이를 바탕으로 교내 취업센터에서 진행하는 모의면접에 참여하며 체계적으로 면접을 준비했습니다. 그 결과, 인턴 최종 합격이라는 결과를 만들어 낼 수 있었습니다.\n\n입행 후에도, 항상 자만하지 않고 겸손한 태도를 바탕으로 업무를 수행하며, 저 자신에게 당당할 수 있는 행원이 되겠습니다.\n\n\"뚜렷한 목표의식과 계획력\"\n\n제 성격의 단점은 뚜렷한 목표를 세우지 않으면 느슨해진다는 점입니다. 대학교 1학년 재학 당시, 방학이 되면 아무런 계획 없이 시간을 보내며 무의미한 방학을 보내곤 했습니다.\n\n이러한 단점을 극복하기 위해 주 단위, 월 단위로 구체적인 목표와 계획을 세워왔습니다. 단기적으로 계획을 세우는 습관은 제가 낭비하는 시간을 크게 단축시켰습니다. 또한, 다양한 팀 프로젝트를 수행할 때도 유용했습니다. 저뿐만 아니라 팀원들에게도 시기별로 명확한 가이드라인을 제공할 수 있었기 때문입니다.\n\n입행 후에도 뚜렷한 목표의식을 바탕으로, 체계적으로 업무를 수행하며 동료들에게 긍정적인 영향을 끼칠 수 있도록 노력하겠습니다."
    },
    "anno_text_data": {
        "data": [
            {
                "index": 0,
                "raw": "\"후회 없이 최선을 다하자\"\n\n저의 삶에 대한 가치관은 '후회가 남지 않도록 최선을 다하자' 입니다.\n대학교 재학 시절 OO 기업의 인턴 면접에 지원했었습니다. 당시 저는 지원했던 회사가 비교적 작은 규모의 기업이기 때문에 쉽게 붙을 수 있을 것이라 판단했고, 불성실하게 면접을 준비했습니다. 당연히 면접 결과는 탈락이었습니다. 합격/불합격 여부를 떠나서, 자만에 빠져 최선을 다해 준비하지 않고 면접에 응했다는 점이 후회스러웠고, 스스로가 부끄러웠습니다.\n\n이때의 경험을 통해 앞으로는 저 자신을 객관적으로 평가하고, 사소하다고 생각하는 일에도 겸손한 자세로 임해야겠다고 결심했습니다. 이후, 다른 기업의 인턴 면접을 준비할 때는 탈락하더라도 후회하지 않도록 최선을 다했습니다. 그 기업이 현재 어떤 사업을 하고 있는지, 해당 산업 내에서 경쟁사와의 차별화 요소는 무엇인지 등 관련 정보를 철저하게 조사했습니다. 이를 바탕으로 교내 취업센터에서 진행하는 모의면접에 참여하며 체계적으로 면접을 준비했습니다. 그 결과, 인턴 최종 합격이라는 결과를 만들어 낼 수 있었습니다.\n\n입행 후에도, 항상 자만하지 않고 겸손한 태도를 바탕으로 업무를 수행하며, 저 자신에게 당당할 수 있는 행원이 되겠습니다.",
                "class": "지속적인 성장을 추구하는,고도의 자기주도성을 가진"
            },
            {
                "index": 1,
                "raw": "\"뚜렷한 목표의식과 계획력\"\n\n제 성격의 단점은 뚜렷한 목표를 세우지 않으면 느슨해진다는 점입니다. 대학교 1학년 재학 당시, 방학이 되면 아무런 계획 없이 시간을 보내며 무의미한 방학을 보내곤 했습니다.\n\n이러한 단점을 극복하기 위해 주 단위, 월 단위로 구체적인 목표와 계획을 세워왔습니다. 단기적으로 계획을 세우는 습관은 제가 낭비하는 시간을 크게 단축시켰습니다. 또한, 다양한 팀 프로젝트를 수행할 때도 유용했습니다. 저뿐만 아니라 팀원들에게도 시기별로 명확한 가이드라인을 제공할 수 있었기 때문입니다.\n\n입행 후에도 뚜렷한 목표의식을 바탕으로, 체계적으로 업무를 수행하며 동료들에게 긍정적인 영향을 끼칠 수 있도록 노력하겠습니다.",
                "class": "지속적인 성장을 추구하는,목표를 달성하는 능력을 갖춘"
            }
        ]
    }
}