{
    "meta": {
        "text_raw": "\"해상풍력발전의 활성화를 꿈꾸다\"\n\n현재 해상풍력발전은 신재생 에너지 추진 전략에 비해 조금 모자라는 발전량을 보유하고 있습니다. 해상풍력발전은 원자력과 화력발전을 대체할 목적으로 우리나라뿐만 아니라 세계적으로 개발을 활발히 하고 있습니다.하지만 소음의 발생과 해저 생태계에 미치는 영향, 어업에 종사하는 시민들의 반대 등으로 해상풍력발전이 빈번히 반대에 부딪히고 있습니다.\n\n우선 문제해결을 위한 방향과 목표를 수립한 후, 수산업과의 공전을 위한 기술 개발에 성공하고 싶습니다. 현재 생각한 개선 방향은 해양공간을 공동으로 이용하고, 관광 등 새로운 소득원을 창출하며 수산자원을 채취할 수 있도록 조성하는 것입니다. 또한 양식으리 생산량을 증대하고 해외 사례를 분석하여 통항 허용 및 문제 점검과 안전구역을 설정하는 것입니다. 그렇게 된다면 주민소득이 증대하고 일자리가 창출되어 해상풍력발전과 수산업이 공존할 수 있으리라 생각합니다. 이를 통해 미래형 에너지 생태계 조성에 기여하고 싶습니다."
    },
    "anno_text_data": {
        "data": [
            {
                "index": 0,
                "raw": "\"해상풍력발전의 활성화를 꿈꾸다\"\n\n현재 해상풍력발전은 신재생 에너지 추진 전략에 비해 조금 모자라는 발전량을 보유하고 있습니다. 해상풍력발전은 원자력과 화력발전을 대체할 목적으로 우리나라뿐만 아니라 세계적으로 개발을 활발히 하고 있습니다.하지만 소음의 발생과 해저 생태계에 미치는 영향, 어업에 종사하는 시민들의 반대 등으로 해상풍력발전이 빈번히 반대에 부딪히고 있습니다.\n\n우선 문제해결을 위한 방향과 목표를 수립한 후, 수산업과의 공전을 위한 기술 개발에 성공하고 싶습니다. 현재 생각한 개선 방향은 해양공간을 공동으로 이용하고, 관광 등 새로운 소득원을 창출하며 수산자원을 채취할 수 있도록 조성하는 것입니다. 또한 양식으리 생산량을 증대하고 해외 사례를 분석하여 통항 허용 및 문제 점검과 안전구역을 설정하는 것입니다. 그렇게 된다면 주민소득이 증대하고 일자리가 창출되어 해상풍력발전과 수산업이 공존할 수 있으리라 생각합니다. 이를 통해 미래형 에너지 생태계 조성에 기여하고 싶습니다.",
                "class": "유연한 사고를 가진,창의력을 가진"
            }
        ]
    }
}