{
    "meta": {
        "text_raw": "작년 생애 첫 풀코스 마라톤에 도전해서 3시간 59분 4초(SUB4, 4시간 이내 완주)의 기록으로 완주해냈습니다. 첫 도전이었던 만큼 훈련과정에서 지나친 자만과 경험 부족으로 걷는 것조차 힘든 부상을 겪기도 했습니다. 하지만 부상으로 인한 좌절감은 도전하고자 했던 저의 집념을 꺾지 못했습니다. 조급함을 내려놓고 인내와 끈기로 회복의 시간을 견뎌낸 결과 완주라는 목표를 달성할 수 있었습니다.\n\n하지만 이러한 목표지향적인 성격과 강한 추진력 때문에 군 복무 시절 주변을 돌아보지 못하고 함께하는 동료들의 체력과 효율을 떨어뜨리는 일이 있었습니다. 대화를 통해 동료들의 피로감을 알게 되었고 작업을 진행하기 전 계획적인 접근과 효율적인 분배가 필요함을 알게 되었습니다. 다음 작업이 예정되어 있을 때는 동료들과 함께 회의하고 피드백을 반영하여 작업을 진행했고 더 만족스러운 결과를 끌어냈을 뿐만 아니라 동료들의 체력과 정신적인 스트레스 모두 효과적으로 관리할 수 있었습니다."
    },
    "anno_text_data": {
        "data": [
            {
                "index": 0,
                "raw": "작년 생애 첫 풀코스 마라톤에 도전해서 3시간 59분 4초(SUB4, 4시간 이내 완주)의 기록으로 완주해냈습니다. 첫 도전이었던 만큼 훈련과정에서 지나친 자만과 경험 부족으로 걷는 것조차 힘든 부상을 겪기도 했습니다. 하지만 부상으로 인한 좌절감은 도전하고자 했던 저의 집념을 꺾지 못했습니다. 조급함을 내려놓고 인내와 끈기로 회복의 시간을 견뎌낸 결과 완주라는 목표를 달성할 수 있었습니다.",
                "class": "목표를 달성하는 능력을 갖춘"
            },
            {
                "index": 1,
                "raw": "하지만 이러한 목표지향적인 성격과 강한 추진력 때문에 군 복무 시절 주변을 돌아보지 못하고 함께하는 동료들의 체력과 효율을 떨어뜨리는 일이 있었습니다. 대화를 통해 동료들의 피로감을 알게 되었고 작업을 진행하기 전 계획적인 접근과 효율적인 분배가 필요함을 알게 되었습니다. 다음 작업이 예정되어 있을 때는 동료들과 함께 회의하고 피드백을 반영하여 작업을 진행했고 더 만족스러운 결과를 끌어냈을 뿐만 아니라 동료들의 체력과 정신적인 스트레스 모두 효과적으로 관리할 수 있었습니다.",
                "class": "다양한 의견을 수렴하는,탄탄한 의사소통 능력을 가진"
            }
        ]
    }
}