{
    "meta": {
        "text_raw": "\"미운 오리 새끼에서 백조로\"\n\n2학년 때에 아는 누나가 편입에 관해 말해주었습니다. 2년 동안 대학에 다니면서 “그저 적당한 학점을 받고 졸업해야지.”라는 생각으로 살아왔는데, 대화를 통해 “편입해서 현실에 안주하지 않고 큰 꿈을 가지고 공부해야지!”라고 생각하였습니다. 2학년을 마치자마자 군대에서 준비하게 되었는데, 목표한 대학은 단 한 개였습니다. 하나의 대학만 선택한 이유는 다른 대학과 달리 제가 지원하고자 하는 대학은 편입영어와 편입수학으로 시험을 보는 것이 아니라, 공인 영어점수와 함께 전공과목의 시험을 보았기 때문에 같이 준비하기에는 리스크가 컸기 때문이었습니다.\n\n군대에서 편입을 준비해야 했고, 지원 가능한 대학 중에서 가장 어려운 대학에 지원했기 때문에 처음에는 걱정이 많았습니다. 심지어 부대원들도 \"네가 군 생활하면서 편입을 어떻게 하니?\"라는 부정적인 소리를 했습니다. 또한 초기에는 공부할 수 없는 상황이었습니다. 하지만 어려운 상황에도 불구하고 기적처럼 합격한 사례가 있음을 보았고, 고등학생 때 “하면 된다.”라는 마음으로 공부하여 급격한 성적 상승을 경험했기 때문에 부대원들의 목소리에 신경 쓰지 않고 긍정적인 마음으로 편입 준비를 시작하였습니다.\n\n군 생활에 적응하며 6개월이 지나니 공부할 수 있게 되었습니다. 근무 중 쉬는 시간에는 OO버스 안에서 단어를 외우고 토익을 준비했습니다. 일과가 끝난 저녁 시간에는 계획한 분량을 끝낼 때까지 전공과목을 공부하였습니다. 하지만 OOOO 특성상 낮에는 휴식을 취하고 새벽에 근무하는 등 일과가 불규칙적이었습니다. 이 문제를 해결하기 위해 근무 패턴마다 공부 전략을 미리 세워놓고 그 전략에 따라 공부했습니다. 결과적으로 전역한 그해에 목표한 학교에 합격하였습니다. 편입을 준비하며 느낀 점은 주변에서 부정적인 소리를 할 때 거기에 눌려 포기하면 발전이 없지만, 부정적인 소리를 나만의 긍정적인 소리로 바꾸면 목표를 이루기까지 힘들 수도 있겠지만 결국 해낼 수 있음을 깨달았습니다."
    },
    "anno_text_data": {
        "data": [
            {
                "index": 0,
                "raw": "\"미운 오리 새끼에서 백조로\"\n\n2학년 때에 아는 누나가 편입에 관해 말해주었습니다. 2년 동안 대학에 다니면서 “그저 적당한 학점을 받고 졸업해야지.”라는 생각으로 살아왔는데, 대화를 통해 “편입해서 현실에 안주하지 않고 큰 꿈을 가지고 공부해야지!”라고 생각하였습니다. 2학년을 마치자마자 군대에서 준비하게 되었는데, 목표한 대학은 단 한 개였습니다. 하나의 대학만 선택한 이유는 다른 대학과 달리 제가 지원하고자 하는 대학은 편입영어와 편입수학으로 시험을 보는 것이 아니라, 공인 영어점수와 함께 전공과목의 시험을 보았기 때문에 같이 준비하기에는 리스크가 컸기 때문이었습니다.\n\n군대에서 편입을 준비해야 했고, 지원 가능한 대학 중에서 가장 어려운 대학에 지원했기 때문에 처음에는 걱정이 많았습니다. 심지어 부대원들도 \"네가 군 생활하면서 편입을 어떻게 하니?\"라는 부정적인 소리를 했습니다. 또한 초기에는 공부할 수 없는 상황이었습니다. 하지만 어려운 상황에도 불구하고 기적처럼 합격한 사례가 있음을 보았고, 고등학생 때 “하면 된다.”라는 마음으로 공부하여 급격한 성적 상승을 경험했기 때문에 부대원들의 목소리에 신경 쓰지 않고 긍정적인 마음으로 편입 준비를 시작하였습니다.",
                "class": "긍정적인 태도를 갖춘"
            },
            {
                "index": 1,
                "raw": "군 생활에 적응하며 6개월이 지나니 공부할 수 있게 되었습니다. 근무 중 쉬는 시간에는 OO버스 안에서 단어를 외우고 토익을 준비했습니다. 일과가 끝난 저녁 시간에는 계획한 분량을 끝낼 때까지 전공과목을 공부하였습니다. 하지만 OOOO 특성상 낮에는 휴식을 취하고 새벽에 근무하는 등 일과가 불규칙적이었습니다. 이 문제를 해결하기 위해 근무 패턴마다 공부 전략을 미리 세워놓고 그 전략에 따라 공부했습니다. 결과적으로 전역한 그해에 목표한 학교에 합격하였습니다. 편입을 준비하며 느낀 점은 주변에서 부정적인 소리를 할 때 거기에 눌려 포기하면 발전이 없지만, 부정적인 소리를 나만의 긍정적인 소리로 바꾸면 목표를 이루기까지 힘들 수도 있겠지만 결국 해낼 수 있음을 깨달았습니다.",
                "class": "지속적인 성장을 추구하는,고도의 자기주도성을 가진,목표를 달성하는 능력을 갖춘,긍정적인 태도를 갖춘"
            }
        ]
    }
}