{
    "meta": {
        "text_raw": "\"신뢰와 상생의 길을 가는 쌍용자동차\"\n\n제가 회사를 선택하는 데 있어 가장 중요하게 여기는 가치는 '신뢰'입니다. 초등학생 시절, 공장에서 일하시던 아버지의 손가락이 프레스기에 깔려 절단되는 사고가 발생하였습니다. 장기 치료를 받게 된 아버지께서 가장 우려하셨던 것은, 본인의 건강이 아니라 가족의 생계였습니다. 노동력을 상실한 아버지를 회사에서 내칠 경우, 앞으로의 소득이 막막하다는 걱정이었습니다. 하지만 아버지 회사에서는 정기적으로 병문안을 오는 한편, 완치 후 새로 운 일자리를 주선하겠다며 안심시켜주었고, 이러한 배려와 도움으로 저희 가정은 가장 어려웠던 시기를 벗어날 수 있었습니다. \n\n이후 저는, '직원들에게 믿음을 주는 회사' 에서 일하고 싶다는 기준을 세우게 되었습니다. 최근 국내 경제의 불황이 지속되면서, 완성차업계에서도 노사갈등으로 인한 파열음이 여럿 들리고 있습니다. 그러나, 경쟁사의 신차 출시로 인한 판매 감소 등 악재에도 불구하고, 쌍용자동차는 10년 연속으로 노사분규 없이 임금 협상을 완료해왔으며 안정적인 노사관계를 유지하고 있습니다. 이는 사측이 적극적으로 소통에 임하며, 노조 또한 긍정적으로 사측의 상생 의지를 믿기 때문이라고 생각합니다. 이처럼 회사와 직원이 함께 위기를 극복하고 성장해나간다는 믿음을 주는 쌍용자동차에서, 구성 원들이 행복하고 만족하며 그 역량을 최대한으로 발휘할 수 있는 회사를 만들고 싶습니다"
    },
    "anno_text_data": {
        "data": [
            {
                "index": 0,
                "raw": "\"신뢰와 상생의 길을 가는 쌍용자동차\"\n\n제가 회사를 선택하는 데 있어 가장 중요하게 여기는 가치는 '신뢰'입니다. 초등학생 시절, 공장에서 일하시던 아버지의 손가락이 프레스기에 깔려 절단되는 사고가 발생하였습니다. 장기 치료를 받게 된 아버지께서 가장 우려하셨던 것은, 본인의 건강이 아니라 가족의 생계였습니다. 노동력을 상실한 아버지를 회사에서 내칠 경우, 앞으로의 소득이 막막하다는 걱정이었습니다. 하지만 아버지 회사에서는 정기적으로 병문안을 오는 한편, 완치 후 새로 운 일자리를 주선하겠다며 안심시켜주었고, 이러한 배려와 도움으로 저희 가정은 가장 어려웠던 시기를 벗어날 수 있었습니다. \n\n이후 저는, '직원들에게 믿음을 주는 회사' 에서 일하고 싶다는 기준을 세우게 되었습니다. 최근 국내 경제의 불황이 지속되면서, 완성차업계에서도 노사갈등으로 인한 파열음이 여럿 들리고 있습니다. 그러나, 경쟁사의 신차 출시로 인한 판매 감소 등 악재에도 불구하고, 쌍용자동차는 10년 연속으로 노사분규 없이 임금 협상을 완료해왔으며 안정적인 노사관계를 유지하고 있습니다. 이는 사측이 적극적으로 소통에 임하며, 노조 또한 긍정적으로 사측의 상생 의지를 믿기 때문이라고 생각합니다. 이처럼 회사와 직원이 함께 위기를 극복하고 성장해나간다는 믿음을 주는 쌍용자동차에서, 구성 원들이 행복하고 만족하며 그 역량을 최대한으로 발휘할 수 있는 회사를 만들고 싶습니다",
                "class": "탄탄한 의사소통 능력을 가진,선한 영향력을 행사하는"
            }
        ]
    }
}