{
    "meta": {
        "text_raw": "저의 장점은 저 자신을 객관적으로 평가하고자 하는 태도 입니다. '자기 객관화'를 통해 현실을 수용했을 때 목표 달성 실패의 원인을 파악하고 개선방안을 고안할 수 있기 때문입니다.\n\n저의 단점은 다소 긴장을 많이 한다는 점입니다. 시험과 같은 중요한 평가에 임할 때면 긴장하는 탓에 제가 준비한 부분을 모두 발휘하지 못하고 끝나는 경우가 있었습니다.\n"
    },
    "anno_text_data": {
        "data": [
            {
                "index": 0,
                "raw": "저의 장점은 저 자신을 객관적으로 평가하고자 하는 태도 입니다. '자기 객관화'를 통해 현실을 수용했을 때 목표 달성 실패의 원인을 파악하고 개선방안을 고안할 수 있기 때문입니다.",
                "class": "데이터 기반의 의사결정을 하는"
            },
            {
                "index": 1,
                "raw": "저의 단점은 다소 긴장을 많이 한다는 점입니다. 시험과 같은 중요한 평가에 임할 때면 긴장하는 탓에 제가 준비한 부분을 모두 발휘하지 못하고 끝나는 경우가 있었습니다.",
                "class": "위기 상황에서도 안정감을 주는"
            }
        ]
    }
}