{
    "meta": {
        "text_raw": "회사를 선택하는 데 있어 가장 중요하게 여기는 가치는 '신뢰'입니다. \n\n\"신뢰와 상생의 길을 가는 현대미포조선\"\n\n초등학생 시절, 공장에서 일하시던 아버지의 손가락이 프레스기에 깔려 절단되는 사고가 발생하였습니다. 병원으로 응급 후송 되어 장기 치료를 받게 된 아버지께서 가장 우려하셨던 것은, 본인의 건강이 아니라 가족의 생계였습니다. 노동력을 상실한 아버지를 회사에서 내칠 경우, 소득이 없어져 앞으로가 막막하다는 걱정이었습니다. 하지만 아버지 회사에서는 정기적으로 병문안을 오는 한편, 완치 후 새로운 일자리를 주선하겠다며 안심시켜주었고, 이러한 배려와 도움으로 저희 가정은 가장 어려웠던 시기를 벗어날 수 있었습니다. \n\n이후 저는, '직원들에게 믿음을 주는 회사' 에서 일하고 싶다는 기준을 세우게 되었습니다. 현대미포조선은 PC선과 중형 컨테이너선을 바탕으로 중형선 부문 세계 1위의 위상을 더욱 강화시켜 국가 경제발전에 크게 기여한 공을 인정받은 결과로, 2006년 우리나라에서 가장 신뢰받는 기업상을 수상한 적이 있습니다. 또한, 최근에는 국내 경제의 불황이 지속되면서, 단체교섭이 결렬되고 파업에 돌입하는 등 노사관계가 악화되는 기업들의 소식이 여럿 들려왔습니다. 그러나, 조선업 불황에도 불구하고 현대미포조선은 2019년 5월 임금협약을 성공적으로 갱신하면서 23년 연속 파업없이 임금 협약을 타결한 역사를 이어오게 되었습니다.\n\n이는 사측이 적극적으로 소통에 임하며 상생의 노사관계를 이어나갈 의지를 표명한 것에 대해, 노조 또한 전향적이고 긍정적인 자세로 이를 수용했기 때문입니다. 이처럼 직원을 소중히 여기고 회사와 직원이 함께 성장해나간다는 믿음을 주는 현대미포조선은, '신뢰'라는 가치에 부합하는 회사라고 생각합니다."
    },
    "anno_text_data": {
        "data": [
            {
                "index": 0,
                "raw": "회사를 선택하는 데 있어 가장 중요하게 여기는 가치는 '신뢰'입니다. \n\n\"신뢰와 상생의 길을 가는 현대미포조선\"\n\n초등학생 시절, 공장에서 일하시던 아버지의 손가락이 프레스기에 깔려 절단되는 사고가 발생하였습니다. 병원으로 응급 후송 되어 장기 치료를 받게 된 아버지께서 가장 우려하셨던 것은, 본인의 건강이 아니라 가족의 생계였습니다. 노동력을 상실한 아버지를 회사에서 내칠 경우, 소득이 없어져 앞으로가 막막하다는 걱정이었습니다. 하지만 아버지 회사에서는 정기적으로 병문안을 오는 한편, 완치 후 새로운 일자리를 주선하겠다며 안심시켜주었고, 이러한 배려와 도움으로 저희 가정은 가장 어려웠던 시기를 벗어날 수 있었습니다. \n\n이후 저는, '직원들에게 믿음을 주는 회사' 에서 일하고 싶다는 기준을 세우게 되었습니다. 현대미포조선은 PC선과 중형 컨테이너선을 바탕으로 중형선 부문 세계 1위의 위상을 더욱 강화시켜 국가 경제발전에 크게 기여한 공을 인정받은 결과로, 2006년 우리나라에서 가장 신뢰받는 기업상을 수상한 적이 있습니다. 또한, 최근에는 국내 경제의 불황이 지속되면서, 단체교섭이 결렬되고 파업에 돌입하는 등 노사관계가 악화되는 기업들의 소식이 여럿 들려왔습니다. 그러나, 조선업 불황에도 불구하고 현대미포조선은 2019년 5월 임금협약을 성공적으로 갱신하면서 23년 연속 파업없이 임금 협약을 타결한 역사를 이어오게 되었습니다.\n\n이는 사측이 적극적으로 소통에 임하며 상생의 노사관계를 이어나갈 의지를 표명한 것에 대해, 노조 또한 전향적이고 긍정적인 자세로 이를 수용했기 때문입니다. 이처럼 직원을 소중히 여기고 회사와 직원이 함께 성장해나간다는 믿음을 주는 현대미포조선은, '신뢰'라는 가치에 부합하는 회사라고 생각합니다.",
                "class": "선한 영향력을 행사하는,탄탄한 의사소통 능력을 가진"
            }
        ]
    }
}