{
    "meta": {
        "text_raw": "\"기초에서 심화로 가는 여정\"\n\n공정 개발직에 지원한 이유는 실험에 대한 흥미와 함께 정제와 관련된 지식을 활용하여 정제 공정 직무에 들어가 회사의 수익을 내는 효율적인 공정을 개발하고 싶기 때문입니다.\n\n고등학생 때 생물 동아리를 하면서 꽃배추를 가지고 크로마토그래피 방법을 이용하여 안토시아닌을 분리했던 경험이 있습니다. 이후 4학년이 되던 해에 화학분석 기사를 공부할 기회가 있었습니다. 순간 “고등학교 때 배웠던 개념일 거야” 하며 쉽게 생각했지만 쉽지만은 않았습니다. 자격증 시험 준비 가운데 크로마토그래피의 종류인 HPLC, GC를 주제로 깊이 공부할 수 있었고, 유기화학 과목에 나온 MS, IR, NMR을 주제로 한 분광분석법을 복습했습니다. 실기 시험에서는 직접 표준용액과 미지시료를 가지고 용액을 제조했고, 분광광도계를 이용해 흡광도를 측정하고 미지시료의 농도를 계산하였습니다. 실기시험을 통해 실험에 흥미를 느낌을 경험했고 더 많은 실험을 하고 싶어 화학 분석 기사시험을 준비했고 합격했습니다.\n\n정제 공정 가운데 단백질이 손상되면 쓸 수 없고, 품질이 낮으면 고객의 입장에서 회사와 재계약하고 싶지 않을 것입니다. 정제에도 전략이 있다고 들었습니다. 입사 후 정제 공정 직무에서 경험을 많이 해보고 전략을 잘 세워 단백질의 활성에 영향을 주지 않음과 동시에 고품질의 의약품을 생산할 수 있는 효율적인 정제 공정을 개발하겠습니다."
    },
    "anno_text_data": {
        "data": [
            {
                "index": 0,
                "raw": "\"기초에서 심화로 가는 여정\"\n\n공정 개발직에 지원한 이유는 실험에 대한 흥미와 함께 정제와 관련된 지식을 활용하여 정제 공정 직무에 들어가 회사의 수익을 내는 효율적인 공정을 개발하고 싶기 때문입니다.\n\n고등학생 때 생물 동아리를 하면서 꽃배추를 가지고 크로마토그래피 방법을 이용하여 안토시아닌을 분리했던 경험이 있습니다. 이후 4학년이 되던 해에 화학분석 기사를 공부할 기회가 있었습니다. 순간 “고등학교 때 배웠던 개념일 거야” 하며 쉽게 생각했지만 쉽지만은 않았습니다. 자격증 시험 준비 가운데 크로마토그래피의 종류인 HPLC, GC를 주제로 깊이 공부할 수 있었고, 유기화학 과목에 나온 MS, IR, NMR을 주제로 한 분광분석법을 복습했습니다. 실기 시험에서는 직접 표준용액과 미지시료를 가지고 용액을 제조했고, 분광광도계를 이용해 흡광도를 측정하고 미지시료의 농도를 계산하였습니다. 실기시험을 통해 실험에 흥미를 느낌을 경험했고 더 많은 실험을 하고 싶어 화학 분석 기사시험을 준비했고 합격했습니다.\n\n정제 공정 가운데 단백질이 손상되면 쓸 수 없고, 품질이 낮으면 고객의 입장에서 회사와 재계약하고 싶지 않을 것입니다. 정제에도 전략이 있다고 들었습니다. 입사 후 정제 공정 직무에서 경험을 많이 해보고 전략을 잘 세워 단백질의 활성에 영향을 주지 않음과 동시에 고품질의 의약품을 생산할 수 있는 효율적인 정제 공정을 개발하겠습니다.",
                "class": "지속적인 성장을 추구하는,고도의 자기주도성을 가진"
            }
        ]
    }
}