{
    "meta": {
        "text_raw": "첫 번째로, 기존 고객을 대상으로 뉴스레터를 작성하고 발송하며 고객관리 업무를 수행했습니다. 저는 매월 두 차례 뉴스레터를 발송하며 시간, 날짜, 콘텐츠별로 클릭률을 기록해왔습니다. 그리고 해당 데이터를 분석해서 뉴스레터의 클릭률을 높일 수 있는 전략을 수립했습니다. 그 결과 지난 분기 대비 약 13% 향상한 클릭률을 달성할 수 있었습니다.\n\n회사 블로그와 SNS 계정, 홈페이지 내 홍보센터 등의 온라인 채널을 활용해 마케팅 활동을 했습니다. 업계 혹은 회사 관련 이슈와 우수 고객 사례, 서비스 할인 행사 등의 내용을 바탕으로 카드뉴스를 제작하고 채널에 등록했습니다.\n\n또한, 구글 Analytics 프로그램을 통해 회사 웹사이트 방문자 추이를 기록하고, 고객의 검색 키워드 데이터를 분석했습니다. 이후 회사 웹사이트 접속을 증가시킬 수 있는 키워드를 선별해서 검색엔진 최적화를 진행했으며, 구글 Ads 프로그램을 통해 회사 웹사이트 광고를 등록했습니다. 위의 활동을 통해 웹사이트 방문자 수를 1분기 대비 60% 증가시켰습니다.\n\n마지막으로 회사 웹사이트 리뉴얼 업무를 수행했습니다. 저는 '웹어워드 코리아(우수 웹 평가 시상식)'에 선정된 다양한 우수 설계 사례와 관련 논문을 참고해 웹사이트 내 UI와 UX를 새롭게 기획했습니다."
    },
    "anno_text_data": {
        "data": [
            {
                "index": 0,
                "raw": "첫 번째로, 기존 고객을 대상으로 뉴스레터를 작성하고 발송하며 고객관리 업무를 수행했습니다. 저는 매월 두 차례 뉴스레터를 발송하며 시간, 날짜, 콘텐츠별로 클릭률을 기록해왔습니다. 그리고 해당 데이터를 분석해서 뉴스레터의 클릭률을 높일 수 있는 전략을 수립했습니다. 그 결과 지난 분기 대비 약 13% 향상한 클릭률을 달성할 수 있었습니다.\n\n회사 블로그와 SNS 계정, 홈페이지 내 홍보센터 등의 온라인 채널을 활용해 마케팅 활동을 했습니다. 업계 혹은 회사 관련 이슈와 우수 고객 사례, 서비스 할인 행사 등의 내용을 바탕으로 카드뉴스를 제작하고 채널에 등록했습니다.",
                "class": "고도의 책임감을 가진,목표를 달성하는 능력을 갖춘"
            },
            {
                "index": 1,
                "raw": "또한, 구글 Analytics 프로그램을 통해 회사 웹사이트 방문자 추이를 기록하고, 고객의 검색 키워드 데이터를 분석했습니다. 이후 회사 웹사이트 접속을 증가시킬 수 있는 키워드를 선별해서 검색엔진 최적화를 진행했으며, 구글 Ads 프로그램을 통해 회사 웹사이트 광고를 등록했습니다. 위의 활동을 통해 웹사이트 방문자 수를 1분기 대비 60% 증가시켰습니다.",
                "class": "데이터 기반의 의사결정을 하는,문제해결능력이 뛰어난"
            },
            {
                "index": 2,
                "raw": "마지막으로 회사 웹사이트 리뉴얼 업무를 수행했습니다. 저는 '웹어워드 코리아(우수 웹 평가 시상식)'에 선정된 다양한 우수 설계 사례와 관련 논문을 참고해 웹사이트 내 UI와 UX를 새롭게 기획했습니다.",
                "class": "고도의 자기주도성을 가진"
            }
        ]
    }
}