{
    "meta": {
        "text_raw": "유학 시절 남들보다 두세 배 노력해 꼴등에서 1등을 차지했습니다. 반 배치 고사에서 50% 정답률을 목표했지만 100점 중 15점을 맞았습니다. 중국어가 처음이어서 수업을 따라가기 힘들었고 현지인들과 소통이 어려워 불편했습니다. 택시 기사와 오해가 생겨 엉뚱한 목적지에서 내리고 식당에서 원하는 음식을 주문하지 못해 아무거나 먹곤 했습니다\n\n선생님들은 HSK 6급 수준에 도달하려면 3년 정도가 필요하다 말했습니다. 하지만 주어진 시간 동안 최선을 다해, 발전한 모습으로서 언어 공부를 두려워하는 친구들의 본보기가 되고 싶었습니다. 그 목표를 위해 학교 수업 외에도 세 가지를 더 실천했습니다.\n\n1) 누가 시키지 않아도 매일 A4 분량의 중국어 일기를 써 갔고 선생님들께 첨삭을 부탁했습니다.\n2) 중국인과 매일 어울렸습니다. 교정을 돌아다니며 말을 걸고 친구를 만들었고, 그들이 알려 준 문장들을 적어 수시로 꺼내 보며 연습했습니다.\n3) 매일 30분 일찍 등교해 단어를 20개씩 외우고, 자투리 시간엔 중국어 노래를 들으며 가사를 익혔습니다.\n결과적으로 출석률 100% 달성과 함께 성적 1등 장학금을 받았습니다. 선생님들께 좋은 평을 얻어 수료식 스피치도 맡았습니다. 또 유학 1년 만에 꿈꾸던 HSK 6급을 취득하게 되었습니다. 이 경험을 통해 큰 성취감과 자신감을 얻은 동시에 항상 주어진 환경에서 최선을 다하는 삶의 태도를 갖게 되었습니다."
    },
    "anno_text_data": {
        "data": [
            {
                "index": 0,
                "raw": "유학 시절 남들보다 두세 배 노력해 꼴등에서 1등을 차지했습니다. 반 배치 고사에서 50% 정답률을 목표했지만 100점 중 15점을 맞았습니다. 중국어가 처음이어서 수업을 따라가기 힘들었고 현지인들과 소통이 어려워 불편했습니다. 택시 기사와 오해가 생겨 엉뚱한 목적지에서 내리고 식당에서 원하는 음식을 주문하지 못해 아무거나 먹곤 했습니다\n\n선생님들은 HSK 6급 수준에 도달하려면 3년 정도가 필요하다 말했습니다. 하지만 주어진 시간 동안 최선을 다해, 발전한 모습으로서 언어 공부를 두려워하는 친구들의 본보기가 되고 싶었습니다. 그 목표를 위해 학교 수업 외에도 세 가지를 더 실천했습니다.\n\n1) 누가 시키지 않아도 매일 A4 분량의 중국어 일기를 써 갔고 선생님들께 첨삭을 부탁했습니다.\n2) 중국인과 매일 어울렸습니다. 교정을 돌아다니며 말을 걸고 친구를 만들었고, 그들이 알려 준 문장들을 적어 수시로 꺼내 보며 연습했습니다.\n3) 매일 30분 일찍 등교해 단어를 20개씩 외우고, 자투리 시간엔 중국어 노래를 들으며 가사를 익혔습니다.\n결과적으로 출석률 100% 달성과 함께 성적 1등 장학금을 받았습니다. 선생님들께 좋은 평을 얻어 수료식 스피치도 맡았습니다. 또 유학 1년 만에 꿈꾸던 HSK 6급을 취득하게 되었습니다. 이 경험을 통해 큰 성취감과 자신감을 얻은 동시에 항상 주어진 환경에서 최선을 다하는 삶의 태도를 갖게 되었습니다.",
                "class": "지속적인 성장을 추구하는,고도의 자기주도성을 가진,목표를 달성하는 능력을 갖춘"
            }
        ]
    }
}