{
    "meta": {
        "text_raw": "\"편의점은 절대 망하지 않는다\"\n\n이제는 전국 웬만한 곳에서 24시간 언제든 편의점에서 끼니와 생필품 구매를 해결할 수 있습니다. 깜깜한 밤길을 걷다 익숙한 편의점 간판의 불빛을 보면 고맙기까지 합니다. 친근함과 편리함이 주는 호감도가 타 유통 채널과는 다른 엄청난 가치를 만들어냅니다. 이것이 편의점 업계가 30여년의 짧은 역사에도 불구하고 빠르게 성장한 이유이며, 이런 추세로 볼 때 편의점만큼은 언택트, IT등의 트렌드 변화에도 흔들림 없을 것입니다. 다수의 점포 운영이 수익으로 이어지는 프랜차이즈 산업 특성상, 차별화된 MD역량과 컨셉 점포 등으로 꾸준히 가맹점주를 확보하고 있는 GS리테일의 미래가 밝습니다. OOO OOOO극장 스태프로 근무하며 공연팀과 주관사의 원활한 소통을 도왔고, 매주 30통 이상의 설문지를 돌려 관객들의 의견을 현장에 반영했습니다. 영업관리 직무는 현장에서 피드백을 받을 수 있고, 활동력 있게 돌아다닐 수 있다는 점에서 매력적입니다. 또 쉽지 않은 목표를 달성하는 데서 재미를 느끼는 저의 성향과도 잘 맞습니다. 다양한 경험과 성격적 장점을 살려 매출1위 점포를 만드는 영업관리자가 되겠습니다. "
    },
    "anno_text_data": {
        "data": [
            {
                "index": 0,
                "raw": "\"편의점은 절대 망하지 않는다\"\n\n이제는 전국 웬만한 곳에서 24시간 언제든 편의점에서 끼니와 생필품 구매를 해결할 수 있습니다. 깜깜한 밤길을 걷다 익숙한 편의점 간판의 불빛을 보면 고맙기까지 합니다. 친근함과 편리함이 주는 호감도가 타 유통 채널과는 다른 엄청난 가치를 만들어냅니다. 이것이 편의점 업계가 30여년의 짧은 역사에도 불구하고 빠르게 성장한 이유이며, 이런 추세로 볼 때 편의점만큼은 언택트, IT등의 트렌드 변화에도 흔들림 없을 것입니다. 다수의 점포 운영이 수익으로 이어지는 프랜차이즈 산업 특성상, 차별화된 MD역량과 컨셉 점포 등으로 꾸준히 가맹점주를 확보하고 있는 GS리테일의 미래가 밝습니다.",
                "class": "비즈니스 마인드를 갖춘"
            },
            {
                "index": 1,
                "raw": "OOO OOOO극장 스태프로 근무하며 공연팀과 주관사의 원활한 소통을 도왔고, 매주 30통 이상의 설문지를 돌려 관객들의 의견을 현장에 반영했습니다. 영업관리 직무는 현장에서 피드백을 받을 수 있고, 활동력 있게 돌아다닐 수 있다는 점에서 매력적입니다. 또 쉽지 않은 목표를 달성하는 데서 재미를 느끼는 저의 성향과도 잘 맞습니다. 다양한 경험과 성격적 장점을 살려 매출1위 점포를 만드는 영업관리자가 되겠습니다. ",
                "class": "다양한 의견을 수렴하는,탄탄한 의사소통 능력을 가진"
            }
        ]
    }
}