{
    "meta": {
        "text_raw": "\"직관과 느낌보다, 데이터와 분석으로\"\n\n2016년 초부터 활동했던 봉사동아리는 장애아동과 OOO 학생 봉사자가 짝을 지어 함께하는 단체였습니다. 그렇기에 성공적\n인 활동을 위해서는 각 아동에게 적합한 봉사자가 매칭되는 것이 필수적이었습니다. 16년 중순 대표가 된 저는, 이미지와 느\n낌만을 기준으로 이루어지던 기존의 매칭 방식을 개선하기로 결정하였습니다. 가장 먼저 어린이별 담당 교사가 갖춰야 할 자\n질을 조사하였습니다. 그리고 교사들을 대상으로 자가 평가지를 만들었습니다. 활동 중 발생할 수 있는 상황을 가정하고, 어\n떻게 행동할 것인지를 고르게 하는 내용이었습니다. 결과를 수합하고 엑셀로 수치화하여 매칭을 진행하였습니다. 그 결과, 중\n간과 기말에 실시한 2번의 자체평가에서 매칭 만족도가 5점 척도 기준 2.7에서 3.8로 크게 향상되었다는 피드백을 얻을 수\n있었습니다.\n\n\"노동법 지식을 쌓기 위한 노력\"\n\n시시각각 변하는 노동 환경 속에서, 근로기준법·노동조합법·사회보험법 등 관련 법령에 대한 이해는, 인사 직무 수행에 있어\n필수적이라고 생각하였습니다. 이를 위해 작년 4월부터 공인노무사 공부를 시작하였고, 6월1일에는 1차 시험에 응시하였습니\n다. 비록 2점 차이로 합격에는 이르지 못했지만, 이후 HRM전문가 자격증을 취득하는 등 노동 관련 법률 지식을 습득하고 인\n사관리 분야의 전문성을 쌓을 수 있었던 것은 매우 큰 수확이었습니다"
    },
    "anno_text_data": {
        "data": [
            {
                "index": 0,
                "raw": "\"직관과 느낌보다, 데이터와 분석으로\"\n\n2016년 초부터 활동했던 봉사동아리는 장애아동과 OOO 학생 봉사자가 짝을 지어 함께하는 단체였습니다. 그렇기에 성공적\n인 활동을 위해서는 각 아동에게 적합한 봉사자가 매칭되는 것이 필수적이었습니다. 16년 중순 대표가 된 저는, 이미지와 느\n낌만을 기준으로 이루어지던 기존의 매칭 방식을 개선하기로 결정하였습니다. 가장 먼저 어린이별 담당 교사가 갖춰야 할 자\n질을 조사하였습니다. 그리고 교사들을 대상으로 자가 평가지를 만들었습니다. 활동 중 발생할 수 있는 상황을 가정하고, 어\n떻게 행동할 것인지를 고르게 하는 내용이었습니다. 결과를 수합하고 엑셀로 수치화하여 매칭을 진행하였습니다. 그 결과, 중\n간과 기말에 실시한 2번의 자체평가에서 매칭 만족도가 5점 척도 기준 2.7에서 3.8로 크게 향상되었다는 피드백을 얻을 수\n있었습니다.",
                "class": "유연한 사고를 가진,문제해결능력이 뛰어난,데이터 기반의 의사결정을 하는"
            },
            {
                "index": 1,
                "raw": "\"노동법 지식을 쌓기 위한 노력\"\n\n시시각각 변하는 노동 환경 속에서, 근로기준법·노동조합법·사회보험법 등 관련 법령에 대한 이해는, 인사 직무 수행에 있어\n필수적이라고 생각하였습니다. 이를 위해 작년 4월부터 공인노무사 공부를 시작하였고, 6월1일에는 1차 시험에 응시하였습니\n다. 비록 2점 차이로 합격에는 이르지 못했지만, 이후 HRM전문가 자격증을 취득하는 등 노동 관련 법률 지식을 습득하고 인\n사관리 분야의 전문성을 쌓을 수 있었던 것은 매우 큰 수확이었습니다",
                "class": "적응력이 높은,지속적인 성장을 추구하는"
            }
        ]
    }
}