{
    "meta": {
        "text_raw": "\"능동의 중요성을 깨닫다\"\n\n업무 수행에 있어 가장 중요한 것은 '능동의 가치'라고 생각합니다. 능동을 중요시하는 이유는 그 과정을 통해 개인과 팀 모두 목표를 달성하고 성장할 수 있기 때문입니다.\n\nOOOOOO 안내원으로 근무했던 경험을 통해 본인의 역할에 대한 능동적인 행동이 중요하다는 점을 배웠습니다. 하루는 공연 도중 관람객 한 분이 실신하는 사고가 발생했고, 모두가 당황해서 적절한 조치를 취하지 못하고 있었습니다. 그때, 한 안내원이 쓰러진 관람객의 상태를 확인한 후, 구급차를 불러 빠르게 상황을 수습했고 공연도 무사히 마무리할 수 있었습니다.\n\n이후, OO기업에서 인턴으로 근무하며 능동의 가치를 실천하고자 노력했습니다. 저는 해당 업무에 대한 지시가 없었지만 스스로 회사 웹사이트 리뉴얼 전략을 수립해 기획안을 작성했습니다. 당시 회사의 웹사이트는 고객 관점에서 불편한 점이 존재한다고 판단했기 때문입니다. 팀장님으로부터 허가를 받아 웹사이트 리뉴얼을 진행할 수 있었습니다.\n\n현대렌탈케어는 제가 능동의 가치를 실천하기 적합한 회사라 생각합니다. 다음의 사례를 통해 귀사가 새로운 시도를 두려워하지 않는다는 점을 확인할 수 있기 때문입니다. 귀사는 현대백화점 그룹이 보유한 다양한 유통망을 활용해 체험 매장을 구축함으로써 오프라인 고객 접점을 확대하고 있습니다. 또한, 챗봇 서비스인 '현대큐밍알리미'를 출시하며 고객의 편의를 높이기 위해 노력하고 있습니다. 이처럼 다방면에서 적극적인 사업 활동을 추진하는 귀사에서 근무한다면, 저 역시 능동의 가치를 실천하고 마케팅 전문가로 성장할 수 있을 것입니다."
    },
    "anno_text_data": {
        "data": [
            {
                "index": 0,
                "raw": "\"능동의 중요성을 깨닫다\"\n\n업무 수행에 있어 가장 중요한 것은 '능동의 가치'라고 생각합니다. 능동을 중요시하는 이유는 그 과정을 통해 개인과 팀 모두 목표를 달성하고 성장할 수 있기 때문입니다.\n\nOOOOOO 안내원으로 근무했던 경험을 통해 본인의 역할에 대한 능동적인 행동이 중요하다는 점을 배웠습니다. 하루는 공연 도중 관람객 한 분이 실신하는 사고가 발생했고, 모두가 당황해서 적절한 조치를 취하지 못하고 있었습니다. 그때, 한 안내원이 쓰러진 관람객의 상태를 확인한 후, 구급차를 불러 빠르게 상황을 수습했고 공연도 무사히 마무리할 수 있었습니다.",
                "class": "위기 상황에서도 안정감을 주는"
            },
            {
                "index": 1,
                "raw": "이후, OO기업에서 인턴으로 근무하며 능동의 가치를 실천하고자 노력했습니다. 저는 해당 업무에 대한 지시가 없었지만 스스로 회사 웹사이트 리뉴얼 전략을 수립해 기획안을 작성했습니다. 당시 회사의 웹사이트는 고객 관점에서 불편한 점이 존재한다고 판단했기 때문입니다. 팀장님으로부터 허가를 받아 웹사이트 리뉴얼을 진행할 수 있었습니다.",
                "class": "고도의 자기주도성을 가진"
            },
            {
                "index": 2,
                "raw": "현대렌탈케어는 제가 능동의 가치를 실천하기 적합한 회사라 생각합니다. 다음의 사례를 통해 귀사가 새로운 시도를 두려워하지 않는다는 점을 확인할 수 있기 때문입니다. 귀사는 현대백화점 그룹이 보유한 다양한 유통망을 활용해 체험 매장을 구축함으로써 오프라인 고객 접점을 확대하고 있습니다. 또한, 챗봇 서비스인 '현대큐밍알리미'를 출시하며 고객의 편의를 높이기 위해 노력하고 있습니다. 이처럼 다방면에서 적극적인 사업 활동을 추진하는 귀사에서 근무한다면, 저 역시 능동의 가치를 실천하고 마케팅 전문가로 성장할 수 있을 것입니다.",
                "class": "비즈니스 마인드를 갖춘"
            }
        ]
    }
}