{
    "meta": {
        "text_raw": "\"바이오 산업이 빠진 아쉬움\"\n\n정부가 이번 연도 7월에 발표한 한국판 뉴딜 정책이 최근 발생한 사회이슈라고 생각합니다. 이 정책은 코로나19 사태 이후 경기 회복을 위해 마련한 장기 국가 프로젝트입니다. 하지만 규모가 큰 정책이고, 경제활력을 위해 파급력이 큰 사업을 선택한다는 기준이 있었는데 바이오 분야가 대표과제에 없었기 때문에 의문이 생겼습니다.\n\n지금 바이오 분야는 많은 회사에서 성장하고 있고, 바이러스와 같은 질병의 발생 주기가 짧아지는 상황 가운데 사람들이 관심을 가지고 있습니다. 정부가 바이오 회사에도 관심을 가지고 대표과제로 선정하여 지원을 아끼지 않는다면 바이오 분야의 연구개발이 지금보다는 활발히 이루어질 것입니다. 그리고 이후에 발생할 또 다른 바이러스에 대비하여 치료제가 필요할 때에 한국 바이오산업이 전 세계가 열광하는 K-POP처럼 많은 회사에서 관심을 가지고 계약을 할 것입니다."
    },
    "anno_text_data": {
        "data": [
            {
                "index": 0,
                "raw": "\"바이오 산업이 빠진 아쉬움\"\n\n정부가 이번 연도 7월에 발표한 한국판 뉴딜 정책이 최근 발생한 사회이슈라고 생각합니다. 이 정책은 코로나19 사태 이후 경기 회복을 위해 마련한 장기 국가 프로젝트입니다. 하지만 규모가 큰 정책이고, 경제활력을 위해 파급력이 큰 사업을 선택한다는 기준이 있었는데 바이오 분야가 대표과제에 없었기 때문에 의문이 생겼습니다.\n\n지금 바이오 분야는 많은 회사에서 성장하고 있고, 바이러스와 같은 질병의 발생 주기가 짧아지는 상황 가운데 사람들이 관심을 가지고 있습니다. 정부가 바이오 회사에도 관심을 가지고 대표과제로 선정하여 지원을 아끼지 않는다면 바이오 분야의 연구개발이 지금보다는 활발히 이루어질 것입니다. 그리고 이후에 발생할 또 다른 바이러스에 대비하여 치료제가 필요할 때에 한국 바이오산업이 전 세계가 열광하는 K-POP처럼 많은 회사에서 관심을 가지고 계약을 할 것입니다.",
                "class": "비즈니스 마인드를 갖춘"
            }
        ]
    }
}