{
    "meta": {
        "text_raw": "저는 연구실의 데모 팀의 리더였습니다. 저와 함께 일한 팀원들은 각자 맡은 개발 업무가 달랐습니다. 이 때문에 서로 업무를 진행하며 논쟁이 있었고, 이때 이를 해결하고 모두가 한 팀으로 있게 하는 것이 어려웠습니다. 하지만, 저희는 대화로서 이것들을 극복하고 데모를 완성했을 뿐만 아니라 그 이후로도 좋은 관계를 유지하고 있습니다. \n\n저희 연구실의 데모 컨셉은 IoT device에서 SDN을 활용하여 엣지 클러스터로 비디오를 전송한 뒤, 엣지 클러스터에서 비디오를 AI로 처리하여 결과물을 다시 디스플레이 서버로 전송하는 것이였습니다. 여럿이서 하나의 데모를 개발하다보니, 서로의 개발 방향이 어긋나거나 공동으로 작업중인 물리 머신을 누군가가 재부팅하는 등의 사소한 이슈들이 많이 있었습니다. 그리고 팀원들 또한 이런 일이 생길때면 서로가 감정을 소모하고, 관계가 나빠지는 것을 느낄 수 있었습니다. \n\n그리하여 저는 모두 다 함께 저녁을 먹자고 초대한 뒤, 테이블에 앉아 서로가 협업을 하다보면 당연히 일적으로 불만이 생길 수 밖에 없다는 것을 말했습니다. 또한, 우리 모두 학생이기에 누구나 실수를 할 수 있고, 다음에 실수를 하는 사람은 본인이 될수도 있다는 것을 강조했습니다. 그리고 우리가 조금씩 양보하여 서로가 서로를 이해한다면 더 좋은 결과물이 나올 것이라고 다독였습니다. 그리고 저희는 이를 기점으로 서로를 더 이해하기 시작했습니다."
    },
    "anno_text_data": {
        "data": [
            {
                "index": 0,
                "raw": "저는 연구실의 데모 팀의 리더였습니다. 저와 함께 일한 팀원들은 각자 맡은 개발 업무가 달랐습니다. 이 때문에 서로 업무를 진행하며 논쟁이 있었고, 이때 이를 해결하고 모두가 한 팀으로 있게 하는 것이 어려웠습니다. 하지만, 저희는 대화로서 이것들을 극복하고 데모를 완성했을 뿐만 아니라 그 이후로도 좋은 관계를 유지하고 있습니다. \n\n저희 연구실의 데모 컨셉은 IoT device에서 SDN을 활용하여 엣지 클러스터로 비디오를 전송한 뒤, 엣지 클러스터에서 비디오를 AI로 처리하여 결과물을 다시 디스플레이 서버로 전송하는 것이였습니다. 여럿이서 하나의 데모를 개발하다보니, 서로의 개발 방향이 어긋나거나 공동으로 작업중인 물리 머신을 누군가가 재부팅하는 등의 사소한 이슈들이 많이 있었습니다. 그리고 팀원들 또한 이런 일이 생길때면 서로가 감정을 소모하고, 관계가 나빠지는 것을 느낄 수 있었습니다. \n\n그리하여 저는 모두 다 함께 저녁을 먹자고 초대한 뒤, 테이블에 앉아 서로가 협업을 하다보면 당연히 일적으로 불만이 생길 수 밖에 없다는 것을 말했습니다. 또한, 우리 모두 학생이기에 누구나 실수를 할 수 있고, 다음에 실수를 하는 사람은 본인이 될수도 있다는 것을 강조했습니다. 그리고 우리가 조금씩 양보하여 서로가 서로를 이해한다면 더 좋은 결과물이 나올 것이라고 다독였습니다. 그리고 저희는 이를 기점으로 서로를 더 이해하기 시작했습니다.",
                "class": "탄탄한 의사소통 능력을 가진,다양성을 존중하는"
            }
        ]
    }
}