{
    "meta": {
        "text_raw": "\"소통과 분석\"\n\n기업금융의 목표는 '고객의 니즈를 파악하고, 솔루션을 제시하는 것'입니다.\n\n위의 목표를 달성하기 위한 기업금융 행원의 첫 번째 핵심역량은 '고객 맞춤형 응대 및 소통 역량'입니다.\n기업금융의 고객은 기업, 기관, 영세 자영업자 등 다양하게 구분되며, 고객별로 금융에 대한 이해도 및 전문 지식에 차이가 존재합니다. 따라서 획일화된 고객 응대보다는, 각 고객에게 최적화된 커뮤니케이션을 통한 맞춤형 서비스를 제공해야 합니다.\n\n두 번째 핵심역량은 '고객 기업에 대한 정보 수집 및 철저한 분석력'입니다.\n기업금융 담당자는 재무제표와 같은 정량적 정보 이외에도 현장 방문, 경영진 인터뷰 등의 다양한 방법으로 고객 기업의 도덕성, 경험, 해당 산업의 성장 가능성 등의 정성적 정보를 수집합니다. 이후 위와 같은 비재무적 정보와 재무적 정보를 통합적으로 고려해 고객사를 분석 및 평가할 수 있어야 합니다."
    },
    "anno_text_data": {
        "data": [
            {
                "index": 0,
                "raw": "\"소통과 분석\"\n\n기업금융의 목표는 '고객의 니즈를 파악하고, 솔루션을 제시하는 것'입니다.\n\n위의 목표를 달성하기 위한 기업금융 행원의 첫 번째 핵심역량은 '고객 맞춤형 응대 및 소통 역량'입니다.\n기업금융의 고객은 기업, 기관, 영세 자영업자 등 다양하게 구분되며, 고객별로 금융에 대한 이해도 및 전문 지식에 차이가 존재합니다. 따라서 획일화된 고객 응대보다는, 각 고객에게 최적화된 커뮤니케이션을 통한 맞춤형 서비스를 제공해야 합니다.\n\n두 번째 핵심역량은 '고객 기업에 대한 정보 수집 및 철저한 분석력'입니다.\n기업금융 담당자는 재무제표와 같은 정량적 정보 이외에도 현장 방문, 경영진 인터뷰 등의 다양한 방법으로 고객 기업의 도덕성, 경험, 해당 산업의 성장 가능성 등의 정성적 정보를 수집합니다. 이후 위와 같은 비재무적 정보와 재무적 정보를 통합적으로 고려해 고객사를 분석 및 평가할 수 있어야 합니다.",
                "class": "데이터 기반의 의사결정을 하는,다양한 의견을 수렴하는,비즈니스 마인드를 갖춘"
            }
        ]
    }
}