{
    "meta": {
        "text_raw": "\"마케터와 디자이너의 경계\"\n\nOO기업에서 마케팅 인턴으로 근무할 당시, 신규고객 발굴을 위해 '2019 OOOOOO 지원 사업'에 가공기업으로 참여했습니다. 저는 해당 사업에서 '적어도 한 개 이상의 계약을 체결하겠다'는 목표가 있었습니다. 해당 사업에는 유수의 대형 IT 기업과 기관이 가공기업으로 참여했지만, 저희 회사는 인지도가 낮은 중소기업이었습니다. 그래서 저는 여러 잠재 고객사와 가공기업이 모이는 '사전 미팅' 행사를 대비해, 자사의 서비스 경쟁력을 드러낼 수 있는 '서비스 소개 팸플릿'과 '스탠딩 배너 제작'을 제안했습니다. 하지만 디자인 인력이 부족해 제가 디자인을 하거나 제작을 포기해야 하는 상황이었고, 디자인 경험이 없었던 저는 당황할 수밖에 없었습니다.\n\n포기하고 싶지 않았던 저는 '디자인 완성을 통한 팸플릿과 배너 제작'을 세부 목표로 설정했습니다. 우선, 비교적 단기간 내에 사용법을 습득할 수 있는 디자인 프로그램을 찾았습니다. 이후, 저녁 시간과 주말을 활용해 온라인 강의를 수강하며 디자인 프로그램 사용법을 습득했습니다. 여러 시행착오 끝에 디자인을 완성했으며 팸플릿과 배너를 제작할 수 있었습니다. 그 결과, 행사에서 수요기업들의 관심을 받는 데 성공했으며 한 기업과 7,500만 원 규모의 계약을 체결할 수 있었습니다. 이때의 경험을 통해 새로운 분야더라도 할 수 있다는 자신감, 그리고 포기하지 않는 집념을 바탕으로 노력하는 태도가 중요하다는 점을 깨달았습니다.\n\n입사 후에도 책임감을 바탕으로 끝까지 도전해 목표를 달성함으로써 현대 렌탈케어의 매출 확대에 기여하겠습니다."
    },
    "anno_text_data": {
        "data": [
            {
                "index": 0,
                "raw": "\"마케터와 디자이너의 경계\"\n\nOO기업에서 마케팅 인턴으로 근무할 당시, 신규고객 발굴을 위해 '2019 OOOOOO 지원 사업'에 가공기업으로 참여했습니다. 저는 해당 사업에서 '적어도 한 개 이상의 계약을 체결하겠다'는 목표가 있었습니다. 해당 사업에는 유수의 대형 IT 기업과 기관이 가공기업으로 참여했지만, 저희 회사는 인지도가 낮은 중소기업이었습니다. 그래서 저는 여러 잠재 고객사와 가공기업이 모이는 '사전 미팅' 행사를 대비해, 자사의 서비스 경쟁력을 드러낼 수 있는 '서비스 소개 팸플릿'과 '스탠딩 배너 제작'을 제안했습니다. 하지만 디자인 인력이 부족해 제가 디자인을 하거나 제작을 포기해야 하는 상황이었고, 디자인 경험이 없었던 저는 당황할 수밖에 없었습니다.\n\n포기하고 싶지 않았던 저는 '디자인 완성을 통한 팸플릿과 배너 제작'을 세부 목표로 설정했습니다. 우선, 비교적 단기간 내에 사용법을 습득할 수 있는 디자인 프로그램을 찾았습니다. 이후, 저녁 시간과 주말을 활용해 온라인 강의를 수강하며 디자인 프로그램 사용법을 습득했습니다. 여러 시행착오 끝에 디자인을 완성했으며 팸플릿과 배너를 제작할 수 있었습니다. 그 결과, 행사에서 수요기업들의 관심을 받는 데 성공했으며 한 기업과 7,500만 원 규모의 계약을 체결할 수 있었습니다. 이때의 경험을 통해 새로운 분야더라도 할 수 있다는 자신감, 그리고 포기하지 않는 집념을 바탕으로 노력하는 태도가 중요하다는 점을 깨달았습니다.\n\n입사 후에도 책임감을 바탕으로 끝까지 도전해 목표를 달성함으로써 현대 렌탈케어의 매출 확대에 기여하겠습니다.",
                "class": "고도의 책임감을 가진,적극적인,목표를 달성하는 능력을 갖춘"
            }
        ]
    }
}