{
    "meta": {
        "text_raw": "\"적극적인 제안으로 바뀐 규칙\"\n\n그래서 학생자치회의에서 선도활동에 할당된 점심시간이 적어 밥을 먹지 않는 간부들이 생기는 상황을 알리고, 최소 20분간의 점심시간을 확보해야 한다고 제안했습니다. 그리고 개인 사정으로 인해 늦을 수밖에 없는 간부들이 있으므로 지각했다고 벌점을 매기는 규칙은 폐지하고 사정이 있을 시 미리 학생회에 말하고 일정을 변경하는 방식을 제시했습니다. 그 결과 제안이 채택되었고 모든 간부가 만족하는 상황을 만들었습니다. 이를 통해 규칙은 중요한 역할을 하지만 상황에 맞게 변화해 나가야한다는 것을 깨달았습니다. 늘 불필요한 관습이나 규정이 없는지 꼼꼼히 살펴보며 업무에 임하는 사원이 되겠습니다.\n"
    },
    "anno_text_data": {
        "data": [
            {
                "index": 0,
                "raw": "\"적극적인 제안으로 바뀐 규칙\"\n\n그래서 학생자치회의에서 선도활동에 할당된 점심시간이 적어 밥을 먹지 않는 간부들이 생기는 상황을 알리고, 최소 20분간의 점심시간을 확보해야 한다고 제안했습니다. 그리고 개인 사정으로 인해 늦을 수밖에 없는 간부들이 있으므로 지각했다고 벌점을 매기는 규칙은 폐지하고 사정이 있을 시 미리 학생회에 말하고 일정을 변경하는 방식을 제시했습니다. 그 결과 제안이 채택되었고 모든 간부가 만족하는 상황을 만들었습니다. 이를 통해 규칙은 중요한 역할을 하지만 상황에 맞게 변화해 나가야한다는 것을 깨달았습니다. 늘 불필요한 관습이나 규정이 없는지 꼼꼼히 살펴보며 업무에 임하는 사원이 되겠습니다.",
                "class": "유연한 사고를 가진,적극적인"
            }
        ]
    }
}