{
    "meta": {
        "text_raw": "\"보험의 디지털화, 그리고 디지털 소외계층\"\n\n최근 중개 플랫폼의 테크핀 업체들이 비대면 보험시장을 장악하기 시작했습니다. 현재 테크핀 업체들의 앱은 단순 비교 분석 서비스를 위주로 운영되고 있지만, 향후 보험 상품을 중개하며 GA의 역할을 대체할 수 있습니다. 실질적인 보험 판매가 불가능하더라도 여러 보험 상품 중 개인에게 적합한 상품을 추천 및 연결해주는 역할을 수행할 수 있기 때문입니다.\n\n테크핀 업체에 대응하기 위해 기존의 전통 보험사는 빅테크 업체와의 제휴를 통해 고객 접근성을 높이고 있습니다. IT 기술의 발전으로 인해 비대면 채널을 통한 효율적인 고객 확보가 가능해진 것입니다. 삼성생명 역시 인슈어테크 스타트업 투자를 위한 전략펀드를 설립하고 미래 성장동력을 확보하기 위해 노력하고 있습니다.\n\n영업 관리자는 위와 같은 산업의 변화 속에서 새로운 영업전략을 수립해야 합니다. 제가 중요하다고 느낀 점은 디지털 소외계층을 위한 '비대면 금융포용'이 필요하다는 점입니다. 현재 보험에 가입한 대부분의 고객이 중장년층임에도 불구하고 인슈어테크의 발전은 젊은 세대의 편의에만 치우친 경향이 있습니다. 이 때문에 보험사 앱의 사용률이 저조한 것입니다. 그 예로, 금융 앱을 통해 간편한 보험금 청구가 가능해졌음에도 불구하고, 60대이신 저희 어머니는 최근까지도 직접 지점을 방문하거나 컨설턴트와 대면해서 보험금을 청구하셨습니다. 앱을 활용한 보험금 청구가 더 어렵게 느껴지셨기 때문입니다. 이러한 현상을 방지하기 위해, 급격한 기술의 발전은 기존 고객이 해당 기술을 활용할 수 있도록 교육하는 것과 동반되어야 합니다.\n\n이런 역할을 영업 지점이 분담해야 합니다. 고객과 대면해서 영업활동을 수행하는 컨설턴트가 가장 효율적으로 신기술에 대한 사용법과 정보를 전달할 수 있을 것입니다. 제가 영업 관리자가 된다면, 명확한 교육 매뉴얼을 수립하고 고객과 컨설턴트가 건설적인 교류를 할 수 있도록 지원함으로써 고객의 만족도를 높이겠습니다."
    },
    "anno_text_data": {
        "data": [
            {
                "index": 0,
                "raw": "\"보험의 디지털화, 그리고 디지털 소외계층\"\n\n최근 중개 플랫폼의 테크핀 업체들이 비대면 보험시장을 장악하기 시작했습니다. 현재 테크핀 업체들의 앱은 단순 비교 분석 서비스를 위주로 운영되고 있지만, 향후 보험 상품을 중개하며 GA의 역할을 대체할 수 있습니다. 실질적인 보험 판매가 불가능하더라도 여러 보험 상품 중 개인에게 적합한 상품을 추천 및 연결해주는 역할을 수행할 수 있기 때문입니다.\n\n테크핀 업체에 대응하기 위해 기존의 전통 보험사는 빅테크 업체와의 제휴를 통해 고객 접근성을 높이고 있습니다. IT 기술의 발전으로 인해 비대면 채널을 통한 효율적인 고객 확보가 가능해진 것입니다. 삼성생명 역시 인슈어테크 스타트업 투자를 위한 전략펀드를 설립하고 미래 성장동력을 확보하기 위해 노력하고 있습니다.\n\n영업 관리자는 위와 같은 산업의 변화 속에서 새로운 영업전략을 수립해야 합니다. 제가 중요하다고 느낀 점은 디지털 소외계층을 위한 '비대면 금융포용'이 필요하다는 점입니다. 현재 보험에 가입한 대부분의 고객이 중장년층임에도 불구하고 인슈어테크의 발전은 젊은 세대의 편의에만 치우친 경향이 있습니다. 이 때문에 보험사 앱의 사용률이 저조한 것입니다. 그 예로, 금융 앱을 통해 간편한 보험금 청구가 가능해졌음에도 불구하고, 60대이신 저희 어머니는 최근까지도 직접 지점을 방문하거나 컨설턴트와 대면해서 보험금을 청구하셨습니다. 앱을 활용한 보험금 청구가 더 어렵게 느껴지셨기 때문입니다. 이러한 현상을 방지하기 위해, 급격한 기술의 발전은 기존 고객이 해당 기술을 활용할 수 있도록 교육하는 것과 동반되어야 합니다.\n\n이런 역할을 영업 지점이 분담해야 합니다. 고객과 대면해서 영업활동을 수행하는 컨설턴트가 가장 효율적으로 신기술에 대한 사용법과 정보를 전달할 수 있을 것입니다. 제가 영업 관리자가 된다면, 명확한 교육 매뉴얼을 수립하고 고객과 컨설턴트가 건설적인 교류를 할 수 있도록 지원함으로써 고객의 만족도를 높이겠습니다.",
                "class": "유연한 사고를 가진,다양한 의견을 수렴하는,비즈니스 마인드를 갖춘"
            }
        ]
    }
}