{
    "meta": {
        "text_raw": "코로나 사태로 세계 경제 시장은 더욱 악화되고 있지만, 국내 생산거점을 기반으로 내실을 다진다면 MLCC 시장의 점유율을 크게 상승시킬 수 있을 것입니다.\n\nMLCC 업계 1위인 무라타의 후쿠이 공장은 MLCC 생산의 60%를 차지하고 있습니다. 하지만 코로나 바이러스로 인해 공장 가동이 임시 중단되어 제품 공급에 차질을 빚고 있습니다. 범국가적 바이러스 사태에 삼성전기는 내실을 단단히 다져 위기를 기회로 삼아야 합니다. 불행 중 다행으로, 삼성전기는 코로나19에 대처를 잘하고 있습니다. 국내의 4개 생산거점을 토대로 가동률을 꾸준히 유지하고 있으며, Al 기반의 품질검사 인프라를 구축하여 양질의 MLCC를 제조하고 있습니다. 또한, 전장용 MLCC 시장의 확대에 따라 부산 생산공장의 전장용 제품 공급량을 늘리고 있습니다.\n\n삼성전기는 현 사태와 시장 변화에 대응하기 위해, 연구 역량과 위기 극복 능력이 뛰어난 인재를 양성해야 합니다. 악화된 경제 시장 속에서도 인적 자원을 활용한 극복 사례가 많기 때문입니다.\n\n저는 석사과정 중 ‘세라믹 섬유용 전구체 합성’ 분야의 차별화된 연구 역량을 키우기 위해 문헌 학습과 분석 실험을 병행하며 내실을 다졌습니다. 더 나아가 ‘학술 논문 게재’ 목표를 세워 SCI급 해외 학술지에 주저자로 논문을 게재하는 성과를 이뤘습니다.\n또한, 기존의 공정 방식을 개선해 위기를 극복하여 ‘복합재료용 Si계 무기고분자 합성’ 과제를 성공적으로 마무리했습니다. 과제 목표는 물유리와 규산 화합물을 배합해 800도까지 버티는 내열성과 작업성을 확보하는 것이었습니다. 비표면적이 넓은 원료를 사용해 불균일한 혼합이 계속되었지만, 자력 및 기계식 교반기와 첨가제를 활용하여 분산성과 혼합성을 향상시킬 수 있었습니다.\n\n삼성전기는 스마트폰을 비롯한 주요 IT기기, 자동차 부품과 네트워크를 제조하는 고객사에 제품을 안정적으로 제공하고 있습니다. 이를 기회의 장으로 삼아 능력 있는 인재를 양성한다면, 위기를 현명하게 극복할 수 있을 것입니다."
    },
    "anno_text_data": {
        "data": [
            {
                "index": 0,
                "raw": "코로나 사태로 세계 경제 시장은 더욱 악화되고 있지만, 국내 생산거점을 기반으로 내실을 다진다면 MLCC 시장의 점유율을 크게 상승시킬 수 있을 것입니다.\n\nMLCC 업계 1위인 무라타의 후쿠이 공장은 MLCC 생산의 60%를 차지하고 있습니다. 하지만 코로나 바이러스로 인해 공장 가동이 임시 중단되어 제품 공급에 차질을 빚고 있습니다. 범국가적 바이러스 사태에 삼성전기는 내실을 단단히 다져 위기를 기회로 삼아야 합니다. 불행 중 다행으로, 삼성전기는 코로나19에 대처를 잘하고 있습니다. 국내의 4개 생산거점을 토대로 가동률을 꾸준히 유지하고 있으며, Al 기반의 품질검사 인프라를 구축하여 양질의 MLCC를 제조하고 있습니다. 또한, 전장용 MLCC 시장의 확대에 따라 부산 생산공장의 전장용 제품 공급량을 늘리고 있습니다.\n\n삼성전기는 현 사태와 시장 변화에 대응하기 위해, 연구 역량과 위기 극복 능력이 뛰어난 인재를 양성해야 합니다. 악화된 경제 시장 속에서도 인적 자원을 활용한 극복 사례가 많기 때문입니다.",
                "class": "비즈니스 마인드를 갖춘"
            },
            {
                "index": 1,
                "raw": "저는 석사과정 중 ‘세라믹 섬유용 전구체 합성’ 분야의 차별화된 연구 역량을 키우기 위해 문헌 학습과 분석 실험을 병행하며 내실을 다졌습니다. 더 나아가 ‘학술 논문 게재’ 목표를 세워 SCI급 해외 학술지에 주저자로 논문을 게재하는 성과를 이뤘습니다.\n또한, 기존의 공정 방식을 개선해 위기를 극복하여 ‘복합재료용 Si계 무기고분자 합성’ 과제를 성공적으로 마무리했습니다. 과제 목표는 물유리와 규산 화합물을 배합해 800도까지 버티는 내열성과 작업성을 확보하는 것이었습니다. 비표면적이 넓은 원료를 사용해 불균일한 혼합이 계속되었지만, 자력 및 기계식 교반기와 첨가제를 활용하여 분산성과 혼합성을 향상시킬 수 있었습니다.",
                "class": "목표를 달성하는 능력을 갖춘"
            },
            {
                "index": 2,
                "raw": "삼성전기는 스마트폰을 비롯한 주요 IT기기, 자동차 부품과 네트워크를 제조하는 고객사에 제품을 안정적으로 제공하고 있습니다. 이를 기회의 장으로 삼아 능력 있는 인재를 양성한다면, 위기를 현명하게 극복할 수 있을 것입니다.",
                "class": "비즈니스 마인드를 갖춘"
            }
        ]
    }
}