{
    "meta": {
        "text_raw": "\"끊임없는 성장을 위해 노력하는 CJ제일제당의 엔지니어가 되겠습니다.\"\n\n생산기술 직무의 궁극적 목적은 같은 원재료를 가지고 좋은 품질과 더불어 최대한 생산 원가를 낮추는 것입니다. 그러기 위해서는 상사와 수시로 소통해야 하는데, 의사소통 능력을 통해 협업을 수행하고 구체적 계획에 따라 제품을 생산해낼 때 지불해야 할 공정의 원가를 낮추겠습니다. 그리고 국내외 경쟁사와 우리 회사와의 공장을 비교 분석하여 왜 우리 회사의 어떤 제품의 공정은 비효율적이고, 수익이 나지 않고, 품질이 상대적으로 떨어지는지 파악하여 보완하겠습니다. 또한, 전공지식을 기반으로 입사 후 사내교육 뿐만 아니라 최신 논문 공부를 통해 생산기술 직무에 필요한 전문성을 확보하겠습니다.\n\nCJ제일제당은 최근 한국 문화의 세계화 트렌드에 발맞춰 한국 음식의 세계화와 현지화를 통해 미국, 중국, 베트남 등 해외 식품시장 진출을 확대해 나가고 있음을 발견했습니다. 새롭게 변화되는 트렌드 가운데 두려워하면 기업의 위상은 떨어지게 되기 때문에, 생산기술과 관련된 전문적인 공부와 더불어 최신기술 트렌드의 동향 분석을 통해 회사의 글로벌 진출에 힘쓰겠습니다. 또한, 생산기술 직무는 다른 부서와의 소통을 요구합니다. 소통 가운데 문제가 발생한다면, 결과적으로 우리 부서에 피해가 가기 때문에 책임감을 느끼고 맡은 업무를 성실히 그리고 정직하게 수행하겠습니다. 마지막으로 직무 외에 다양한 분야의 독서를 통해 창의력과 사고력을 키우겠습니다. 이를 통하여 깊이 고민하고, 창의적인 방법으로 불합리한 영역을 찾아 합리적인 영역으로 바꿔 생산기술을 개선하겠습니다."
    },
    "anno_text_data": {
        "data": [
            {
                "index": 0,
                "raw": "\"끊임없는 성장을 위해 노력하는 CJ제일제당의 엔지니어가 되겠습니다.\"\n\n생산기술 직무의 궁극적 목적은 같은 원재료를 가지고 좋은 품질과 더불어 최대한 생산 원가를 낮추는 것입니다. 그러기 위해서는 상사와 수시로 소통해야 하는데, 의사소통 능력을 통해 협업을 수행하고 구체적 계획에 따라 제품을 생산해낼 때 지불해야 할 공정의 원가를 낮추겠습니다. 그리고 국내외 경쟁사와 우리 회사와의 공장을 비교 분석하여 왜 우리 회사의 어떤 제품의 공정은 비효율적이고, 수익이 나지 않고, 품질이 상대적으로 떨어지는지 파악하여 보완하겠습니다. 또한, 전공지식을 기반으로 입사 후 사내교육 뿐만 아니라 최신 논문 공부를 통해 생산기술 직무에 필요한 전문성을 확보하겠습니다.",
                "class": "데이터 기반의 의사결정을 하는,다양한 의견을 수렴하는,고도의 자기주도성을 가진"
            },
            {
                "index": 1,
                "raw": "CJ제일제당은 최근 한국 문화의 세계화 트렌드에 발맞춰 한국 음식의 세계화와 현지화를 통해 미국, 중국, 베트남 등 해외 식품시장 진출을 확대해 나가고 있음을 발견했습니다. 새롭게 변화되는 트렌드 가운데 두려워하면 기업의 위상은 떨어지게 되기 때문에, 생산기술과 관련된 전문적인 공부와 더불어 최신기술 트렌드의 동향 분석을 통해 회사의 글로벌 진출에 힘쓰겠습니다.",
                "class": "적응력이 높은,비즈니스 마인드를 갖춘"
            },
            {
                "index": 2,
                "raw": "또한, 생산기술 직무는 다른 부서와의 소통을 요구합니다. 소통 가운데 문제가 발생한다면, 결과적으로 우리 부서에 피해가 가기 때문에 책임감을 느끼고 맡은 업무를 성실히 그리고 정직하게 수행하겠습니다.",
                "class": "고도의 책임감을 가진"
            },
            {
                "index": 3,
                "raw": "마지막으로 직무 외에 다양한 분야의 독서를 통해 창의력과 사고력을 키우겠습니다. 이를 통하여 깊이 고민하고, 창의적인 방법으로 불합리한 영역을 찾아 합리적인 영역으로 바꿔 생산기술을 개선하겠습니다.",
                "class": "유연한 사고를 가진,지속적인 성장을 추구하는"
            }
        ]
    }
}