{
    "meta": {
        "text_raw": "OOO입사 전까지는 영업팀, 자재팀, 연구개발팀, 생산팀, 인사/지원팀으로 구성이 일반적인 조직으로 알고 있었습니다. 떄문에 입사 초 법인을 특히 업무 부분의 이해에 오랜 시간이 걸렸습니다.\n하지만 이렇게 업무가 분업이 된 이유에는 OOOOOO의 영향이 크다는 것을 알게 되었습니다. OOO OOOO를 통한 자동화 설비로 생산현장에는 기술 엔지니어가 주로 현장근무를 할 뿐 (검사 공정 제외) 생산 인력은 거의 없기 때문입니다. \n\n또, 첫 직장에서 OOO설비 담당 업무를 한 경험에 비추었을 때 기술 직무는 일정한 수준 이상의 균일한 품질의 제품의 원활한 생산이라는 목표를 가져야 한다고 자연스럽게 학습하였습니다. 이 궁극적인 목표를 위해서 최적의 설비를 선정하고 그 설비의 상태를 유지 및 보수 할 수 있도록 발생하였던 문제들의 원인관계를 제대로 파악하여 재발생률을 0%에 가깝도록 하며 더 나아가 앞으로 발생 가능한 문제에 대비할 수 있는 역량을 가질 수 있도록 해야 한다 생각합니다. 특히나 각종 오차는 설비 셋업 오차인지 라인을 흘릴 때 사용하는 로봇의 오차인지 아니면 기타 오차인지에 대하여 분류를 하여 원인에 맞는 가장 적합한 조치를 하며 업무를 진행해야 합니다. "
    },
    "anno_text_data": {
        "data": [
            {
                "index": 0,
                "raw": "OOO입사 전까지는 영업팀, 자재팀, 연구개발팀, 생산팀, 인사/지원팀으로 구성이 일반적인 조직으로 알고 있었습니다. 떄문에 입사 초 법인을 특히 업무 부분의 이해에 오랜 시간이 걸렸습니다.\n하지만 이렇게 업무가 분업이 된 이유에는 OOOOOO의 영향이 크다는 것을 알게 되었습니다. OOO OOOO를 통한 자동화 설비로 생산현장에는 기술 엔지니어가 주로 현장근무를 할 뿐 (검사 공정 제외) 생산 인력은 거의 없기 때문입니다. \n\n또, 첫 직장에서 OOO설비 담당 업무를 한 경험에 비추었을 때 기술 직무는 일정한 수준 이상의 균일한 품질의 제품의 원활한 생산이라는 목표를 가져야 한다고 자연스럽게 학습하였습니다. 이 궁극적인 목표를 위해서 최적의 설비를 선정하고 그 설비의 상태를 유지 및 보수 할 수 있도록 발생하였던 문제들의 원인관계를 제대로 파악하여 재발생률을 0%에 가깝도록 하며 더 나아가 앞으로 발생 가능한 문제에 대비할 수 있는 역량을 가질 수 있도록 해야 한다 생각합니다. 특히나 각종 오차는 설비 셋업 오차인지 라인을 흘릴 때 사용하는 로봇의 오차인지 아니면 기타 오차인지에 대하여 분류를 하여 원인에 맞는 가장 적합한 조치를 하며 업무를 진행해야 합니다. ",
                "class": "적극적인"
            }
        ]
    }
}