{
    "meta": {
        "text_raw": "\"미흡함을 개선한 후 얻은 팀의 성과\"\n\n○○공사에서 주최한 UCC 공모전에서 수상을 목표로 참가한 경험이 있습니다. 공모전 심사는 1차와 2차 순서로 진행했고, 내\n부심사평가인 1차 심사에서 127개의 작품 중 12개의 작품 안에 선정되었습니다. 그 이후 2차 평가는 온라인 플랫폼을 통해 7일\n간 조회수와 공유수를 집계하여 심사를 진행했습니다. 하지만 이틀간 성적을 보니 작품 중 순위가 가장 저조하여 순위권에 들 수 없는 상황이었습니다. 이 문제를 해결하기 위해 팀원들과 홍보 전략을 수립하고자 의견을 나누었습니다. 먼저, 온라인으로 진행하는 심사인 만큼 사람들이 가장 많이 사용하는 앱을 선정해 홍보를 진행하기로 했습니다. 또한, SNS에 관심이 많은 젋은 연령대를 타겟으로 영상을 공유하면 추첨을 통해 상품을 지급하는 이벤트를 개최했습니다. 그 결과 사람들의 많은 관심을 유도했고 장려상을 받았습니다. 이 경험을 통해 문제점에 대한 정확한 분석과 전략적 해결방안 모색은 좋은 성과를 내는 출발점이라는 것을 느꼈습니다. 입사 후에도 팀원들과 문제상황에서 다양한 방법을 활용해 좋은 결과를 만들기 위해 노력하겠습니다."
    },
    "anno_text_data": {
        "data": [
            {
                "index": 0,
                "raw": "\"미흡함을 개선한 후 얻은 팀의 성과\"\n\n○○공사에서 주최한 UCC 공모전에서 수상을 목표로 참가한 경험이 있습니다. 공모전 심사는 1차와 2차 순서로 진행했고, 내\n부심사평가인 1차 심사에서 127개의 작품 중 12개의 작품 안에 선정되었습니다. 그 이후 2차 평가는 온라인 플랫폼을 통해 7일\n간 조회수와 공유수를 집계하여 심사를 진행했습니다. 하지만 이틀간 성적을 보니 작품 중 순위가 가장 저조하여 순위권에 들 수 없는 상황이었습니다. 이 문제를 해결하기 위해 팀원들과 홍보 전략을 수립하고자 의견을 나누었습니다. 먼저, 온라인으로 진행하는 심사인 만큼 사람들이 가장 많이 사용하는 앱을 선정해 홍보를 진행하기로 했습니다. 또한, SNS에 관심이 많은 젋은 연령대를 타겟으로 영상을 공유하면 추첨을 통해 상품을 지급하는 이벤트를 개최했습니다. 그 결과 사람들의 많은 관심을 유도했고 장려상을 받았습니다. 이 경험을 통해 문제점에 대한 정확한 분석과 전략적 해결방안 모색은 좋은 성과를 내는 출발점이라는 것을 느꼈습니다. 입사 후에도 팀원들과 문제상황에서 다양한 방법을 활용해 좋은 결과를 만들기 위해 노력하겠습니다.",
                "class": "창의력을 가진,유연한 사고를 가진,적극적인,목표를 달성하는 능력을 갖춘"
            }
        ]
    }
}