{
    "meta": {
        "text_raw": "\"촛불같은 사람\"\n\n남을 돕는 이타심이 제 성격과 가치관을 대표한다고 생각합니다. 요양보호사와 아이돌보미 업에 종사하시며 “타인의 입장을 먼저 생각하라“ 고 말씀하신 어머니의 가르침이 바탕이 되었습니다. 고등학교 때에는 친구들로부터 “자기 공부보다 남 가르쳐 주는 걸 더 열심히한다” 라는 평을 들었고, 별명 또한 'OOO' 이었습니다. 대학 입학 후에도 교육봉사동아리, 공부방 활동, 멘토링 등 다양한 재능기부 활동을 해왔습니다. 이처럼 저는 타인에게 도움을 주고 어려움을 해결해 줄 때 가장 행복했습니 다. 그리고 이러한 이타심을 발휘하는 것은, 조직의 팀워크와 성과를 제고하는 데 필수적이라고 생각합니다. \n\n인사 직무의 고객은 내부 구성원들이기 때문에, 그들의 목소리에 귀 기울이고, 어려움을 돕고자 하는 마음은 인사담당자로서 갖추어야 할 기본 소양일 것입니다. 쌍용자동차에 입사한 후에도, 생산직분들부터 연구원·마케터 등 S·T·A·R 모든 직군에 계 신 동료 임직원분들의 이야기를 경청하고, 요구와 수요를 파악할 일이 많을 것으로 생각합니다. 항상 상대방의 입장을 먼저 생각하는 이타심과 역지사지의 자세로 일하며, 쌍용자동차 내부 구성원들이 원하는 최고의 HR가치를 창출할 수 있는 'DEDICATOR'와 같은 신입사원이 되겠습니다."
    },
    "anno_text_data": {
        "data": [
            {
                "index": 0,
                "raw": "\"촛불같은 사람\"\n\n남을 돕는 이타심이 제 성격과 가치관을 대표한다고 생각합니다. 요양보호사와 아이돌보미 업에 종사하시며 “타인의 입장을 먼저 생각하라“ 고 말씀하신 어머니의 가르침이 바탕이 되었습니다. 고등학교 때에는 친구들로부터 “자기 공부보다 남 가르쳐 주는 걸 더 열심히한다” 라는 평을 들었고, 별명 또한 'OOO' 이었습니다. 대학 입학 후에도 교육봉사동아리, 공부방 활동, 멘토링 등 다양한 재능기부 활동을 해왔습니다. 이처럼 저는 타인에게 도움을 주고 어려움을 해결해 줄 때 가장 행복했습니 다. 그리고 이러한 이타심을 발휘하는 것은, 조직의 팀워크와 성과를 제고하는 데 필수적이라고 생각합니다. \n\n인사 직무의 고객은 내부 구성원들이기 때문에, 그들의 목소리에 귀 기울이고, 어려움을 돕고자 하는 마음은 인사담당자로서 갖추어야 할 기본 소양일 것입니다. 쌍용자동차에 입사한 후에도, 생산직분들부터 연구원·마케터 등 S·T·A·R 모든 직군에 계 신 동료 임직원분들의 이야기를 경청하고, 요구와 수요를 파악할 일이 많을 것으로 생각합니다. 항상 상대방의 입장을 먼저 생각하는 이타심과 역지사지의 자세로 일하며, 쌍용자동차 내부 구성원들이 원하는 최고의 HR가치를 창출할 수 있는 'DEDICATOR'와 같은 신입사원이 되겠습니다.",
                "class": "다양한 의견을 수렴하는,선한 영향력을 행사하는,탄탄한 의사소통 능력을 가진"
            }
        ]
    }
}